ISO-10303-21;
HEADER;
FILE_DESCRIPTION(('Open CASCADE Model'),'2;1');
FILE_NAME('Open CASCADE Shape Model','2026-08-13T09:18:30',('Author'),(
    'Open CASCADE'),'Open CASCADE STEP processor 7.9','Open CASCADE 7.9'
  ,'Unknown');
FILE_SCHEMA(('AUTOMOTIVE_DESIGN { 1 0 10303 214 1 1 1 1 }'));
ENDSEC;
DATA;
#1 = APPLICATION_PROTOCOL_DEFINITION('international standard',
  'automotive_design',2000,#2);
#2 = APPLICATION_CONTEXT(
  'core data for automotive mechanical design processes');
#3 = SHAPE_DEFINITION_REPRESENTATION(#4,#10);
#4 = PRODUCT_DEFINITION_SHAPE('','',#5);
#5 = PRODUCT_DEFINITION('design','',#6,#9);
#6 = PRODUCT_DEFINITION_FORMATION('','',#7);
#7 = PRODUCT('Open CASCADE STEP translator 7.9 1',
  'Open CASCADE STEP translator 7.9 1','',(#8));
#8 = PRODUCT_CONTEXT('',#2,'mechanical');
#9 = PRODUCT_DEFINITION_CONTEXT('part definition',#2,'design');
#10 = ADVANCED_BREP_SHAPE_REPRESENTATION('',(#11,#15),#12917);
#11 = AXIS2_PLACEMENT_3D('',#12,#13,#14);
#12 = CARTESIAN_POINT('',(0.,0.,0.));
#13 = DIRECTION('',(0.,0.,1.));
#14 = DIRECTION('',(1.,0.,-0.));
#15 = MANIFOLD_SOLID_BREP('',#16);
#16 = CLOSED_SHELL('',(#17,#138,#254,#374,#491,#602,#4880,#4956,#5032,
    #8706,#8753,#8800,#8847,#8894,#8941,#8988,#9035,#9082,#9129,#9176,
    #9223,#9270,#9317,#9364,#9411,#9458,#9505,#9552,#9599,#9646,#9693,
    #9740,#9787,#9834,#9881,#9928,#9975,#10022,#10069,#10116,#10163,
    #10210,#10257,#10304,#10351,#10398,#10445,#10492,#10539,#10586,
    #10633,#10680,#10727,#10774,#10821,#10868,#10915,#10962,#11015,
    #11045,#11052,#11084,#11118,#11146,#11176,#11208,#11217,#11244,
    #11251,#11278,#11285,#11312,#11319,#11346,#11353,#11380,#11387,
    #11414,#11421,#11448,#11455,#11482,#11489,#11516,#11523,#11550,
    #11557,#11584,#11591,#11618,#11625,#11652,#11659,#11686,#11693,
    #11720,#11727,#11754,#11761,#11788,#11795,#11822,#11829,#11856,
    #11863,#11890,#11897,#11924,#11931,#11958,#11965,#11992,#11999,
    #12026,#12033,#12060,#12067,#12094,#12101,#12128,#12135,#12162,
    #12169,#12196,#12203,#12230,#12237,#12264,#12271,#12298,#12305,
    #12332,#12339,#12366,#12373,#12400,#12407,#12434,#12441,#12468,
    #12475,#12502,#12509,#12536,#12543,#12570,#12577,#12604,#12611,
    #12638,#12645,#12672,#12679,#12706,#12713,#12740,#12747,#12774,
    #12781,#12808,#12815,#12842,#12849,#12876,#12883,#12910));
#17 = ADVANCED_FACE('',(#18),#33,.T.);
#18 = FACE_BOUND('',#19,.T.);
#19 = EDGE_LOOP('',(#20,#60,#88,#117));
#20 = ORIENTED_EDGE('',*,*,#21,.T.);
#21 = EDGE_CURVE('',#22,#24,#26,.T.);
#22 = VERTEX_POINT('',#23);
#23 = CARTESIAN_POINT('',(-4.,-5.,2.));
#24 = VERTEX_POINT('',#25);
#25 = CARTESIAN_POINT('',(4.,-5.,2.));
#26 = SURFACE_CURVE('',#27,(#32,#44),.PCURVE_S1.);
#27 = CIRCLE('',#28,4.);
#28 = AXIS2_PLACEMENT_3D('',#29,#30,#31);
#29 = CARTESIAN_POINT('',(3.673940397442E-16,-5.,2.));
#30 = DIRECTION('',(-1.224646799147E-16,1.110223024625E-16,1.));
#31 = DIRECTION('',(-1.,-1.359631073447E-32,-1.224646799147E-16));
#32 = PCURVE('',#33,#38);
#33 = CYLINDRICAL_SURFACE('',#34,4.);
#34 = AXIS2_PLACEMENT_3D('',#35,#36,#37);
#35 = CARTESIAN_POINT('',(0.,-5.,5.));
#36 = DIRECTION('',(-1.224646799147E-16,1.110223024625E-16,1.));
#37 = DIRECTION('',(-1.,-1.359631073447E-32,-1.224646799147E-16));
#38 = DEFINITIONAL_REPRESENTATION('',(#39),#43);
#39 = LINE('',#40,#41);
#40 = CARTESIAN_POINT('',(0.,-3.));
#41 = VECTOR('',#42,1.);
#42 = DIRECTION('',(1.,0.));
#43 = ( GEOMETRIC_REPRESENTATION_CONTEXT(2) 
PARAMETRIC_REPRESENTATION_CONTEXT() REPRESENTATION_CONTEXT('2D SPACE',''
  ) );
#44 = PCURVE('',#45,#50);
#45 = PLANE('',#46);
#46 = AXIS2_PLACEMENT_3D('',#47,#48,#49);
#47 = CARTESIAN_POINT('',(-5.399135217583E-32,-5.,2.));
#48 = DIRECTION('',(1.224646799147E-16,-1.110223024625E-16,-1.));
#49 = DIRECTION('',(1.,1.359631073447E-32,1.224646799147E-16));
#50 = DEFINITIONAL_REPRESENTATION('',(#51),#59);
#51 = ( BOUNDED_CURVE() B_SPLINE_CURVE(2,(#52,#53,#54,#55,#56,#57,#58),
.UNSPECIFIED.,.T.,.F.) B_SPLINE_CURVE_WITH_KNOTS((1,2,2,2,2,1),(
    -2.094395102393,0.,2.094395102393,4.188790204786,6.28318530718,
8.377580409573),.UNSPECIFIED.) CURVE() GEOMETRIC_REPRESENTATION_ITEM() 
RATIONAL_B_SPLINE_CURVE((1.,0.5,1.,0.5,1.,0.5,1.)) REPRESENTATION_ITEM(
  '') );
#52 = CARTESIAN_POINT('',(-4.,0.));
#53 = CARTESIAN_POINT('',(-4.,6.928203230276));
#54 = CARTESIAN_POINT('',(2.,3.464101615138));
#55 = CARTESIAN_POINT('',(8.,9.797174393179E-16));
#56 = CARTESIAN_POINT('',(2.,-3.464101615138));
#57 = CARTESIAN_POINT('',(-4.,-6.928203230276));
#58 = CARTESIAN_POINT('',(-4.,0.));
#59 = ( GEOMETRIC_REPRESENTATION_CONTEXT(2) 
PARAMETRIC_REPRESENTATION_CONTEXT() REPRESENTATION_CONTEXT('2D SPACE',''
  ) );
#60 = ORIENTED_EDGE('',*,*,#61,.T.);
#61 = EDGE_CURVE('',#24,#62,#64,.T.);
#62 = VERTEX_POINT('',#63);
#63 = CARTESIAN_POINT('',(4.,-5.,5.));
#64 = SURFACE_CURVE('',#65,(#69,#76),.PCURVE_S1.);
#65 = LINE('',#66,#67);
#66 = CARTESIAN_POINT('',(4.,-5.,5.));
#67 = VECTOR('',#68,1.);
#68 = DIRECTION('',(-1.224646799147E-16,1.110223024625E-16,1.));
#69 = PCURVE('',#33,#70);
#70 = DEFINITIONAL_REPRESENTATION('',(#71),#75);
#71 = LINE('',#72,#73);
#72 = CARTESIAN_POINT('',(3.14159265359,0.));
#73 = VECTOR('',#74,1.);
#74 = DIRECTION('',(0.,1.));
#75 = ( GEOMETRIC_REPRESENTATION_CONTEXT(2) 
PARAMETRIC_REPRESENTATION_CONTEXT() REPRESENTATION_CONTEXT('2D SPACE',''
  ) );
#76 = PCURVE('',#77,#82);
#77 = CYLINDRICAL_SURFACE('',#78,4.);
#78 = AXIS2_PLACEMENT_3D('',#79,#80,#81);
#79 = CARTESIAN_POINT('',(0.,-5.,5.));
#80 = DIRECTION('',(-1.224646799147E-16,1.110223024625E-16,1.));
#81 = DIRECTION('',(-1.,-1.359631073447E-32,-1.224646799147E-16));
#82 = DEFINITIONAL_REPRESENTATION('',(#83),#87);
#83 = LINE('',#84,#85);
#84 = CARTESIAN_POINT('',(3.14159265359,0.));
#85 = VECTOR('',#86,1.);
#86 = DIRECTION('',(0.,1.));
#87 = ( GEOMETRIC_REPRESENTATION_CONTEXT(2) 
PARAMETRIC_REPRESENTATION_CONTEXT() REPRESENTATION_CONTEXT('2D SPACE',''
  ) );
#88 = ORIENTED_EDGE('',*,*,#89,.F.);
#89 = EDGE_CURVE('',#90,#62,#92,.T.);
#90 = VERTEX_POINT('',#91);
#91 = CARTESIAN_POINT('',(-4.,-5.,5.));
#92 = SURFACE_CURVE('',#93,(#98,#105),.PCURVE_S1.);
#93 = CIRCLE('',#94,4.);
#94 = AXIS2_PLACEMENT_3D('',#95,#96,#97);
#95 = CARTESIAN_POINT('',(-2.358583941776E-47,-5.,5.));
#96 = DIRECTION('',(-1.224646799147E-16,1.110223024625E-16,1.));
#97 = DIRECTION('',(-1.,-1.359631073447E-32,-1.224646799147E-16));
#98 = PCURVE('',#33,#99);
#99 = DEFINITIONAL_REPRESENTATION('',(#100),#104);
#100 = LINE('',#101,#102);
#101 = CARTESIAN_POINT('',(0.,1.972152263053E-31));
#102 = VECTOR('',#103,1.);
#103 = DIRECTION('',(1.,0.));
#104 = ( GEOMETRIC_REPRESENTATION_CONTEXT(2) 
PARAMETRIC_REPRESENTATION_CONTEXT() REPRESENTATION_CONTEXT('2D SPACE',''
  ) );
#105 = PCURVE('',#106,#111);
#106 = PLANE('',#107);
#107 = AXIS2_PLACEMENT_3D('',#108,#109,#110);
#108 = CARTESIAN_POINT('',(-4.787604620447E-31,-5.,5.));
#109 = DIRECTION('',(-1.224646799147E-16,1.110223024625E-16,1.));
#110 = DIRECTION('',(-1.,-1.359631073447E-32,-1.224646799147E-16));
#111 = DEFINITIONAL_REPRESENTATION('',(#112),#116);
#112 = CIRCLE('',#113,4.);
#113 = AXIS2_PLACEMENT_2D('',#114,#115);
#114 = CARTESIAN_POINT('',(-4.787604620447E-31,0.));
#115 = DIRECTION('',(1.,0.));
#116 = ( GEOMETRIC_REPRESENTATION_CONTEXT(2) 
PARAMETRIC_REPRESENTATION_CONTEXT() REPRESENTATION_CONTEXT('2D SPACE',''
  ) );
#117 = ORIENTED_EDGE('',*,*,#118,.F.);
#118 = EDGE_CURVE('',#22,#90,#119,.T.);
#119 = SURFACE_CURVE('',#120,(#124,#131),.PCURVE_S1.);
#120 = LINE('',#121,#122);
#121 = CARTESIAN_POINT('',(-4.,-5.,5.));
#122 = VECTOR('',#123,1.);
#123 = DIRECTION('',(-1.224646799147E-16,1.110223024625E-16,1.));
#124 = PCURVE('',#33,#125);
#125 = DEFINITIONAL_REPRESENTATION('',(#126),#130);
#126 = LINE('',#127,#128);
#127 = CARTESIAN_POINT('',(0.,0.));
#128 = VECTOR('',#129,1.);
#129 = DIRECTION('',(0.,1.));
#130 = ( GEOMETRIC_REPRESENTATION_CONTEXT(2) 
PARAMETRIC_REPRESENTATION_CONTEXT() REPRESENTATION_CONTEXT('2D SPACE',''
  ) );
#131 = PCURVE('',#77,#132);
#132 = DEFINITIONAL_REPRESENTATION('',(#133),#137);
#133 = LINE('',#134,#135);
#134 = CARTESIAN_POINT('',(6.28318530718,0.));
#135 = VECTOR('',#136,1.);
#136 = DIRECTION('',(0.,1.));
#137 = ( GEOMETRIC_REPRESENTATION_CONTEXT(2) 
PARAMETRIC_REPRESENTATION_CONTEXT() REPRESENTATION_CONTEXT('2D SPACE',''
  ) );
#138 = ADVANCED_FACE('',(#139),#153,.F.);
#139 = FACE_BOUND('',#140,.F.);
#140 = EDGE_LOOP('',(#141,#176,#200,#223));
#141 = ORIENTED_EDGE('',*,*,#142,.T.);
#142 = EDGE_CURVE('',#143,#145,#147,.T.);
#143 = VERTEX_POINT('',#144);
#144 = CARTESIAN_POINT('',(-0.25,-5.,-5.));
#145 = VERTEX_POINT('',#146);
#146 = CARTESIAN_POINT('',(-2.929491924311,-5.,5.));
#147 = SURFACE_CURVE('',#148,(#152,#164),.PCURVE_S1.);
#148 = LINE('',#149,#150);
#149 = CARTESIAN_POINT('',(-2.929491924311,-5.,5.));
#150 = VECTOR('',#151,1.);
#151 = DIRECTION('',(-0.258819045103,1.072393092426E-16,0.965925826289)
  );
#152 = PCURVE('',#153,#158);
#153 = CONICAL_SURFACE('',#154,2.929491924311,0.261799387799);
#154 = AXIS2_PLACEMENT_3D('',#155,#156,#157);
#155 = CARTESIAN_POINT('',(4.644240825021E-32,-5.,5.));
#156 = DIRECTION('',(-1.224646799147E-16,1.110223024625E-16,1.));
#157 = DIRECTION('',(-1.,-1.359631073447E-32,-1.224646799147E-16));
#158 = DEFINITIONAL_REPRESENTATION('',(#159),#163);
#159 = LINE('',#160,#161);
#160 = CARTESIAN_POINT('',(6.28318530718,0.));
#161 = VECTOR('',#162,1.);
#162 = DIRECTION('',(0.,1.));
#163 = ( GEOMETRIC_REPRESENTATION_CONTEXT(2) 
PARAMETRIC_REPRESENTATION_CONTEXT() REPRESENTATION_CONTEXT('2D SPACE',''
  ) );
#164 = PCURVE('',#165,#170);
#165 = CONICAL_SURFACE('',#166,2.929491924311,0.261799387799);
#166 = AXIS2_PLACEMENT_3D('',#167,#168,#169);
#167 = CARTESIAN_POINT('',(4.644240825021E-32,-5.,5.));
#168 = DIRECTION('',(-1.224646799147E-16,1.110223024625E-16,1.));
#169 = DIRECTION('',(-1.,-1.359631073447E-32,-1.224646799147E-16));
#170 = DEFINITIONAL_REPRESENTATION('',(#171),#175);
#171 = LINE('',#172,#173);
#172 = CARTESIAN_POINT('',(0.,0.));
#173 = VECTOR('',#174,1.);
#174 = DIRECTION('',(0.,1.));
#175 = ( GEOMETRIC_REPRESENTATION_CONTEXT(2) 
PARAMETRIC_REPRESENTATION_CONTEXT() REPRESENTATION_CONTEXT('2D SPACE',''
  ) );
#176 = ORIENTED_EDGE('',*,*,#177,.F.);
#177 = EDGE_CURVE('',#178,#145,#180,.T.);
#178 = VERTEX_POINT('',#179);
#179 = CARTESIAN_POINT('',(2.929491924311,-5.,5.));
#180 = SURFACE_CURVE('',#181,(#186,#193),.PCURVE_S1.);
#181 = CIRCLE('',#182,2.929491924311);
#182 = AXIS2_PLACEMENT_3D('',#183,#184,#185);
#183 = CARTESIAN_POINT('',(4.644240825021E-32,-5.,5.));
#184 = DIRECTION('',(-1.224646799147E-16,1.110223024625E-16,1.));
#185 = DIRECTION('',(-1.,-1.359631073447E-32,-1.224646799147E-16));
#186 = PCURVE('',#153,#187);
#187 = DEFINITIONAL_REPRESENTATION('',(#188),#192);
#188 = LINE('',#189,#190);
#189 = CARTESIAN_POINT('',(0.,0.));
#190 = VECTOR('',#191,1.);
#191 = DIRECTION('',(1.,0.));
#192 = ( GEOMETRIC_REPRESENTATION_CONTEXT(2) 
PARAMETRIC_REPRESENTATION_CONTEXT() REPRESENTATION_CONTEXT('2D SPACE',''
  ) );
#193 = PCURVE('',#106,#194);
#194 = DEFINITIONAL_REPRESENTATION('',(#195),#199);
#195 = CIRCLE('',#196,2.929491924311);
#196 = AXIS2_PLACEMENT_2D('',#197,#198);
#197 = CARTESIAN_POINT('',(-5.25202870295E-31,0.));
#198 = DIRECTION('',(1.,0.));
#199 = ( GEOMETRIC_REPRESENTATION_CONTEXT(2) 
PARAMETRIC_REPRESENTATION_CONTEXT() REPRESENTATION_CONTEXT('2D SPACE',''
  ) );
#200 = ORIENTED_EDGE('',*,*,#201,.F.);
#201 = EDGE_CURVE('',#202,#178,#204,.T.);
#202 = VERTEX_POINT('',#203);
#203 = CARTESIAN_POINT('',(0.25,-5.,-5.));
#204 = SURFACE_CURVE('',#205,(#209,#216),.PCURVE_S1.);
#205 = LINE('',#206,#207);
#206 = CARTESIAN_POINT('',(2.929491924311,-5.,5.));
#207 = VECTOR('',#208,1.);
#208 = DIRECTION('',(0.258819045103,7.55431177283E-17,0.965925826289));
#209 = PCURVE('',#153,#210);
#210 = DEFINITIONAL_REPRESENTATION('',(#211),#215);
#211 = LINE('',#212,#213);
#212 = CARTESIAN_POINT('',(3.14159265359,0.));
#213 = VECTOR('',#214,1.);
#214 = DIRECTION('',(0.,1.));
#215 = ( GEOMETRIC_REPRESENTATION_CONTEXT(2) 
PARAMETRIC_REPRESENTATION_CONTEXT() REPRESENTATION_CONTEXT('2D SPACE',''
  ) );
#216 = PCURVE('',#165,#217);
#217 = DEFINITIONAL_REPRESENTATION('',(#218),#222);
#218 = LINE('',#219,#220);
#219 = CARTESIAN_POINT('',(3.14159265359,0.));
#220 = VECTOR('',#221,1.);
#221 = DIRECTION('',(0.,1.));
#222 = ( GEOMETRIC_REPRESENTATION_CONTEXT(2) 
PARAMETRIC_REPRESENTATION_CONTEXT() REPRESENTATION_CONTEXT('2D SPACE',''
  ) );
#223 = ORIENTED_EDGE('',*,*,#224,.T.);
#224 = EDGE_CURVE('',#202,#143,#225,.T.);
#225 = SURFACE_CURVE('',#226,(#231,#238),.PCURVE_S1.);
#226 = CIRCLE('',#227,0.25);
#227 = AXIS2_PLACEMENT_3D('',#228,#229,#230);
#228 = CARTESIAN_POINT('',(1.224646799147E-15,-5.,-5.));
#229 = DIRECTION('',(-1.224646799147E-16,1.110223024625E-16,1.));
#230 = DIRECTION('',(-1.,-1.359631073447E-32,-1.224646799147E-16));
#231 = PCURVE('',#153,#232);
#232 = DEFINITIONAL_REPRESENTATION('',(#233),#237);
#233 = LINE('',#234,#235);
#234 = CARTESIAN_POINT('',(0.,-10.));
#235 = VECTOR('',#236,1.);
#236 = DIRECTION('',(1.,0.));
#237 = ( GEOMETRIC_REPRESENTATION_CONTEXT(2) 
PARAMETRIC_REPRESENTATION_CONTEXT() REPRESENTATION_CONTEXT('2D SPACE',''
  ) );
#238 = PCURVE('',#239,#244);
#239 = PLANE('',#240);
#240 = AXIS2_PLACEMENT_3D('',#241,#242,#243);
#241 = CARTESIAN_POINT('',(6.938893903907E-14,-5.,-5.));
#242 = DIRECTION('',(1.224646799147E-16,-1.110223024625E-16,-1.));
#243 = DIRECTION('',(1.,1.359631073447E-32,1.224646799147E-16));
#244 = DEFINITIONAL_REPRESENTATION('',(#245),#253);
#245 = ( BOUNDED_CURVE() B_SPLINE_CURVE(2,(#246,#247,#248,#249,#250,#251
,#252),.UNSPECIFIED.,.T.,.F.) B_SPLINE_CURVE_WITH_KNOTS((1,2,2,2,2,1),(
    -2.094395102393,0.,2.094395102393,4.188790204786,6.28318530718,
8.377580409573),.UNSPECIFIED.) CURVE() GEOMETRIC_REPRESENTATION_ITEM() 
RATIONAL_B_SPLINE_CURVE((1.,0.5,1.,0.5,1.,0.5,1.)) REPRESENTATION_ITEM(
  '') );
#246 = CARTESIAN_POINT('',(-0.25,0.));
#247 = CARTESIAN_POINT('',(-0.25,0.433012701892));
#248 = CARTESIAN_POINT('',(0.125,0.216506350946));
#249 = CARTESIAN_POINT('',(0.5,6.123233995737E-17));
#250 = CARTESIAN_POINT('',(0.125,-0.216506350946));
#251 = CARTESIAN_POINT('',(-0.25,-0.433012701892));
#252 = CARTESIAN_POINT('',(-0.25,0.));
#253 = ( GEOMETRIC_REPRESENTATION_CONTEXT(2) 
PARAMETRIC_REPRESENTATION_CONTEXT() REPRESENTATION_CONTEXT('2D SPACE',''
  ) );
#254 = ADVANCED_FACE('',(#255),#270,.T.);
#255 = FACE_BOUND('',#256,.T.);
#256 = EDGE_LOOP('',(#257,#292,#320,#353));
#257 = ORIENTED_EDGE('',*,*,#258,.T.);
#258 = EDGE_CURVE('',#259,#261,#263,.T.);
#259 = VERTEX_POINT('',#260);
#260 = CARTESIAN_POINT('',(-0.5,-5.,-5.));
#261 = VERTEX_POINT('',#262);
#262 = CARTESIAN_POINT('',(0.5,-5.,-5.));
#263 = SURFACE_CURVE('',#264,(#269,#281),.PCURVE_S1.);
#264 = CIRCLE('',#265,0.5);
#265 = AXIS2_PLACEMENT_3D('',#266,#267,#268);
#266 = CARTESIAN_POINT('',(1.224646799147E-15,-5.,-5.));
#267 = DIRECTION('',(-1.224646799147E-16,1.110223024625E-16,1.));
#268 = DIRECTION('',(-1.,-1.359631073447E-32,-1.224646799147E-16));
#269 = PCURVE('',#270,#275);
#270 = CONICAL_SURFACE('',#271,3.,0.694738276197);
#271 = AXIS2_PLACEMENT_3D('',#272,#273,#274);
#272 = CARTESIAN_POINT('',(8.572527594031E-16,-5.,-2.));
#273 = DIRECTION('',(-1.224646799147E-16,1.110223024625E-16,1.));
#274 = DIRECTION('',(-1.,-1.359631073447E-32,-1.224646799147E-16));
#275 = DEFINITIONAL_REPRESENTATION('',(#276),#280);
#276 = LINE('',#277,#278);
#277 = CARTESIAN_POINT('',(0.,-3.));
#278 = VECTOR('',#279,1.);
#279 = DIRECTION('',(1.,0.));
#280 = ( GEOMETRIC_REPRESENTATION_CONTEXT(2) 
PARAMETRIC_REPRESENTATION_CONTEXT() REPRESENTATION_CONTEXT('2D SPACE',''
  ) );
#281 = PCURVE('',#239,#282);
#282 = DEFINITIONAL_REPRESENTATION('',(#283),#291);
#283 = ( BOUNDED_CURVE() B_SPLINE_CURVE(2,(#284,#285,#286,#287,#288,#289
,#290),.UNSPECIFIED.,.T.,.F.) B_SPLINE_CURVE_WITH_KNOTS((1,2,2,2,2,1),(
    -2.094395102393,0.,2.094395102393,4.188790204786,6.28318530718,
8.377580409573),.UNSPECIFIED.) CURVE() GEOMETRIC_REPRESENTATION_ITEM() 
RATIONAL_B_SPLINE_CURVE((1.,0.5,1.,0.5,1.,0.5,1.)) REPRESENTATION_ITEM(
  '') );
#284 = CARTESIAN_POINT('',(-0.5,0.));
#285 = CARTESIAN_POINT('',(-0.5,0.866025403784));
#286 = CARTESIAN_POINT('',(0.25,0.433012701892));
#287 = CARTESIAN_POINT('',(1.,1.224646799147E-16));
#288 = CARTESIAN_POINT('',(0.25,-0.433012701892));
#289 = CARTESIAN_POINT('',(-0.5,-0.866025403784));
#290 = CARTESIAN_POINT('',(-0.5,0.));
#291 = ( GEOMETRIC_REPRESENTATION_CONTEXT(2) 
PARAMETRIC_REPRESENTATION_CONTEXT() REPRESENTATION_CONTEXT('2D SPACE',''
  ) );
#292 = ORIENTED_EDGE('',*,*,#293,.T.);
#293 = EDGE_CURVE('',#261,#294,#296,.T.);
#294 = VERTEX_POINT('',#295);
#295 = CARTESIAN_POINT('',(3.,-5.,-2.));
#296 = SURFACE_CURVE('',#297,(#301,#308),.PCURVE_S1.);
#297 = LINE('',#298,#299);
#298 = CARTESIAN_POINT('',(3.,-5.,-2.));
#299 = VECTOR('',#300,1.);
#300 = DIRECTION('',(0.640184399664,6.889717670283E-18,0.768221279597));
#301 = PCURVE('',#270,#302);
#302 = DEFINITIONAL_REPRESENTATION('',(#303),#307);
#303 = LINE('',#304,#305);
#304 = CARTESIAN_POINT('',(3.14159265359,-3.411587810464E-16));
#305 = VECTOR('',#306,1.);
#306 = DIRECTION('',(0.,1.));
#307 = ( GEOMETRIC_REPRESENTATION_CONTEXT(2) 
PARAMETRIC_REPRESENTATION_CONTEXT() REPRESENTATION_CONTEXT('2D SPACE',''
  ) );
#308 = PCURVE('',#309,#314);
#309 = CONICAL_SURFACE('',#310,3.,0.694738276197);
#310 = AXIS2_PLACEMENT_3D('',#311,#312,#313);
#311 = CARTESIAN_POINT('',(8.572527594031E-16,-5.,-2.));
#312 = DIRECTION('',(-1.224646799147E-16,1.110223024625E-16,1.));
#313 = DIRECTION('',(-1.,-1.359631073447E-32,-1.224646799147E-16));
#314 = DEFINITIONAL_REPRESENTATION('',(#315),#319);
#315 = LINE('',#316,#317);
#316 = CARTESIAN_POINT('',(3.14159265359,-3.411587810464E-16));
#317 = VECTOR('',#318,1.);
#318 = DIRECTION('',(0.,1.));
#319 = ( GEOMETRIC_REPRESENTATION_CONTEXT(2) 
PARAMETRIC_REPRESENTATION_CONTEXT() REPRESENTATION_CONTEXT('2D SPACE',''
  ) );
#320 = ORIENTED_EDGE('',*,*,#321,.F.);
#321 = EDGE_CURVE('',#322,#294,#324,.T.);
#322 = VERTEX_POINT('',#323);
#323 = CARTESIAN_POINT('',(-3.,-5.,-2.));
#324 = SURFACE_CURVE('',#325,(#330,#337),.PCURVE_S1.);
#325 = CIRCLE('',#326,3.);
#326 = AXIS2_PLACEMENT_3D('',#327,#328,#329);
#327 = CARTESIAN_POINT('',(8.572527594031E-16,-5.,-2.));
#328 = DIRECTION('',(-1.224646799147E-16,1.110223024625E-16,1.));
#329 = DIRECTION('',(-1.,-1.359631073447E-32,-1.224646799147E-16));
#330 = PCURVE('',#270,#331);
#331 = DEFINITIONAL_REPRESENTATION('',(#332),#336);
#332 = LINE('',#333,#334);
#333 = CARTESIAN_POINT('',(0.,0.));
#334 = VECTOR('',#335,1.);
#335 = DIRECTION('',(1.,0.));
#336 = ( GEOMETRIC_REPRESENTATION_CONTEXT(2) 
PARAMETRIC_REPRESENTATION_CONTEXT() REPRESENTATION_CONTEXT('2D SPACE',''
  ) );
#337 = PCURVE('',#338,#343);
#338 = PLANE('',#339);
#339 = AXIS2_PLACEMENT_3D('',#340,#341,#342);
#340 = CARTESIAN_POINT('',(-2.023844055306E-15,-5.,-2.));
#341 = DIRECTION('',(1.224646799147E-16,-1.110223024625E-16,-1.));
#342 = DIRECTION('',(1.,1.359631073447E-32,1.224646799147E-16));
#343 = DEFINITIONAL_REPRESENTATION('',(#344),#352);
#344 = ( BOUNDED_CURVE() B_SPLINE_CURVE(2,(#345,#346,#347,#348,#349,#350
,#351),.UNSPECIFIED.,.T.,.F.) B_SPLINE_CURVE_WITH_KNOTS((1,2,2,2,2,1),(
    -2.094395102393,0.,2.094395102393,4.188790204786,6.28318530718,
8.377580409573),.UNSPECIFIED.) CURVE() GEOMETRIC_REPRESENTATION_ITEM() 
RATIONAL_B_SPLINE_CURVE((1.,0.5,1.,0.5,1.,0.5,1.)) REPRESENTATION_ITEM(
  '') );
#345 = CARTESIAN_POINT('',(-3.,0.));
#346 = CARTESIAN_POINT('',(-3.,5.196152422707));
#347 = CARTESIAN_POINT('',(1.5,2.598076211353));
#348 = CARTESIAN_POINT('',(6.,7.347880794884E-16));
#349 = CARTESIAN_POINT('',(1.5,-2.598076211353));
#350 = CARTESIAN_POINT('',(-3.,-5.196152422707));
#351 = CARTESIAN_POINT('',(-3.,0.));
#352 = ( GEOMETRIC_REPRESENTATION_CONTEXT(2) 
PARAMETRIC_REPRESENTATION_CONTEXT() REPRESENTATION_CONTEXT('2D SPACE',''
  ) );
#353 = ORIENTED_EDGE('',*,*,#354,.F.);
#354 = EDGE_CURVE('',#259,#322,#355,.T.);
#355 = SURFACE_CURVE('',#356,(#360,#367),.PCURVE_S1.);
#356 = LINE('',#357,#358);
#357 = CARTESIAN_POINT('',(-3.,-5.,-2.));
#358 = VECTOR('',#359,1.);
#359 = DIRECTION('',(-0.640184399664,8.52896952616E-17,0.768221279597));
#360 = PCURVE('',#270,#361);
#361 = DEFINITIONAL_REPRESENTATION('',(#362),#366);
#362 = LINE('',#363,#364);
#363 = CARTESIAN_POINT('',(0.,0.));
#364 = VECTOR('',#365,1.);
#365 = DIRECTION('',(0.,1.));
#366 = ( GEOMETRIC_REPRESENTATION_CONTEXT(2) 
PARAMETRIC_REPRESENTATION_CONTEXT() REPRESENTATION_CONTEXT('2D SPACE',''
  ) );
#367 = PCURVE('',#309,#368);
#368 = DEFINITIONAL_REPRESENTATION('',(#369),#373);
#369 = LINE('',#370,#371);
#370 = CARTESIAN_POINT('',(6.28318530718,0.));
#371 = VECTOR('',#372,1.);
#372 = DIRECTION('',(0.,1.));
#373 = ( GEOMETRIC_REPRESENTATION_CONTEXT(2) 
PARAMETRIC_REPRESENTATION_CONTEXT() REPRESENTATION_CONTEXT('2D SPACE',''
  ) );
#374 = ADVANCED_FACE('',(#375),#390,.T.);
#375 = FACE_BOUND('',#376,.T.);
#376 = EDGE_LOOP('',(#377,#413,#441,#470));
#377 = ORIENTED_EDGE('',*,*,#378,.T.);
#378 = EDGE_CURVE('',#379,#381,#383,.T.);
#379 = VERTEX_POINT('',#380);
#380 = CARTESIAN_POINT('',(-5.,-5.,0.5));
#381 = VERTEX_POINT('',#382);
#382 = CARTESIAN_POINT('',(5.,-5.,0.5));
#383 = SURFACE_CURVE('',#384,(#389,#401),.PCURVE_S1.);
#384 = CIRCLE('',#385,5.);
#385 = AXIS2_PLACEMENT_3D('',#386,#387,#388);
#386 = CARTESIAN_POINT('',(5.510910596163E-16,-5.,0.5));
#387 = DIRECTION('',(-1.224646799147E-16,1.110223024625E-16,1.));
#388 = DIRECTION('',(-1.,-1.359631073447E-32,-1.224646799147E-16));
#389 = PCURVE('',#390,#395);
#390 = CYLINDRICAL_SURFACE('',#391,5.);
#391 = AXIS2_PLACEMENT_3D('',#392,#393,#394);
#392 = CARTESIAN_POINT('',(0.,-5.,5.));
#393 = DIRECTION('',(-1.224646799147E-16,1.110223024625E-16,1.));
#394 = DIRECTION('',(-1.,-1.359631073447E-32,-1.224646799147E-16));
#395 = DEFINITIONAL_REPRESENTATION('',(#396),#400);
#396 = LINE('',#397,#398);
#397 = CARTESIAN_POINT('',(0.,-4.5));
#398 = VECTOR('',#399,1.);
#399 = DIRECTION('',(1.,0.));
#400 = ( GEOMETRIC_REPRESENTATION_CONTEXT(2) 
PARAMETRIC_REPRESENTATION_CONTEXT() REPRESENTATION_CONTEXT('2D SPACE',''
  ) );
#401 = PCURVE('',#402,#407);
#402 = PLANE('',#403);
#403 = AXIS2_PLACEMENT_3D('',#404,#405,#406);
#404 = CARTESIAN_POINT('',(-8.24867880464E-32,-5.,0.5));
#405 = DIRECTION('',(-1.224646799147E-16,1.110223024625E-16,1.));
#406 = DIRECTION('',(-1.,-1.359631073447E-32,-1.224646799147E-16));
#407 = DEFINITIONAL_REPRESENTATION('',(#408),#412);
#408 = CIRCLE('',#409,5.);
#409 = AXIS2_PLACEMENT_2D('',#410,#411);
#410 = CARTESIAN_POINT('',(-5.510910596163E-16,0.));
#411 = DIRECTION('',(1.,0.));
#412 = ( GEOMETRIC_REPRESENTATION_CONTEXT(2) 
PARAMETRIC_REPRESENTATION_CONTEXT() REPRESENTATION_CONTEXT('2D SPACE',''
  ) );
#413 = ORIENTED_EDGE('',*,*,#414,.T.);
#414 = EDGE_CURVE('',#381,#415,#417,.T.);
#415 = VERTEX_POINT('',#416);
#416 = CARTESIAN_POINT('',(5.,-5.,1.2));
#417 = SURFACE_CURVE('',#418,(#422,#429),.PCURVE_S1.);
#418 = LINE('',#419,#420);
#419 = CARTESIAN_POINT('',(5.,-5.,5.));
#420 = VECTOR('',#421,1.);
#421 = DIRECTION('',(-1.224646799147E-16,1.110223024625E-16,1.));
#422 = PCURVE('',#390,#423);
#423 = DEFINITIONAL_REPRESENTATION('',(#424),#428);
#424 = LINE('',#425,#426);
#425 = CARTESIAN_POINT('',(3.14159265359,0.));
#426 = VECTOR('',#427,1.);
#427 = DIRECTION('',(0.,1.));
#428 = ( GEOMETRIC_REPRESENTATION_CONTEXT(2) 
PARAMETRIC_REPRESENTATION_CONTEXT() REPRESENTATION_CONTEXT('2D SPACE',''
  ) );
#429 = PCURVE('',#430,#435);
#430 = CYLINDRICAL_SURFACE('',#431,5.);
#431 = AXIS2_PLACEMENT_3D('',#432,#433,#434);
#432 = CARTESIAN_POINT('',(0.,-5.,5.));
#433 = DIRECTION('',(-1.224646799147E-16,1.110223024625E-16,1.));
#434 = DIRECTION('',(-1.,-1.359631073447E-32,-1.224646799147E-16));
#435 = DEFINITIONAL_REPRESENTATION('',(#436),#440);
#436 = LINE('',#437,#438);
#437 = CARTESIAN_POINT('',(3.14159265359,0.));
#438 = VECTOR('',#439,1.);
#439 = DIRECTION('',(0.,1.));
#440 = ( GEOMETRIC_REPRESENTATION_CONTEXT(2) 
PARAMETRIC_REPRESENTATION_CONTEXT() REPRESENTATION_CONTEXT('2D SPACE',''
  ) );
#441 = ORIENTED_EDGE('',*,*,#442,.F.);
#442 = EDGE_CURVE('',#443,#415,#445,.T.);
#443 = VERTEX_POINT('',#444);
#444 = CARTESIAN_POINT('',(-5.,-5.,1.2));
#445 = SURFACE_CURVE('',#446,(#451,#458),.PCURVE_S1.);
#446 = CIRCLE('',#447,5.);
#447 = AXIS2_PLACEMENT_3D('',#448,#449,#450);
#448 = CARTESIAN_POINT('',(4.65365783676E-16,-5.,1.2));
#449 = DIRECTION('',(-1.224646799147E-16,1.110223024625E-16,1.));
#450 = DIRECTION('',(-1.,-1.359631073447E-32,-1.224646799147E-16));
#451 = PCURVE('',#390,#452);
#452 = DEFINITIONAL_REPRESENTATION('',(#453),#457);
#453 = LINE('',#454,#455);
#454 = CARTESIAN_POINT('',(0.,-3.8));
#455 = VECTOR('',#456,1.);
#456 = DIRECTION('',(1.,0.));
#457 = ( GEOMETRIC_REPRESENTATION_CONTEXT(2) 
PARAMETRIC_REPRESENTATION_CONTEXT() REPRESENTATION_CONTEXT('2D SPACE',''
  ) );
#458 = PCURVE('',#459,#464);
#459 = PLANE('',#460);
#460 = AXIS2_PLACEMENT_3D('',#461,#462,#463);
#461 = CARTESIAN_POINT('',(-6.149015108914E-32,-5.,1.2));
#462 = DIRECTION('',(-1.224646799147E-16,1.110223024625E-16,1.));
#463 = DIRECTION('',(-1.,-1.359631073447E-32,-1.224646799147E-16));
#464 = DEFINITIONAL_REPRESENTATION('',(#465),#469);
#465 = CIRCLE('',#466,5.);
#466 = AXIS2_PLACEMENT_2D('',#467,#468);
#467 = CARTESIAN_POINT('',(-4.65365783676E-16,0.));
#468 = DIRECTION('',(1.,0.));
#469 = ( GEOMETRIC_REPRESENTATION_CONTEXT(2) 
PARAMETRIC_REPRESENTATION_CONTEXT() REPRESENTATION_CONTEXT('2D SPACE',''
  ) );
#470 = ORIENTED_EDGE('',*,*,#471,.F.);
#471 = EDGE_CURVE('',#379,#443,#472,.T.);
#472 = SURFACE_CURVE('',#473,(#477,#484),.PCURVE_S1.);
#473 = LINE('',#474,#475);
#474 = CARTESIAN_POINT('',(-5.,-5.,5.));
#475 = VECTOR('',#476,1.);
#476 = DIRECTION('',(-1.224646799147E-16,1.110223024625E-16,1.));
#477 = PCURVE('',#390,#478);
#478 = DEFINITIONAL_REPRESENTATION('',(#479),#483);
#479 = LINE('',#480,#481);
#480 = CARTESIAN_POINT('',(0.,0.));
#481 = VECTOR('',#482,1.);
#482 = DIRECTION('',(0.,1.));
#483 = ( GEOMETRIC_REPRESENTATION_CONTEXT(2) 
PARAMETRIC_REPRESENTATION_CONTEXT() REPRESENTATION_CONTEXT('2D SPACE',''
  ) );
#484 = PCURVE('',#430,#485);
#485 = DEFINITIONAL_REPRESENTATION('',(#486),#490);
#486 = LINE('',#487,#488);
#487 = CARTESIAN_POINT('',(6.28318530718,0.));
#488 = VECTOR('',#489,1.);
#489 = DIRECTION('',(0.,1.));
#490 = ( GEOMETRIC_REPRESENTATION_CONTEXT(2) 
PARAMETRIC_REPRESENTATION_CONTEXT() REPRESENTATION_CONTEXT('2D SPACE',''
  ) );
#491 = ADVANCED_FACE('',(#492),#507,.T.);
#492 = FACE_BOUND('',#493,.T.);
#493 = EDGE_LOOP('',(#494,#525,#553,#581));
#494 = ORIENTED_EDGE('',*,*,#495,.T.);
#495 = EDGE_CURVE('',#496,#498,#500,.T.);
#496 = VERTEX_POINT('',#497);
#497 = CARTESIAN_POINT('',(-3.2,-5.,1.2));
#498 = VERTEX_POINT('',#499);
#499 = CARTESIAN_POINT('',(3.2,-5.,1.2));
#500 = SURFACE_CURVE('',#501,(#506,#518),.PCURVE_S1.);
#501 = CIRCLE('',#502,3.2);
#502 = AXIS2_PLACEMENT_3D('',#503,#504,#505);
#503 = CARTESIAN_POINT('',(4.65365783676E-16,-5.,1.2));
#504 = DIRECTION('',(-1.224646799147E-16,1.110223024625E-16,1.));
#505 = DIRECTION('',(-1.,-1.359631073447E-32,-1.224646799147E-16));
#506 = PCURVE('',#507,#512);
#507 = CYLINDRICAL_SURFACE('',#508,3.2);
#508 = AXIS2_PLACEMENT_3D('',#509,#510,#511);
#509 = CARTESIAN_POINT('',(0.,-5.,5.));
#510 = DIRECTION('',(-1.224646799147E-16,1.110223024625E-16,1.));
#511 = DIRECTION('',(-1.,-1.359631073447E-32,-1.224646799147E-16));
#512 = DEFINITIONAL_REPRESENTATION('',(#513),#517);
#513 = LINE('',#514,#515);
#514 = CARTESIAN_POINT('',(0.,-3.8));
#515 = VECTOR('',#516,1.);
#516 = DIRECTION('',(1.,0.));
#517 = ( GEOMETRIC_REPRESENTATION_CONTEXT(2) 
PARAMETRIC_REPRESENTATION_CONTEXT() REPRESENTATION_CONTEXT('2D SPACE',''
  ) );
#518 = PCURVE('',#459,#519);
#519 = DEFINITIONAL_REPRESENTATION('',(#520),#524);
#520 = CIRCLE('',#521,3.2);
#521 = AXIS2_PLACEMENT_2D('',#522,#523);
#522 = CARTESIAN_POINT('',(-4.65365783676E-16,0.));
#523 = DIRECTION('',(1.,0.));
#524 = ( GEOMETRIC_REPRESENTATION_CONTEXT(2) 
PARAMETRIC_REPRESENTATION_CONTEXT() REPRESENTATION_CONTEXT('2D SPACE',''
  ) );
#525 = ORIENTED_EDGE('',*,*,#526,.T.);
#526 = EDGE_CURVE('',#498,#527,#529,.T.);
#527 = VERTEX_POINT('',#528);
#528 = CARTESIAN_POINT('',(3.2,-5.,2.));
#529 = SURFACE_CURVE('',#530,(#534,#541),.PCURVE_S1.);
#530 = LINE('',#531,#532);
#531 = CARTESIAN_POINT('',(3.2,-5.,5.));
#532 = VECTOR('',#533,1.);
#533 = DIRECTION('',(-1.224646799147E-16,1.110223024625E-16,1.));
#534 = PCURVE('',#507,#535);
#535 = DEFINITIONAL_REPRESENTATION('',(#536),#540);
#536 = LINE('',#537,#538);
#537 = CARTESIAN_POINT('',(3.14159265359,0.));
#538 = VECTOR('',#539,1.);
#539 = DIRECTION('',(0.,1.));
#540 = ( GEOMETRIC_REPRESENTATION_CONTEXT(2) 
PARAMETRIC_REPRESENTATION_CONTEXT() REPRESENTATION_CONTEXT('2D SPACE',''
  ) );
#541 = PCURVE('',#542,#547);
#542 = CYLINDRICAL_SURFACE('',#543,3.2);
#543 = AXIS2_PLACEMENT_3D('',#544,#545,#546);
#544 = CARTESIAN_POINT('',(0.,-5.,5.));
#545 = DIRECTION('',(-1.224646799147E-16,1.110223024625E-16,1.));
#546 = DIRECTION('',(-1.,-1.359631073447E-32,-1.224646799147E-16));
#547 = DEFINITIONAL_REPRESENTATION('',(#548),#552);
#548 = LINE('',#549,#550);
#549 = CARTESIAN_POINT('',(3.14159265359,0.));
#550 = VECTOR('',#551,1.);
#551 = DIRECTION('',(0.,1.));
#552 = ( GEOMETRIC_REPRESENTATION_CONTEXT(2) 
PARAMETRIC_REPRESENTATION_CONTEXT() REPRESENTATION_CONTEXT('2D SPACE',''
  ) );
#553 = ORIENTED_EDGE('',*,*,#554,.F.);
#554 = EDGE_CURVE('',#555,#527,#557,.T.);
#555 = VERTEX_POINT('',#556);
#556 = CARTESIAN_POINT('',(-3.2,-5.,2.));
#557 = SURFACE_CURVE('',#558,(#563,#570),.PCURVE_S1.);
#558 = CIRCLE('',#559,3.2);
#559 = AXIS2_PLACEMENT_3D('',#560,#561,#562);
#560 = CARTESIAN_POINT('',(3.673940397442E-16,-5.,2.));
#561 = DIRECTION('',(-1.224646799147E-16,1.110223024625E-16,1.));
#562 = DIRECTION('',(-1.,-1.359631073447E-32,-1.224646799147E-16));
#563 = PCURVE('',#507,#564);
#564 = DEFINITIONAL_REPRESENTATION('',(#565),#569);
#565 = LINE('',#566,#567);
#566 = CARTESIAN_POINT('',(0.,-3.));
#567 = VECTOR('',#568,1.);
#568 = DIRECTION('',(1.,0.));
#569 = ( GEOMETRIC_REPRESENTATION_CONTEXT(2) 
PARAMETRIC_REPRESENTATION_CONTEXT() REPRESENTATION_CONTEXT('2D SPACE',''
  ) );
#570 = PCURVE('',#45,#571);
#571 = DEFINITIONAL_REPRESENTATION('',(#572),#580);
#572 = ( BOUNDED_CURVE() B_SPLINE_CURVE(2,(#573,#574,#575,#576,#577,#578
,#579),.UNSPECIFIED.,.T.,.F.) B_SPLINE_CURVE_WITH_KNOTS((1,2,2,2,2,1),(
    -2.094395102393,0.,2.094395102393,4.188790204786,6.28318530718,
8.377580409573),.UNSPECIFIED.) CURVE() GEOMETRIC_REPRESENTATION_ITEM() 
RATIONAL_B_SPLINE_CURVE((1.,0.5,1.,0.5,1.,0.5,1.)) REPRESENTATION_ITEM(
  '') );
#573 = CARTESIAN_POINT('',(-3.2,0.));
#574 = CARTESIAN_POINT('',(-3.2,5.54256258422));
#575 = CARTESIAN_POINT('',(1.6,2.77128129211));
#576 = CARTESIAN_POINT('',(6.4,7.837739514543E-16));
#577 = CARTESIAN_POINT('',(1.6,-2.77128129211));
#578 = CARTESIAN_POINT('',(-3.2,-5.54256258422));
#579 = CARTESIAN_POINT('',(-3.2,0.));
#580 = ( GEOMETRIC_REPRESENTATION_CONTEXT(2) 
PARAMETRIC_REPRESENTATION_CONTEXT() REPRESENTATION_CONTEXT('2D SPACE',''
  ) );
#581 = ORIENTED_EDGE('',*,*,#582,.F.);
#582 = EDGE_CURVE('',#496,#555,#583,.T.);
#583 = SURFACE_CURVE('',#584,(#588,#595),.PCURVE_S1.);
#584 = LINE('',#585,#586);
#585 = CARTESIAN_POINT('',(-3.2,-5.,5.));
#586 = VECTOR('',#587,1.);
#587 = DIRECTION('',(-1.224646799147E-16,1.110223024625E-16,1.));
#588 = PCURVE('',#507,#589);
#589 = DEFINITIONAL_REPRESENTATION('',(#590),#594);
#590 = LINE('',#591,#592);
#591 = CARTESIAN_POINT('',(0.,0.));
#592 = VECTOR('',#593,1.);
#593 = DIRECTION('',(0.,1.));
#594 = ( GEOMETRIC_REPRESENTATION_CONTEXT(2) 
PARAMETRIC_REPRESENTATION_CONTEXT() REPRESENTATION_CONTEXT('2D SPACE',''
  ) );
#595 = PCURVE('',#542,#596);
#596 = DEFINITIONAL_REPRESENTATION('',(#597),#601);
#597 = LINE('',#598,#599);
#598 = CARTESIAN_POINT('',(6.28318530718,0.));
#599 = VECTOR('',#600,1.);
#600 = DIRECTION('',(0.,1.));
#601 = ( GEOMETRIC_REPRESENTATION_CONTEXT(2) 
PARAMETRIC_REPRESENTATION_CONTEXT() REPRESENTATION_CONTEXT('2D SPACE',''
  ) );
#602 = ADVANCED_FACE('',(#603,#628),#402,.T.);
#603 = FACE_BOUND('',#604,.T.);
#604 = EDGE_LOOP('',(#605,#606));
#605 = ORIENTED_EDGE('',*,*,#378,.F.);
#606 = ORIENTED_EDGE('',*,*,#607,.F.);
#607 = EDGE_CURVE('',#381,#379,#608,.T.);
#608 = SURFACE_CURVE('',#609,(#614,#621),.PCURVE_S1.);
#609 = CIRCLE('',#610,5.);
#610 = AXIS2_PLACEMENT_3D('',#611,#612,#613);
#611 = CARTESIAN_POINT('',(5.510910596163E-16,-5.,0.5));
#612 = DIRECTION('',(-1.224646799147E-16,1.110223024625E-16,1.));
#613 = DIRECTION('',(-1.,-1.359631073447E-32,-1.224646799147E-16));
#614 = PCURVE('',#402,#615);
#615 = DEFINITIONAL_REPRESENTATION('',(#616),#620);
#616 = CIRCLE('',#617,5.);
#617 = AXIS2_PLACEMENT_2D('',#618,#619);
#618 = CARTESIAN_POINT('',(-5.510910596163E-16,0.));
#619 = DIRECTION('',(1.,0.));
#620 = ( GEOMETRIC_REPRESENTATION_CONTEXT(2) 
PARAMETRIC_REPRESENTATION_CONTEXT() REPRESENTATION_CONTEXT('2D SPACE',''
  ) );
#621 = PCURVE('',#430,#622);
#622 = DEFINITIONAL_REPRESENTATION('',(#623),#627);
#623 = LINE('',#624,#625);
#624 = CARTESIAN_POINT('',(0.,-4.5));
#625 = VECTOR('',#626,1.);
#626 = DIRECTION('',(1.,0.));
#627 = ( GEOMETRIC_REPRESENTATION_CONTEXT(2) 
PARAMETRIC_REPRESENTATION_CONTEXT() REPRESENTATION_CONTEXT('2D SPACE',''
  ) );
#628 = FACE_BOUND('',#629,.T.);
#629 = EDGE_LOOP('',(#630,#660,#688,#717,#745,#773,#802,#830,#858,#887,
    #915,#943,#972,#1000,#1028,#1057,#1085,#1113,#1142,#1170,#1198,#1227
    ,#1255,#1283,#1312,#1340,#1368,#1397,#1425,#1453,#1482,#1510,#1538,
    #1567,#1595,#1623,#1652,#1680,#1708,#1737,#1765,#1793,#1822,#1850,
    #1878,#1907,#1935,#1963,#1992,#2020,#2048,#2077,#2105,#2133,#2162,
    #2190,#2218,#2247,#2275,#2303,#2332,#2360,#2388,#2417,#2445,#2473,
    #2502,#2530,#2558,#2587,#2615,#2643,#2672,#2700,#2728,#2757,#2785,
    #2813,#2842,#2870,#2898,#2927,#2955,#2983,#3012,#3040,#3068,#3097,
    #3125,#3153,#3182,#3210,#3238,#3267,#3295,#3323,#3352,#3380,#3408,
    #3437,#3465,#3493,#3522,#3550,#3578,#3607,#3635,#3663,#3692,#3720,
    #3748,#3777,#3805,#3833,#3862,#3890,#3918,#3947,#3975,#4003,#4032,
    #4060,#4088,#4117,#4145,#4173,#4202,#4230,#4258,#4287,#4315,#4343,
    #4372,#4400,#4428,#4457,#4485,#4513,#4542,#4570,#4598,#4627,#4655,
    #4683,#4712,#4740,#4768,#4797,#4825,#4853));
#630 = ORIENTED_EDGE('',*,*,#631,.T.);
#631 = EDGE_CURVE('',#632,#634,#636,.T.);
#632 = VERTEX_POINT('',#633);
#633 = CARTESIAN_POINT('',(-5.944352455661,-4.18472465824,0.5));
#634 = VERTEX_POINT('',#635);
#635 = CARTESIAN_POINT('',(-5.844547285743,-4.260480905464,0.5));
#636 = SURFACE_CURVE('',#637,(#641,#648),.PCURVE_S1.);
#637 = LINE('',#638,#639);
#638 = CARTESIAN_POINT('',(-1.780277784397,-7.345429364363,0.5));
#639 = VECTOR('',#640,1.);
#640 = DIRECTION('',(0.796529918024,-0.604599114862,1.646707672522E-16)
  );
#641 = PCURVE('',#402,#642);
#642 = DEFINITIONAL_REPRESENTATION('',(#643),#647);
#643 = LINE('',#644,#645);
#644 = CARTESIAN_POINT('',(1.780277784397,2.345429364363));
#645 = VECTOR('',#646,1.);
#646 = DIRECTION('',(-0.796529918024,0.604599114862));
#647 = ( GEOMETRIC_REPRESENTATION_CONTEXT(2) 
PARAMETRIC_REPRESENTATION_CONTEXT() REPRESENTATION_CONTEXT('2D SPACE',''
  ) );
#648 = PCURVE('',#649,#654);
#649 = PLANE('',#650);
#650 = AXIS2_PLACEMENT_3D('',#651,#652,#653);
#651 = CARTESIAN_POINT('',(-5.844547285743,-4.260480905464,5.));
#652 = DIRECTION('',(-0.604599114862,-0.796529918024,1.439054840097E-17)
  );
#653 = DIRECTION('',(0.796529918024,-0.604599114862,6.712398579882E-17)
  );
#654 = DEFINITIONAL_REPRESENTATION('',(#655),#659);
#655 = LINE('',#656,#657);
#656 = CARTESIAN_POINT('',(5.102469360382,-4.5));
#657 = VECTOR('',#658,1.);
#658 = DIRECTION('',(1.,9.754678145334E-17));
#659 = ( GEOMETRIC_REPRESENTATION_CONTEXT(2) 
PARAMETRIC_REPRESENTATION_CONTEXT() REPRESENTATION_CONTEXT('2D SPACE',''
  ) );
#660 = ORIENTED_EDGE('',*,*,#661,.T.);
#661 = EDGE_CURVE('',#634,#662,#664,.T.);
#662 = VERTEX_POINT('',#663);
#663 = CARTESIAN_POINT('',(-5.960082601383,-4.309047480143,0.5));
#664 = SURFACE_CURVE('',#665,(#669,#676),.PCURVE_S1.);
#665 = LINE('',#666,#667);
#666 = CARTESIAN_POINT('',(-1.141848998562,-2.283648572461,0.5));
#667 = VECTOR('',#668,1.);
#668 = DIRECTION('',(-0.921863151588,-0.387515586452,-6.987280313645E-17
    ));
#669 = PCURVE('',#402,#670);
#670 = DEFINITIONAL_REPRESENTATION('',(#671),#675);
#671 = LINE('',#672,#673);
#672 = CARTESIAN_POINT('',(1.141848998562,-2.716351427539));
#673 = VECTOR('',#674,1.);
#674 = DIRECTION('',(0.921863151588,0.387515586452));
#675 = ( GEOMETRIC_REPRESENTATION_CONTEXT(2) 
PARAMETRIC_REPRESENTATION_CONTEXT() REPRESENTATION_CONTEXT('2D SPACE',''
  ) );
#676 = PCURVE('',#677,#682);
#677 = PLANE('',#678);
#678 = AXIS2_PLACEMENT_3D('',#679,#680,#681);
#679 = CARTESIAN_POINT('',(-5.844547285743,-4.260480905464,5.));
#680 = DIRECTION('',(-0.387515586452,0.921863151588,-1.498043419015E-16)
  );
#681 = DIRECTION('',(-0.921863151588,-0.387515586452,4.302287264803E-17)
  );
#682 = DEFINITIONAL_REPRESENTATION('',(#683),#687);
#683 = LINE('',#684,#685);
#684 = CARTESIAN_POINT('',(-5.101297604831,-4.5));
#685 = VECTOR('',#686,1.);
#686 = DIRECTION('',(1.,-1.128956757845E-16));
#687 = ( GEOMETRIC_REPRESENTATION_CONTEXT(2) 
PARAMETRIC_REPRESENTATION_CONTEXT() REPRESENTATION_CONTEXT('2D SPACE',''
  ) );
#688 = ORIENTED_EDGE('',*,*,#689,.T.);
#689 = EDGE_CURVE('',#662,#690,#692,.T.);
#690 = VERTEX_POINT('',#691);
#691 = CARTESIAN_POINT('',(-5.999660555884,-4.936178262535,0.5));
#692 = SURFACE_CURVE('',#693,(#698,#705),.PCURVE_S1.);
#693 = CIRCLE('',#694,6.);
#694 = AXIS2_PLACEMENT_3D('',#695,#696,#697);
#695 = CARTESIAN_POINT('',(5.510910596163E-16,-5.,0.5));
#696 = DIRECTION('',(-1.224646799147E-16,1.110223024625E-16,1.));
#697 = DIRECTION('',(-1.,-1.359631073447E-32,-1.224646799147E-16));
#698 = PCURVE('',#402,#699);
#699 = DEFINITIONAL_REPRESENTATION('',(#700),#704);
#700 = CIRCLE('',#701,6.);
#701 = AXIS2_PLACEMENT_2D('',#702,#703);
#702 = CARTESIAN_POINT('',(-5.510910596163E-16,0.));
#703 = DIRECTION('',(1.,0.));
#704 = ( GEOMETRIC_REPRESENTATION_CONTEXT(2) 
PARAMETRIC_REPRESENTATION_CONTEXT() REPRESENTATION_CONTEXT('2D SPACE',''
  ) );
#705 = PCURVE('',#706,#711);
#706 = CYLINDRICAL_SURFACE('',#707,6.);
#707 = AXIS2_PLACEMENT_3D('',#708,#709,#710);
#708 = CARTESIAN_POINT('',(0.,-5.,5.));
#709 = DIRECTION('',(-1.224646799147E-16,1.110223024625E-16,1.));
#710 = DIRECTION('',(-1.,-1.359631073447E-32,-1.224646799147E-16));
#711 = DEFINITIONAL_REPRESENTATION('',(#712),#716);
#712 = LINE('',#713,#714);
#713 = CARTESIAN_POINT('',(0.,-4.5));
#714 = VECTOR('',#715,1.);
#715 = DIRECTION('',(1.,0.));
#716 = ( GEOMETRIC_REPRESENTATION_CONTEXT(2) 
PARAMETRIC_REPRESENTATION_CONTEXT() REPRESENTATION_CONTEXT('2D SPACE',''
  ) );
#717 = ORIENTED_EDGE('',*,*,#718,.T.);
#718 = EDGE_CURVE('',#690,#719,#721,.T.);
#719 = VERTEX_POINT('',#720);
#720 = CARTESIAN_POINT('',(-5.891147604114,-4.998828244449,0.5));
#721 = SURFACE_CURVE('',#722,(#726,#733),.PCURVE_S1.);
#722 = LINE('',#723,#724);
#723 = CARTESIAN_POINT('',(-1.472279515992,-7.55006292464,0.5));
#724 = VECTOR('',#725,1.);
#725 = DIRECTION('',(0.866025403784,-0.5,1.615686751037E-16));
#726 = PCURVE('',#402,#727);
#727 = DEFINITIONAL_REPRESENTATION('',(#728),#732);
#728 = LINE('',#729,#730);
#729 = CARTESIAN_POINT('',(1.472279515992,2.55006292464));
#730 = VECTOR('',#731,1.);
#731 = DIRECTION('',(-0.866025403784,0.5));
#732 = ( GEOMETRIC_REPRESENTATION_CONTEXT(2) 
PARAMETRIC_REPRESENTATION_CONTEXT() REPRESENTATION_CONTEXT('2D SPACE',''
  ) );
#733 = PCURVE('',#734,#739);
#734 = PLANE('',#735);
#735 = AXIS2_PLACEMENT_3D('',#736,#737,#738);
#736 = CARTESIAN_POINT('',(-5.891147604114,-4.998828244449,5.));
#737 = DIRECTION('',(-0.5,-0.866025403784,3.491579436181E-17));
#738 = DIRECTION('',(0.866025403784,-0.5,5.551115123126E-17));
#739 = DEFINITIONAL_REPRESENTATION('',(#740),#744);
#740 = LINE('',#741,#742);
#741 = CARTESIAN_POINT('',(5.102469360382,-4.5));
#742 = VECTOR('',#743,1.);
#743 = DIRECTION('',(1.,1.060575238725E-16));
#744 = ( GEOMETRIC_REPRESENTATION_CONTEXT(2) 
PARAMETRIC_REPRESENTATION_CONTEXT() REPRESENTATION_CONTEXT('2D SPACE',''
  ) );
#745 = ORIENTED_EDGE('',*,*,#746,.T.);
#746 = EDGE_CURVE('',#719,#747,#749,.T.);
#747 = VERTEX_POINT('',#748);
#748 = CARTESIAN_POINT('',(-5.999684883433,-5.061492271881,0.5));
#749 = SURFACE_CURVE('',#750,(#754,#761),.PCURVE_S1.);
#750 = LINE('',#751,#752);
#751 = CARTESIAN_POINT('',(-1.473294286065,-2.448179442034,0.5));
#752 = VECTOR('',#753,1.);
#753 = DIRECTION('',(-0.866025403784,-0.5,-5.054637264123E-17));
#754 = PCURVE('',#402,#755);
#755 = DEFINITIONAL_REPRESENTATION('',(#756),#760);
#756 = LINE('',#757,#758);
#757 = CARTESIAN_POINT('',(1.473294286065,-2.551820557966));
#758 = VECTOR('',#759,1.);
#759 = DIRECTION('',(0.866025403784,0.5));
#760 = ( GEOMETRIC_REPRESENTATION_CONTEXT(2) 
PARAMETRIC_REPRESENTATION_CONTEXT() REPRESENTATION_CONTEXT('2D SPACE',''
  ) );
#761 = PCURVE('',#762,#767);
#762 = PLANE('',#763);
#763 = AXIS2_PLACEMENT_3D('',#764,#765,#766);
#764 = CARTESIAN_POINT('',(-5.891147604114,-4.998828244449,5.));
#765 = DIRECTION('',(-0.5,0.866025403784,-1.573804742765E-16));
#766 = DIRECTION('',(-0.866025403784,-0.5,5.551115123126E-17));
#767 = DEFINITIONAL_REPRESENTATION('',(#768),#772);
#768 = LINE('',#769,#770);
#769 = CARTESIAN_POINT('',(-5.101297604831,-4.5));
#770 = VECTOR('',#771,1.);
#771 = DIRECTION('',(1.,-1.060575238725E-16));
#772 = ( GEOMETRIC_REPRESENTATION_CONTEXT(2) 
PARAMETRIC_REPRESENTATION_CONTEXT() REPRESENTATION_CONTEXT('2D SPACE',''
  ) );
#773 = ORIENTED_EDGE('',*,*,#774,.T.);
#774 = EDGE_CURVE('',#747,#775,#777,.T.);
#775 = VERTEX_POINT('',#776);
#776 = CARTESIAN_POINT('',(-5.960350425117,-5.688638373754,0.5));
#777 = SURFACE_CURVE('',#778,(#783,#790),.PCURVE_S1.);
#778 = CIRCLE('',#779,6.);
#779 = AXIS2_PLACEMENT_3D('',#780,#781,#782);
#780 = CARTESIAN_POINT('',(5.510910596163E-16,-5.,0.5));
#781 = DIRECTION('',(-1.224646799147E-16,1.110223024625E-16,1.));
#782 = DIRECTION('',(-1.,-1.359631073447E-32,-1.224646799147E-16));
#783 = PCURVE('',#402,#784);
#784 = DEFINITIONAL_REPRESENTATION('',(#785),#789);
#785 = CIRCLE('',#786,6.);
#786 = AXIS2_PLACEMENT_2D('',#787,#788);
#787 = CARTESIAN_POINT('',(-5.510910596163E-16,0.));
#788 = DIRECTION('',(1.,0.));
#789 = ( GEOMETRIC_REPRESENTATION_CONTEXT(2) 
PARAMETRIC_REPRESENTATION_CONTEXT() REPRESENTATION_CONTEXT('2D SPACE',''
  ) );
#790 = PCURVE('',#791,#796);
#791 = CYLINDRICAL_SURFACE('',#792,6.);
#792 = AXIS2_PLACEMENT_3D('',#793,#794,#795);
#793 = CARTESIAN_POINT('',(0.,-5.,5.));
#794 = DIRECTION('',(-1.224646799147E-16,1.110223024625E-16,1.));
#795 = DIRECTION('',(-1.,-1.359631073447E-32,-1.224646799147E-16));
#796 = DEFINITIONAL_REPRESENTATION('',(#797),#801);
#797 = LINE('',#798,#799);
#798 = CARTESIAN_POINT('',(-1.734723475977E-18,-4.5));
#799 = VECTOR('',#800,1.);
#800 = DIRECTION('',(1.,0.));
#801 = ( GEOMETRIC_REPRESENTATION_CONTEXT(2) 
PARAMETRIC_REPRESENTATION_CONTEXT() REPRESENTATION_CONTEXT('2D SPACE',''
  ) );
#802 = ORIENTED_EDGE('',*,*,#803,.T.);
#803 = EDGE_CURVE('',#775,#804,#806,.T.);
#804 = VERTEX_POINT('',#805);
#805 = CARTESIAN_POINT('',(-5.844841005567,-5.73719406272,0.5));
#806 = SURFACE_CURVE('',#807,(#811,#818),.PCURVE_S1.);
#807 = LINE('',#808,#809);
#808 = CARTESIAN_POINT('',(-1.141062520122,-7.714480469262,0.5));
#809 = VECTOR('',#810,1.);
#810 = DIRECTION('',(0.921863151589,-0.387515586452,1.559185484325E-16)
  );
#811 = PCURVE('',#402,#812);
#812 = DEFINITIONAL_REPRESENTATION('',(#813),#817);
#813 = LINE('',#814,#815);
#814 = CARTESIAN_POINT('',(1.141062520122,2.714480469262));
#815 = VECTOR('',#816,1.);
#816 = DIRECTION('',(-0.921863151589,0.387515586452));
#817 = ( GEOMETRIC_REPRESENTATION_CONTEXT(2) 
PARAMETRIC_REPRESENTATION_CONTEXT() REPRESENTATION_CONTEXT('2D SPACE',''
  ) );
#818 = PCURVE('',#819,#824);
#819 = PLANE('',#820);
#820 = AXIS2_PLACEMENT_3D('',#821,#822,#823);
#821 = CARTESIAN_POINT('',(-5.844841005567,-5.73719406272,5.));
#822 = DIRECTION('',(-0.387515586452,-0.921863151589,5.489039738788E-17)
  );
#823 = DIRECTION('',(0.921863151589,-0.387515586452,4.302287264802E-17)
  );
#824 = DEFINITIONAL_REPRESENTATION('',(#825),#829);
#825 = LINE('',#826,#827);
#826 = CARTESIAN_POINT('',(5.102469360382,-4.5));
#827 = VECTOR('',#828,1.);
#828 = DIRECTION('',(1.,1.128956757845E-16));
#829 = ( GEOMETRIC_REPRESENTATION_CONTEXT(2) 
PARAMETRIC_REPRESENTATION_CONTEXT() REPRESENTATION_CONTEXT('2D SPACE',''
  ) );
#830 = ORIENTED_EDGE('',*,*,#831,.T.);
#831 = EDGE_CURVE('',#804,#832,#834,.T.);
#832 = VERTEX_POINT('',#833);
#833 = CARTESIAN_POINT('',(-5.944668550834,-5.812967293758,0.5));
#834 = SURFACE_CURVE('',#835,(#839,#846),.PCURVE_S1.);
#835 = LINE('',#836,#837);
#836 = CARTESIAN_POINT('',(-1.781504842574,-2.65295404619,0.5));
#837 = VECTOR('',#838,1.);
#838 = DIRECTION('',(-0.796529918024,-0.604599114862,-3.042279565452E-17
    ));
#839 = PCURVE('',#402,#840);
#840 = DEFINITIONAL_REPRESENTATION('',(#841),#845);
#841 = LINE('',#842,#843);
#842 = CARTESIAN_POINT('',(1.781504842574,-2.34704595381));
#843 = VECTOR('',#844,1.);
#844 = DIRECTION('',(0.796529918024,0.604599114862));
#845 = ( GEOMETRIC_REPRESENTATION_CONTEXT(2) 
PARAMETRIC_REPRESENTATION_CONTEXT() REPRESENTATION_CONTEXT('2D SPACE',''
  ) );
#846 = PCURVE('',#847,#852);
#847 = PLANE('',#848);
#848 = AXIS2_PLACEMENT_3D('',#849,#850,#851);
#849 = CARTESIAN_POINT('',(-5.844841005567,-5.73719406272,5.));
#850 = DIRECTION('',(-0.604599114862,0.796529918024,-1.624746225577E-16)
  );
#851 = DIRECTION('',(-0.796529918024,-0.604599114862,6.712398579882E-17)
  );
#852 = DEFINITIONAL_REPRESENTATION('',(#853),#857);
#853 = LINE('',#854,#855);
#854 = CARTESIAN_POINT('',(-5.101297604831,-4.5));
#855 = VECTOR('',#856,1.);
#856 = DIRECTION('',(1.,-9.754678145334E-17));
#857 = ( GEOMETRIC_REPRESENTATION_CONTEXT(2) 
PARAMETRIC_REPRESENTATION_CONTEXT() REPRESENTATION_CONTEXT('2D SPACE',''
  ) );
#858 = ORIENTED_EDGE('',*,*,#859,.T.);
#859 = EDGE_CURVE('',#832,#860,#862,.T.);
#860 = VERTEX_POINT('',#861);
#861 = CARTESIAN_POINT('',(-5.827042007606,-6.430238246447,0.5));
#862 = SURFACE_CURVE('',#863,(#868,#875),.PCURVE_S1.);
#863 = CIRCLE('',#864,6.);
#864 = AXIS2_PLACEMENT_3D('',#865,#866,#867);
#865 = CARTESIAN_POINT('',(5.510910596163E-16,-5.,0.5));
#866 = DIRECTION('',(-1.224646799147E-16,1.110223024625E-16,1.));
#867 = DIRECTION('',(-1.,-1.359631073447E-32,-1.224646799147E-16));
#868 = PCURVE('',#402,#869);
#869 = DEFINITIONAL_REPRESENTATION('',(#870),#874);
#870 = CIRCLE('',#871,6.);
#871 = AXIS2_PLACEMENT_2D('',#872,#873);
#872 = CARTESIAN_POINT('',(-5.510910596163E-16,0.));
#873 = DIRECTION('',(1.,0.));
#874 = ( GEOMETRIC_REPRESENTATION_CONTEXT(2) 
PARAMETRIC_REPRESENTATION_CONTEXT() REPRESENTATION_CONTEXT('2D SPACE',''
  ) );
#875 = PCURVE('',#876,#881);
#876 = CYLINDRICAL_SURFACE('',#877,6.);
#877 = AXIS2_PLACEMENT_3D('',#878,#879,#880);
#878 = CARTESIAN_POINT('',(0.,-5.,5.));
#879 = DIRECTION('',(-1.224646799147E-16,1.110223024625E-16,1.));
#880 = DIRECTION('',(-1.,-1.359631073447E-32,-1.224646799147E-16));
#881 = DEFINITIONAL_REPRESENTATION('',(#882),#886);
#882 = LINE('',#883,#884);
#883 = CARTESIAN_POINT('',(0.,-4.5));
#884 = VECTOR('',#885,1.);
#885 = DIRECTION('',(1.,0.));
#886 = ( GEOMETRIC_REPRESENTATION_CONTEXT(2) 
PARAMETRIC_REPRESENTATION_CONTEXT() REPRESENTATION_CONTEXT('2D SPACE',''
  ) );
#887 = ORIENTED_EDGE('',*,*,#888,.T.);
#888 = EDGE_CURVE('',#860,#889,#891,.T.);
#889 = VERTEX_POINT('',#890);
#890 = CARTESIAN_POINT('',(-5.706357772824,-6.463933890243,0.5));
#891 = SURFACE_CURVE('',#892,(#896,#903),.PCURVE_S1.);
#892 = LINE('',#893,#894);
#893 = CARTESIAN_POINT('',(-0.791850286672,-7.836089035332,0.5));
#894 = VECTOR('',#895,1.);
#895 = DIRECTION('',(0.963162566798,-0.268919820615,1.478094931112E-16)
  );
#896 = PCURVE('',#402,#897);
#897 = DEFINITIONAL_REPRESENTATION('',(#898),#902);
#898 = LINE('',#899,#900);
#899 = CARTESIAN_POINT('',(0.791850286672,2.836089035332));
#900 = VECTOR('',#901,1.);
#901 = DIRECTION('',(-0.963162566798,0.268919820615));
#902 = ( GEOMETRIC_REPRESENTATION_CONTEXT(2) 
PARAMETRIC_REPRESENTATION_CONTEXT() REPRESENTATION_CONTEXT('2D SPACE',''
  ) );
#903 = PCURVE('',#904,#909);
#904 = PLANE('',#905);
#905 = AXIS2_PLACEMENT_3D('',#906,#907,#908);
#906 = CARTESIAN_POINT('',(-5.706357772824,-6.463933890243,5.));
#907 = DIRECTION('',(-0.268919820615,-0.963162566798,7.399934605721E-17)
  );
#908 = DIRECTION('',(0.963162566798,-0.268919820615,2.985609766251E-17)
  );
#909 = DEFINITIONAL_REPRESENTATION('',(#910),#914);
#910 = LINE('',#911,#912);
#911 = CARTESIAN_POINT('',(5.102469360382,-4.5));
#912 = VECTOR('',#913,1.);
#913 = DIRECTION('',(1.,1.179533954487E-16));
#914 = ( GEOMETRIC_REPRESENTATION_CONTEXT(2) 
PARAMETRIC_REPRESENTATION_CONTEXT() REPRESENTATION_CONTEXT('2D SPACE',''
  ) );
#915 = ORIENTED_EDGE('',*,*,#916,.T.);
#916 = EDGE_CURVE('',#889,#917,#919,.T.);
#917 = VERTEX_POINT('',#918);
#918 = CARTESIAN_POINT('',(-5.795901244016,-6.55162133577,0.5));
#919 = SURFACE_CURVE('',#920,(#924,#931),.PCURVE_S1.);
#920 = LINE('',#921,#922);
#921 = CARTESIAN_POINT('',(-2.061620003496,-2.894742967094,0.5));
#922 = VECTOR('',#923,1.);
#923 = DIRECTION('',(-0.714472679633,-0.699663340513,-9.819433006645E-18
    ));
#924 = PCURVE('',#402,#925);
#925 = DEFINITIONAL_REPRESENTATION('',(#926),#930);
#926 = LINE('',#927,#928);
#927 = CARTESIAN_POINT('',(2.061620003496,-2.105257032906));
#928 = VECTOR('',#929,1.);
#929 = DIRECTION('',(0.714472679633,0.699663340513));
#930 = ( GEOMETRIC_REPRESENTATION_CONTEXT(2) 
PARAMETRIC_REPRESENTATION_CONTEXT() REPRESENTATION_CONTEXT('2D SPACE',''
  ) );
#931 = PCURVE('',#932,#937);
#932 = PLANE('',#933);
#933 = AXIS2_PLACEMENT_3D('',#934,#935,#936);
#934 = CARTESIAN_POINT('',(-5.706357772824,-6.463933890243,5.));
#935 = DIRECTION('',(-0.699663340513,0.714472679633,-1.650064489834E-16)
  );
#936 = DIRECTION('',(-0.714472679633,-0.699663340513,7.767823501241E-17)
  );
#937 = DEFINITIONAL_REPRESENTATION('',(#938),#942);
#938 = LINE('',#939,#940);
#939 = CARTESIAN_POINT('',(-5.101297604831,-4.5));
#940 = VECTOR('',#941,1.);
#941 = DIRECTION('',(1.,-8.749766801905E-17));
#942 = ( GEOMETRIC_REPRESENTATION_CONTEXT(2) 
PARAMETRIC_REPRESENTATION_CONTEXT() REPRESENTATION_CONTEXT('2D SPACE',''
  ) );
#943 = ORIENTED_EDGE('',*,*,#944,.T.);
#944 = EDGE_CURVE('',#917,#945,#947,.T.);
#945 = VERTEX_POINT('',#946);
#946 = CARTESIAN_POINT('',(-5.601837656728,-7.149282407611,0.5));
#947 = SURFACE_CURVE('',#948,(#953,#960),.PCURVE_S1.);
#948 = CIRCLE('',#949,6.);
#949 = AXIS2_PLACEMENT_3D('',#950,#951,#952);
#950 = CARTESIAN_POINT('',(5.510910596163E-16,-5.,0.5));
#951 = DIRECTION('',(-1.224646799147E-16,1.110223024625E-16,1.));
#952 = DIRECTION('',(-1.,-1.359631073447E-32,-1.224646799147E-16));
#953 = PCURVE('',#402,#954);
#954 = DEFINITIONAL_REPRESENTATION('',(#955),#959);
#955 = CIRCLE('',#956,6.);
#956 = AXIS2_PLACEMENT_2D('',#957,#958);
#957 = CARTESIAN_POINT('',(-5.510910596163E-16,0.));
#958 = DIRECTION('',(1.,0.));
#959 = ( GEOMETRIC_REPRESENTATION_CONTEXT(2) 
PARAMETRIC_REPRESENTATION_CONTEXT() REPRESENTATION_CONTEXT('2D SPACE',''
  ) );
#960 = PCURVE('',#961,#966);
#961 = CYLINDRICAL_SURFACE('',#962,6.);
#962 = AXIS2_PLACEMENT_3D('',#963,#964,#965);
#963 = CARTESIAN_POINT('',(0.,-5.,5.));
#964 = DIRECTION('',(-1.224646799147E-16,1.110223024625E-16,1.));
#965 = DIRECTION('',(-1.,-1.359631073447E-32,-1.224646799147E-16));
#966 = DEFINITIONAL_REPRESENTATION('',(#967),#971);
#967 = LINE('',#968,#969);
#968 = CARTESIAN_POINT('',(0.,-4.5));
#969 = VECTOR('',#970,1.);
#970 = DIRECTION('',(1.,0.));
#971 = ( GEOMETRIC_REPRESENTATION_CONTEXT(2) 
PARAMETRIC_REPRESENTATION_CONTEXT() REPRESENTATION_CONTEXT('2D SPACE',''
  ) );
#972 = ORIENTED_EDGE('',*,*,#973,.T.);
#973 = EDGE_CURVE('',#945,#974,#976,.T.);
#974 = VERTEX_POINT('',#975);
#975 = CARTESIAN_POINT('',(-5.47788186919,-7.167586605806,0.5));
#976 = SURFACE_CURVE('',#977,(#981,#988),.PCURVE_S1.);
#977 = LINE('',#978,#979);
#978 = CARTESIAN_POINT('',(-0.430150101173,-7.912970783117,0.5));
#979 = VECTOR('',#980,1.);
#980 = DIRECTION('',(0.989272332963,-0.146083028562,1.373693937865E-16)
  );
#981 = PCURVE('',#402,#982);
#982 = DEFINITIONAL_REPRESENTATION('',(#983),#987);
#983 = LINE('',#984,#985);
#984 = CARTESIAN_POINT('',(0.430150101173,2.912970783117));
#985 = VECTOR('',#986,1.);
#986 = DIRECTION('',(-0.989272332963,0.146083028562));
#987 = ( GEOMETRIC_REPRESENTATION_CONTEXT(2) 
PARAMETRIC_REPRESENTATION_CONTEXT() REPRESENTATION_CONTEXT('2D SPACE',''
  ) );
#988 = PCURVE('',#989,#994);
#989 = PLANE('',#990);
#990 = AXIS2_PLACEMENT_3D('',#991,#992,#993);
#991 = CARTESIAN_POINT('',(-5.47788186919,-7.167586605806,5.));
#992 = DIRECTION('',(-0.146083028562,-0.989272332963,9.194128083414E-17)
  );
#993 = DIRECTION('',(0.989272332963,-0.146083028562,1.62184741817E-17));
#994 = DEFINITIONAL_REPRESENTATION('',(#995),#999);
#995 = LINE('',#996,#997);
#996 = CARTESIAN_POINT('',(5.102469360382,-4.5));
#997 = VECTOR('',#998,1.);
#998 = DIRECTION('',(1.,1.211509196048E-16));
#999 = ( GEOMETRIC_REPRESENTATION_CONTEXT(2) 
PARAMETRIC_REPRESENTATION_CONTEXT() REPRESENTATION_CONTEXT('2D SPACE',''
  ) );
#1000 = ORIENTED_EDGE('',*,*,#1001,.T.);
#1001 = EDGE_CURVE('',#974,#1002,#1004,.T.);
#1002 = VERTEX_POINT('',#1003);
#1003 = CARTESIAN_POINT('',(-5.555729112276,-7.265805382422,0.5));
#1004 = SURFACE_CURVE('',#1005,(#1009,#1016),.PCURVE_S1.);
#1005 = LINE('',#1006,#1007);
#1006 = CARTESIAN_POINT('',(-2.30922218541,-3.169733049027,0.5));
#1007 = VECTOR('',#1008,1.);
#1008 = DIRECTION('',(-0.621147780278,-0.783693457326,1.093878796559E-17
    ));
#1009 = PCURVE('',#402,#1010);
#1010 = DEFINITIONAL_REPRESENTATION('',(#1011),#1015);
#1011 = LINE('',#1012,#1013);
#1012 = CARTESIAN_POINT('',(2.30922218541,-1.830266950973));
#1013 = VECTOR('',#1014,1.);
#1014 = DIRECTION('',(0.621147780278,0.783693457326));
#1015 = ( GEOMETRIC_REPRESENTATION_CONTEXT(2) 
PARAMETRIC_REPRESENTATION_CONTEXT() REPRESENTATION_CONTEXT('2D SPACE',''
  ) );
#1016 = PCURVE('',#1017,#1022);
#1017 = PLANE('',#1018);
#1018 = AXIS2_PLACEMENT_3D('',#1019,#1020,#1021);
#1019 = CARTESIAN_POINT('',(-5.47788186919,-7.167586605806,5.));
#1020 = DIRECTION('',(-0.783693457326,0.621147780278,-1.649360251387E-16
    ));
#1021 = DIRECTION('',(-0.621147780278,-0.783693457326,8.700745205712E-17
    ));
#1022 = DEFINITIONAL_REPRESENTATION('',(#1023),#1027);
#1023 = LINE('',#1024,#1025);
#1024 = CARTESIAN_POINT('',(-5.101297604831,-4.5));
#1025 = VECTOR('',#1026,1.);
#1026 = DIRECTION('',(1.,-7.606866409153E-17));
#1027 = ( GEOMETRIC_REPRESENTATION_CONTEXT(2) 
PARAMETRIC_REPRESENTATION_CONTEXT() REPRESENTATION_CONTEXT('2D SPACE',''
  ) );
#1028 = ORIENTED_EDGE('',*,*,#1029,.T.);
#1029 = EDGE_CURVE('',#1002,#1030,#1032,.T.);
#1030 = VERTEX_POINT('',#1031);
#1031 = CARTESIAN_POINT('',(-5.288288979628,-7.834431101287,0.5));
#1032 = SURFACE_CURVE('',#1033,(#1038,#1045),.PCURVE_S1.);
#1033 = CIRCLE('',#1034,6.);
#1034 = AXIS2_PLACEMENT_3D('',#1035,#1036,#1037);
#1035 = CARTESIAN_POINT('',(5.510910596163E-16,-5.,0.5));
#1036 = DIRECTION('',(-1.224646799147E-16,1.110223024625E-16,1.));
#1037 = DIRECTION('',(-1.,-1.359631073447E-32,-1.224646799147E-16));
#1038 = PCURVE('',#402,#1039);
#1039 = DEFINITIONAL_REPRESENTATION('',(#1040),#1044);
#1040 = CIRCLE('',#1041,6.);
#1041 = AXIS2_PLACEMENT_2D('',#1042,#1043);
#1042 = CARTESIAN_POINT('',(-5.510910596163E-16,0.));
#1043 = DIRECTION('',(1.,0.));
#1044 = ( GEOMETRIC_REPRESENTATION_CONTEXT(2) 
PARAMETRIC_REPRESENTATION_CONTEXT() REPRESENTATION_CONTEXT('2D SPACE',''
  ) );
#1045 = PCURVE('',#1046,#1051);
#1046 = CYLINDRICAL_SURFACE('',#1047,6.);
#1047 = AXIS2_PLACEMENT_3D('',#1048,#1049,#1050);
#1048 = CARTESIAN_POINT('',(0.,-5.,5.));
#1049 = DIRECTION('',(-1.224646799147E-16,1.110223024625E-16,1.));
#1050 = DIRECTION('',(-1.,-1.359631073447E-32,-1.224646799147E-16));
#1051 = DEFINITIONAL_REPRESENTATION('',(#1052),#1056);
#1052 = LINE('',#1053,#1054);
#1053 = CARTESIAN_POINT('',(0.,-4.5));
#1054 = VECTOR('',#1055,1.);
#1055 = DIRECTION('',(1.,0.));
#1056 = ( GEOMETRIC_REPRESENTATION_CONTEXT(2) 
PARAMETRIC_REPRESENTATION_CONTEXT() REPRESENTATION_CONTEXT('2D SPACE',''
  ) );
#1057 = ORIENTED_EDGE('',*,*,#1058,.T.);
#1058 = EDGE_CURVE('',#1030,#1059,#1061,.T.);
#1059 = VERTEX_POINT('',#1060);
#1060 = CARTESIAN_POINT('',(-5.163016496151,-7.837055185741,0.5));
#1061 = SURFACE_CURVE('',#1062,(#1066,#1073),.PCURVE_S1.);
#1062 = LINE('',#1063,#1064);
#1063 = CARTESIAN_POINT('',(-6.166619161912E-02,-7.943913241528,0.5));
#1064 = VECTOR('',#1065,1.);
#1065 = DIRECTION('',(0.999780683475,-2.094241988336E-02,
    1.247628970613E-16));
#1066 = PCURVE('',#402,#1067);
#1067 = DEFINITIONAL_REPRESENTATION('',(#1068),#1072);
#1068 = LINE('',#1069,#1070);
#1069 = CARTESIAN_POINT('',(6.166619161912E-02,2.943913241528));
#1070 = VECTOR('',#1071,1.);
#1071 = DIRECTION('',(-0.999780683475,2.094241988336E-02));
#1072 = ( GEOMETRIC_REPRESENTATION_CONTEXT(2) 
PARAMETRIC_REPRESENTATION_CONTEXT() REPRESENTATION_CONTEXT('2D SPACE',''
  ) );
#1073 = PCURVE('',#1074,#1079);
#1074 = PLANE('',#1075);
#1075 = AXIS2_PLACEMENT_3D('',#1076,#1077,#1078);
#1076 = CARTESIAN_POINT('',(-5.163016496151,-7.837055185741,5.));
#1077 = DIRECTION('',(-2.094241988336E-02,-0.999780683475,
    1.084332466893E-16));
#1078 = DIRECTION('',(0.999780683475,-2.094241988336E-02,
    2.325075674587E-18));
#1079 = DEFINITIONAL_REPRESENTATION('',(#1080),#1084);
#1080 = LINE('',#1081,#1082);
#1081 = CARTESIAN_POINT('',(5.102469360382,-4.5));
#1082 = VECTOR('',#1083,1.);
#1083 = DIRECTION('',(1.,1.224378213867E-16));
#1084 = ( GEOMETRIC_REPRESENTATION_CONTEXT(2) 
PARAMETRIC_REPRESENTATION_CONTEXT() REPRESENTATION_CONTEXT('2D SPACE',''
  ) );
#1085 = ORIENTED_EDGE('',*,*,#1086,.T.);
#1086 = EDGE_CURVE('',#1059,#1087,#1089,.T.);
#1087 = VERTEX_POINT('',#1088);
#1088 = CARTESIAN_POINT('',(-5.227939813603,-7.944256324667,0.5));
#1089 = SURFACE_CURVE('',#1090,(#1094,#1101),.PCURVE_S1.);
#1090 = LINE('',#1091,#1092);
#1091 = CARTESIAN_POINT('',(-2.520406553998,-3.473587534126,0.5));
#1092 = VECTOR('',#1093,1.);
#1093 = DIRECTION('',(-0.518027009373,-0.855364260161,3.15244977171E-17)
  );
#1094 = PCURVE('',#402,#1095);
#1095 = DEFINITIONAL_REPRESENTATION('',(#1096),#1100);
#1096 = LINE('',#1097,#1098);
#1097 = CARTESIAN_POINT('',(2.520406553998,-1.526412465874));
#1098 = VECTOR('',#1099,1.);
#1099 = DIRECTION('',(0.518027009373,0.855364260161));
#1100 = ( GEOMETRIC_REPRESENTATION_CONTEXT(2) 
PARAMETRIC_REPRESENTATION_CONTEXT() REPRESENTATION_CONTEXT('2D SPACE',''
  ) );
#1101 = PCURVE('',#1102,#1107);
#1102 = PLANE('',#1103);
#1103 = AXIS2_PLACEMENT_3D('',#1104,#1105,#1106);
#1104 = CARTESIAN_POINT('',(-5.163016496151,-7.837055185741,5.));
#1105 = DIRECTION('',(-0.855364260161,0.518027009373,-1.622644616494E-16
    ));
#1106 = DIRECTION('',(-0.518027009373,-0.855364260161,9.496450960717E-17
    ));
#1107 = DEFINITIONAL_REPRESENTATION('',(#1108),#1112);
#1108 = LINE('',#1109,#1110);
#1109 = CARTESIAN_POINT('',(-5.101297604831,-4.5));
#1110 = VECTOR('',#1111,1.);
#1111 = DIRECTION('',(1.,-6.344001189007E-17));
#1112 = ( GEOMETRIC_REPRESENTATION_CONTEXT(2) 
PARAMETRIC_REPRESENTATION_CONTEXT() REPRESENTATION_CONTEXT('2D SPACE',''
  ) );
#1113 = ORIENTED_EDGE('',*,*,#1114,.T.);
#1114 = EDGE_CURVE('',#1087,#1115,#1117,.T.);
#1115 = VERTEX_POINT('',#1116);
#1116 = CARTESIAN_POINT('',(-4.891340826249,-8.474879123289,0.5));
#1117 = SURFACE_CURVE('',#1118,(#1123,#1130),.PCURVE_S1.);
#1118 = CIRCLE('',#1119,6.);
#1119 = AXIS2_PLACEMENT_3D('',#1120,#1121,#1122);
#1120 = CARTESIAN_POINT('',(5.510910596163E-16,-5.,0.5));
#1121 = DIRECTION('',(-1.224646799147E-16,1.110223024625E-16,1.));
#1122 = DIRECTION('',(-1.,-1.359631073447E-32,-1.224646799147E-16));
#1123 = PCURVE('',#402,#1124);
#1124 = DEFINITIONAL_REPRESENTATION('',(#1125),#1129);
#1125 = CIRCLE('',#1126,6.);
#1126 = AXIS2_PLACEMENT_2D('',#1127,#1128);
#1127 = CARTESIAN_POINT('',(-5.510910596163E-16,0.));
#1128 = DIRECTION('',(1.,0.));
#1129 = ( GEOMETRIC_REPRESENTATION_CONTEXT(2) 
PARAMETRIC_REPRESENTATION_CONTEXT() REPRESENTATION_CONTEXT('2D SPACE',''
  ) );
#1130 = PCURVE('',#1131,#1136);
#1131 = CYLINDRICAL_SURFACE('',#1132,6.);
#1132 = AXIS2_PLACEMENT_3D('',#1133,#1134,#1135);
#1133 = CARTESIAN_POINT('',(0.,-5.,5.));
#1134 = DIRECTION('',(-1.224646799147E-16,1.110223024625E-16,1.));
#1135 = DIRECTION('',(-1.,-1.359631073447E-32,-1.224646799147E-16));
#1136 = DEFINITIONAL_REPRESENTATION('',(#1137),#1141);
#1137 = LINE('',#1138,#1139);
#1138 = CARTESIAN_POINT('',(0.,-4.5));
#1139 = VECTOR('',#1140,1.);
#1140 = DIRECTION('',(1.,0.));
#1141 = ( GEOMETRIC_REPRESENTATION_CONTEXT(2) 
PARAMETRIC_REPRESENTATION_CONTEXT() REPRESENTATION_CONTEXT('2D SPACE',''
  ) );
#1142 = ORIENTED_EDGE('',*,*,#1143,.T.);
#1143 = EDGE_CURVE('',#1115,#1144,#1146,.T.);
#1144 = VERTEX_POINT('',#1145);
#1145 = CARTESIAN_POINT('',(-4.766727268732,-8.461781710623,0.5));
#1146 = SURFACE_CURVE('',#1147,(#1151,#1158),.PCURVE_S1.);
#1147 = LINE('',#1148,#1149);
#1148 = CARTESIAN_POINT('',(0.307790230614,-7.928428429512,0.5));
#1149 = VECTOR('',#1150,1.);
#1150 = DIRECTION('',(0.994521895368,0.104528463268,1.101888149196E-16)
  );
#1151 = PCURVE('',#402,#1152);
#1152 = DEFINITIONAL_REPRESENTATION('',(#1153),#1157);
#1153 = LINE('',#1154,#1155);
#1154 = CARTESIAN_POINT('',(-0.307790230614,2.928428429512));
#1155 = VECTOR('',#1156,1.);
#1156 = DIRECTION('',(-0.994521895368,-0.104528463268));
#1157 = ( GEOMETRIC_REPRESENTATION_CONTEXT(2) 
PARAMETRIC_REPRESENTATION_CONTEXT() REPRESENTATION_CONTEXT('2D SPACE',''
  ) );
#1158 = PCURVE('',#1159,#1164);
#1159 = PLANE('',#1160);
#1160 = AXIS2_PLACEMENT_3D('',#1161,#1162,#1163);
#1161 = CARTESIAN_POINT('',(-4.766727268732,-8.461781710623,5.));
#1162 = DIRECTION('',(0.104528463268,-0.994521895368,1.232151554692E-16)
  );
#1163 = DIRECTION('',(0.994521895368,0.104528463268,-1.160499066484E-17)
  );
#1164 = DEFINITIONAL_REPRESENTATION('',(#1165),#1169);
#1165 = LINE('',#1166,#1167);
#1166 = CARTESIAN_POINT('',(5.102469360382,-4.5));
#1167 = VECTOR('',#1168,1.);
#1168 = DIRECTION('',(1.,1.217938055845E-16));
#1169 = ( GEOMETRIC_REPRESENTATION_CONTEXT(2) 
PARAMETRIC_REPRESENTATION_CONTEXT() REPRESENTATION_CONTEXT('2D SPACE',''
  ) );
#1170 = ORIENTED_EDGE('',*,*,#1171,.T.);
#1171 = EDGE_CURVE('',#1144,#1172,#1174,.T.);
#1172 = VERTEX_POINT('',#1173);
#1173 = CARTESIAN_POINT('',(-4.81770278105,-8.576274585859,0.5));
#1174 = SURFACE_CURVE('',#1175,(#1179,#1186),.PCURVE_S1.);
#1175 = LINE('',#1176,#1177);
#1176 = CARTESIAN_POINT('',(-2.691842605612,-3.801514455646,0.5));
#1177 = VECTOR('',#1178,1.);
#1178 = DIRECTION('',(-0.406736643076,-0.913545457643,5.161304730778E-17
    ));
#1179 = PCURVE('',#402,#1180);
#1180 = DEFINITIONAL_REPRESENTATION('',(#1181),#1185);
#1181 = LINE('',#1182,#1183);
#1182 = CARTESIAN_POINT('',(2.691842605612,-1.198485544354));
#1183 = VECTOR('',#1184,1.);
#1184 = DIRECTION('',(0.406736643076,0.913545457643));
#1185 = ( GEOMETRIC_REPRESENTATION_CONTEXT(2) 
PARAMETRIC_REPRESENTATION_CONTEXT() REPRESENTATION_CONTEXT('2D SPACE',''
  ) );
#1186 = PCURVE('',#1187,#1192);
#1187 = PLANE('',#1188);
#1188 = AXIS2_PLACEMENT_3D('',#1189,#1190,#1191);
#1189 = CARTESIAN_POINT('',(-4.766727268732,-8.461781710623,5.));
#1190 = DIRECTION('',(-0.913545457643,0.406736643076,-1.570338906679E-16
    ));
#1191 = DIRECTION('',(-0.406736643076,-0.913545457643,1.014239201117E-16
    ));
#1192 = DEFINITIONAL_REPRESENTATION('',(#1193),#1197);
#1193 = LINE('',#1194,#1195);
#1194 = CARTESIAN_POINT('',(-5.101297604831,-4.5));
#1195 = VECTOR('',#1196,1.);
#1196 = DIRECTION('',(1.,-4.981087280387E-17));
#1197 = ( GEOMETRIC_REPRESENTATION_CONTEXT(2) 
PARAMETRIC_REPRESENTATION_CONTEXT() REPRESENTATION_CONTEXT('2D SPACE',''
  ) );
#1198 = ORIENTED_EDGE('',*,*,#1199,.T.);
#1199 = EDGE_CURVE('',#1172,#1200,#1202,.T.);
#1200 = VERTEX_POINT('',#1201);
#1201 = CARTESIAN_POINT('',(-4.417253306094,-9.060526225725,0.5));
#1202 = SURFACE_CURVE('',#1203,(#1208,#1215),.PCURVE_S1.);
#1203 = CIRCLE('',#1204,6.);
#1204 = AXIS2_PLACEMENT_3D('',#1205,#1206,#1207);
#1205 = CARTESIAN_POINT('',(5.510910596163E-16,-5.,0.5));
#1206 = DIRECTION('',(-1.224646799147E-16,1.110223024625E-16,1.));
#1207 = DIRECTION('',(-1.,-1.359631073447E-32,-1.224646799147E-16));
#1208 = PCURVE('',#402,#1209);
#1209 = DEFINITIONAL_REPRESENTATION('',(#1210),#1214);
#1210 = CIRCLE('',#1211,6.);
#1211 = AXIS2_PLACEMENT_2D('',#1212,#1213);
#1212 = CARTESIAN_POINT('',(-5.510910596163E-16,0.));
#1213 = DIRECTION('',(1.,0.));
#1214 = ( GEOMETRIC_REPRESENTATION_CONTEXT(2) 
PARAMETRIC_REPRESENTATION_CONTEXT() REPRESENTATION_CONTEXT('2D SPACE',''
  ) );
#1215 = PCURVE('',#1216,#1221);
#1216 = CYLINDRICAL_SURFACE('',#1217,6.);
#1217 = AXIS2_PLACEMENT_3D('',#1218,#1219,#1220);
#1218 = CARTESIAN_POINT('',(0.,-5.,5.));
#1219 = DIRECTION('',(-1.224646799147E-16,1.110223024625E-16,1.));
#1220 = DIRECTION('',(-1.,-1.359631073447E-32,-1.224646799147E-16));
#1221 = DEFINITIONAL_REPRESENTATION('',(#1222),#1226);
#1222 = LINE('',#1223,#1224);
#1223 = CARTESIAN_POINT('',(0.,-4.5));
#1224 = VECTOR('',#1225,1.);
#1225 = DIRECTION('',(1.,0.));
#1226 = ( GEOMETRIC_REPRESENTATION_CONTEXT(2) 
PARAMETRIC_REPRESENTATION_CONTEXT() REPRESENTATION_CONTEXT('2D SPACE',''
  ) );
#1227 = ORIENTED_EDGE('',*,*,#1228,.T.);
#1228 = EDGE_CURVE('',#1200,#1229,#1231,.T.);
#1229 = VERTEX_POINT('',#1230);
#1230 = CARTESIAN_POINT('',(-4.295263904779,-9.03191386996,0.5));
#1231 = SURFACE_CURVE('',#1232,(#1236,#1243),.PCURVE_S1.);
#1232 = LINE('',#1233,#1234);
#1233 = CARTESIAN_POINT('',(0.672392617046,-7.866760551803,0.5));
#1234 = VECTOR('',#1235,1.);
#1235 = DIRECTION('',(0.973578902873,0.228350870111,9.38769893431E-17));
#1236 = PCURVE('',#402,#1237);
#1237 = DEFINITIONAL_REPRESENTATION('',(#1238),#1242);
#1238 = LINE('',#1239,#1240);
#1239 = CARTESIAN_POINT('',(-0.672392617046,2.866760551803));
#1240 = VECTOR('',#1241,1.);
#1241 = DIRECTION('',(-0.973578902873,-0.228350870111));
#1242 = ( GEOMETRIC_REPRESENTATION_CONTEXT(2) 
PARAMETRIC_REPRESENTATION_CONTEXT() REPRESENTATION_CONTEXT('2D SPACE',''
  ) );
#1243 = PCURVE('',#1244,#1249);
#1244 = PLANE('',#1245);
#1245 = AXIS2_PLACEMENT_3D('',#1246,#1247,#1248);
#1246 = CARTESIAN_POINT('',(-4.295263904779,-9.03191386996,5.));
#1247 = DIRECTION('',(0.228350870111,-0.973578902873,1.360538876423E-16)
  );
#1248 = DIRECTION('',(0.973578902873,0.228350870111,-2.5352039369E-17));
#1249 = DEFINITIONAL_REPRESENTATION('',(#1250),#1254);
#1250 = LINE('',#1251,#1252);
#1251 = CARTESIAN_POINT('',(5.102469360382,-4.5));
#1252 = VECTOR('',#1253,1.);
#1253 = DIRECTION('',(1.,1.192290287121E-16));
#1254 = ( GEOMETRIC_REPRESENTATION_CONTEXT(2) 
PARAMETRIC_REPRESENTATION_CONTEXT() REPRESENTATION_CONTEXT('2D SPACE',''
  ) );
#1255 = ORIENTED_EDGE('',*,*,#1256,.T.);
#1256 = EDGE_CURVE('',#1229,#1257,#1259,.T.);
#1257 = VERTEX_POINT('',#1258);
#1258 = CARTESIAN_POINT('',(-4.331487697684,-9.151892860469,0.5));
#1259 = SURFACE_CURVE('',#1260,(#1264,#1271),.PCURVE_S1.);
#1260 = LINE('',#1261,#1262);
#1261 = CARTESIAN_POINT('',(-2.820826691306,-4.148342210141,0.5));
#1262 = VECTOR('',#1263,1.);
#1263 = DIRECTION('',(-0.289031796944,-0.957319497532,7.088762831028E-17
    ));
#1264 = PCURVE('',#402,#1265);
#1265 = DEFINITIONAL_REPRESENTATION('',(#1266),#1270);
#1266 = LINE('',#1267,#1268);
#1267 = CARTESIAN_POINT('',(2.820826691306,-0.851657789859));
#1268 = VECTOR('',#1269,1.);
#1269 = DIRECTION('',(0.289031796944,0.957319497532));
#1270 = ( GEOMETRIC_REPRESENTATION_CONTEXT(2) 
PARAMETRIC_REPRESENTATION_CONTEXT() REPRESENTATION_CONTEXT('2D SPACE',''
  ) );
#1271 = PCURVE('',#1272,#1277);
#1272 = PLANE('',#1273);
#1273 = AXIS2_PLACEMENT_3D('',#1274,#1275,#1276);
#1274 = CARTESIAN_POINT('',(-4.295263904779,-9.03191386996,5.));
#1275 = DIRECTION('',(-0.957319497532,0.289031796944,-1.493268014231E-16
    ));
#1276 = DIRECTION('',(-0.289031796944,-0.957319497532,1.062838148083E-16
    ));
#1277 = DEFINITIONAL_REPRESENTATION('',(#1278),#1282);
#1278 = LINE('',#1279,#1280);
#1279 = CARTESIAN_POINT('',(-5.101297604831,-4.5));
#1280 = VECTOR('',#1281,1.);
#1281 = DIRECTION('',(1.,-3.539618649799E-17));
#1282 = ( GEOMETRIC_REPRESENTATION_CONTEXT(2) 
PARAMETRIC_REPRESENTATION_CONTEXT() REPRESENTATION_CONTEXT('2D SPACE',''
  ) );
#1283 = ORIENTED_EDGE('',*,*,#1284,.T.);
#1284 = EDGE_CURVE('',#1257,#1285,#1287,.T.);
#1285 = VERTEX_POINT('',#1286);
#1286 = CARTESIAN_POINT('',(-3.873503062563,-9.58213640394,0.5));
#1287 = SURFACE_CURVE('',#1288,(#1293,#1300),.PCURVE_S1.);
#1288 = CIRCLE('',#1289,6.);
#1289 = AXIS2_PLACEMENT_3D('',#1290,#1291,#1292);
#1290 = CARTESIAN_POINT('',(5.510910596163E-16,-5.,0.5));
#1291 = DIRECTION('',(-1.224646799147E-16,1.110223024625E-16,1.));
#1292 = DIRECTION('',(-1.,-1.359631073447E-32,-1.224646799147E-16));
#1293 = PCURVE('',#402,#1294);
#1294 = DEFINITIONAL_REPRESENTATION('',(#1295),#1299);
#1295 = CIRCLE('',#1296,6.);
#1296 = AXIS2_PLACEMENT_2D('',#1297,#1298);
#1297 = CARTESIAN_POINT('',(-5.510910596163E-16,0.));
#1298 = DIRECTION('',(1.,0.));
#1299 = ( GEOMETRIC_REPRESENTATION_CONTEXT(2) 
PARAMETRIC_REPRESENTATION_CONTEXT() REPRESENTATION_CONTEXT('2D SPACE',''
  ) );
#1300 = PCURVE('',#1301,#1306);
#1301 = CYLINDRICAL_SURFACE('',#1302,6.);
#1302 = AXIS2_PLACEMENT_3D('',#1303,#1304,#1305);
#1303 = CARTESIAN_POINT('',(0.,-5.,5.));
#1304 = DIRECTION('',(-1.224646799147E-16,1.110223024625E-16,1.));
#1305 = DIRECTION('',(-1.,-1.359631073447E-32,-1.224646799147E-16));
#1306 = DEFINITIONAL_REPRESENTATION('',(#1307),#1311);
#1307 = LINE('',#1308,#1309);
#1308 = CARTESIAN_POINT('',(0.,-4.5));
#1309 = VECTOR('',#1310,1.);
#1310 = DIRECTION('',(1.,0.));
#1311 = ( GEOMETRIC_REPRESENTATION_CONTEXT(2) 
PARAMETRIC_REPRESENTATION_CONTEXT() REPRESENTATION_CONTEXT('2D SPACE',''
  ) );
#1312 = ORIENTED_EDGE('',*,*,#1313,.T.);
#1313 = EDGE_CURVE('',#1285,#1314,#1316,.T.);
#1314 = VERTEX_POINT('',#1315);
#1315 = CARTESIAN_POINT('',(-3.756061663182,-9.538460339019,0.5));
#1316 = SURFACE_CURVE('',#1317,(#1321,#1328),.PCURVE_S1.);
#1317 = LINE('',#1318,#1319);
#1318 = CARTESIAN_POINT('',(1.026390970238,-7.759882147673,0.5));
#1319 = VECTOR('',#1320,1.);
#1320 = DIRECTION('',(0.937281989492,0.348572047322,7.608466756523E-17)
  );
#1321 = PCURVE('',#402,#1322);
#1322 = DEFINITIONAL_REPRESENTATION('',(#1323),#1327);
#1323 = LINE('',#1324,#1325);
#1324 = CARTESIAN_POINT('',(-1.026390970238,2.759882147673));
#1325 = VECTOR('',#1326,1.);
#1326 = DIRECTION('',(-0.937281989492,-0.348572047322));
#1327 = ( GEOMETRIC_REPRESENTATION_CONTEXT(2) 
PARAMETRIC_REPRESENTATION_CONTEXT() REPRESENTATION_CONTEXT('2D SPACE',''
  ) );
#1328 = PCURVE('',#1329,#1334);
#1329 = PLANE('',#1330);
#1330 = AXIS2_PLACEMENT_3D('',#1331,#1332,#1333);
#1331 = CARTESIAN_POINT('',(-3.756061663182,-9.538460339019,5.));
#1332 = DIRECTION('',(0.348572047322,-0.937281989492,1.467469687325E-16)
  );
#1333 = DIRECTION('',(0.937281989492,0.348572047322,-3.869927126774E-17)
  );
#1334 = DEFINITIONAL_REPRESENTATION('',(#1335),#1339);
#1335 = LINE('',#1336,#1337);
#1336 = CARTESIAN_POINT('',(5.102469360382,-4.5));
#1337 = VECTOR('',#1338,1.);
#1338 = DIRECTION('',(1.,1.14783938833E-16));
#1339 = ( GEOMETRIC_REPRESENTATION_CONTEXT(2) 
PARAMETRIC_REPRESENTATION_CONTEXT() REPRESENTATION_CONTEXT('2D SPACE',''
  ) );
#1340 = ORIENTED_EDGE('',*,*,#1341,.T.);
#1341 = EDGE_CURVE('',#1314,#1342,#1344,.T.);
#1342 = VERTEX_POINT('',#1343);
#1343 = CARTESIAN_POINT('',(-3.77696246582,-9.662033304449,0.5));
#1344 = SURFACE_CURVE('',#1345,(#1349,#1356),.PCURVE_S1.);
#1345 = LINE('',#1346,#1347);
#1346 = CARTESIAN_POINT('',(-2.905324654998,-4.508601116738,0.5));
#1347 = VECTOR('',#1348,1.);
#1348 = DIRECTION('',(-0.166768746716,-0.985996037071,8.904426906811E-17
    ));
#1349 = PCURVE('',#402,#1350);
#1350 = DEFINITIONAL_REPRESENTATION('',(#1351),#1355);
#1351 = LINE('',#1352,#1353);
#1352 = CARTESIAN_POINT('',(2.905324654998,-0.491398883262));
#1353 = VECTOR('',#1354,1.);
#1354 = DIRECTION('',(0.166768746716,0.985996037071));
#1355 = ( GEOMETRIC_REPRESENTATION_CONTEXT(2) 
PARAMETRIC_REPRESENTATION_CONTEXT() REPRESENTATION_CONTEXT('2D SPACE',''
  ) );
#1356 = PCURVE('',#1357,#1362);
#1357 = PLANE('',#1358);
#1358 = AXIS2_PLACEMENT_3D('',#1359,#1360,#1361);
#1359 = CARTESIAN_POINT('',(-3.756061663182,-9.538460339019,5.));
#1360 = DIRECTION('',(-0.985996037071,0.166768746716,-1.392647393162E-16
    ));
#1361 = DIRECTION('',(-0.166768746716,-0.985996037071,1.094675502545E-16
    ));
#1362 = DEFINITIONAL_REPRESENTATION('',(#1363),#1367);
#1363 = LINE('',#1364,#1365);
#1364 = CARTESIAN_POINT('',(-5.101297604831,-4.5));
#1365 = VECTOR('',#1366,1.);
#1366 = DIRECTION('',(1.,-2.042328118637E-17));
#1367 = ( GEOMETRIC_REPRESENTATION_CONTEXT(2) 
PARAMETRIC_REPRESENTATION_CONTEXT() REPRESENTATION_CONTEXT('2D SPACE',''
  ) );
#1368 = ORIENTED_EDGE('',*,*,#1369,.T.);
#1369 = EDGE_CURVE('',#1342,#1370,#1372,.T.);
#1370 = VERTEX_POINT('',#1371);
#1371 = CARTESIAN_POINT('',(-3.268665361817,-10.03148355382,0.5));
#1372 = SURFACE_CURVE('',#1373,(#1378,#1385),.PCURVE_S1.);
#1373 = CIRCLE('',#1374,6.);
#1374 = AXIS2_PLACEMENT_3D('',#1375,#1376,#1377);
#1375 = CARTESIAN_POINT('',(5.510910596163E-16,-5.,0.5));
#1376 = DIRECTION('',(-1.224646799147E-16,1.110223024625E-16,1.));
#1377 = DIRECTION('',(-1.,-1.359631073447E-32,-1.224646799147E-16));
#1378 = PCURVE('',#402,#1379);
#1379 = DEFINITIONAL_REPRESENTATION('',(#1380),#1384);
#1380 = CIRCLE('',#1381,6.);
#1381 = AXIS2_PLACEMENT_2D('',#1382,#1383);
#1382 = CARTESIAN_POINT('',(-5.510910596163E-16,0.));
#1383 = DIRECTION('',(1.,0.));
#1384 = ( GEOMETRIC_REPRESENTATION_CONTEXT(2) 
PARAMETRIC_REPRESENTATION_CONTEXT() REPRESENTATION_CONTEXT('2D SPACE',''
  ) );
#1385 = PCURVE('',#1386,#1391);
#1386 = CYLINDRICAL_SURFACE('',#1387,6.);
#1387 = AXIS2_PLACEMENT_3D('',#1388,#1389,#1390);
#1388 = CARTESIAN_POINT('',(0.,-5.,5.));
#1389 = DIRECTION('',(-1.224646799147E-16,1.110223024625E-16,1.));
#1390 = DIRECTION('',(-1.,-1.359631073447E-32,-1.224646799147E-16));
#1391 = DEFINITIONAL_REPRESENTATION('',(#1392),#1396);
#1392 = LINE('',#1393,#1394);
#1393 = CARTESIAN_POINT('',(0.,-4.5));
#1394 = VECTOR('',#1395,1.);
#1395 = DIRECTION('',(1.,0.));
#1396 = ( GEOMETRIC_REPRESENTATION_CONTEXT(2) 
PARAMETRIC_REPRESENTATION_CONTEXT() REPRESENTATION_CONTEXT('2D SPACE',''
  ) );
#1397 = ORIENTED_EDGE('',*,*,#1398,.T.);
#1398 = EDGE_CURVE('',#1370,#1399,#1401,.T.);
#1399 = VERTEX_POINT('',#1400);
#1400 = CARTESIAN_POINT('',(-3.157624085394,-9.973432577387,0.5));
#1401 = SURFACE_CURVE('',#1402,(#1406,#1413),.PCURVE_S1.);
#1402 = LINE('',#1403,#1404);
#1403 = CARTESIAN_POINT('',(1.364202524694,-7.609478753401,0.5));
#1404 = VECTOR('',#1405,1.);
#1405 = DIRECTION('',(0.886203579231,0.46329603512,5.709244512908E-17));
#1406 = PCURVE('',#402,#1407);
#1407 = DEFINITIONAL_REPRESENTATION('',(#1408),#1412);
#1408 = LINE('',#1409,#1410);
#1409 = CARTESIAN_POINT('',(-1.364202524694,2.609478753401));
#1410 = VECTOR('',#1411,1.);
#1411 = DIRECTION('',(-0.886203579231,-0.46329603512));
#1412 = ( GEOMETRIC_REPRESENTATION_CONTEXT(2) 
PARAMETRIC_REPRESENTATION_CONTEXT() REPRESENTATION_CONTEXT('2D SPACE',''
  ) );
#1413 = PCURVE('',#1414,#1419);
#1414 = PLANE('',#1415);
#1415 = AXIS2_PLACEMENT_3D('',#1416,#1417,#1418);
#1416 = CARTESIAN_POINT('',(-3.157624085394,-9.973432577387,5.));
#1417 = DIRECTION('',(0.46329603512,-0.886203579231,1.551257624635E-16)
  );
#1418 = DIRECTION('',(0.886203579231,0.46329603512,-5.143619254076E-17)
  );
#1419 = DEFINITIONAL_REPRESENTATION('',(#1420),#1424);
#1420 = LINE('',#1421,#1422);
#1421 = CARTESIAN_POINT('',(5.102469360382,-4.5));
#1422 = VECTOR('',#1423,1.);
#1423 = DIRECTION('',(1.,1.085286376698E-16));
#1424 = ( GEOMETRIC_REPRESENTATION_CONTEXT(2) 
PARAMETRIC_REPRESENTATION_CONTEXT() REPRESENTATION_CONTEXT('2D SPACE',''
  ) );
#1425 = ORIENTED_EDGE('',*,*,#1426,.T.);
#1426 = EDGE_CURVE('',#1399,#1427,#1429,.T.);
#1427 = VERTEX_POINT('',#1428);
#1428 = CARTESIAN_POINT('',(-3.162872279622,-10.09865069825,0.5));
#1429 = SURFACE_CURVE('',#1430,(#1434,#1441),.PCURVE_S1.);
#1430 = LINE('',#1431,#1432);
#1431 = CARTESIAN_POINT('',(-2.944003913324,-4.876609677271,0.5));
#1432 = VECTOR('',#1433,1.);
#1433 = DIRECTION('',(-4.18756537292E-02,-0.999122830099,
    1.057966285103E-16));
#1434 = PCURVE('',#402,#1435);
#1435 = DEFINITIONAL_REPRESENTATION('',(#1436),#1440);
#1436 = LINE('',#1437,#1438);
#1437 = CARTESIAN_POINT('',(2.944003913324,-0.123390322729));
#1438 = VECTOR('',#1439,1.);
#1439 = DIRECTION('',(4.18756537292E-02,0.999122830099));
#1440 = ( GEOMETRIC_REPRESENTATION_CONTEXT(2) 
PARAMETRIC_REPRESENTATION_CONTEXT() REPRESENTATION_CONTEXT('2D SPACE',''
  ) );
#1441 = PCURVE('',#1442,#1447);
#1442 = PLANE('',#1443);
#1443 = AXIS2_PLACEMENT_3D('',#1444,#1445,#1446);
#1444 = CARTESIAN_POINT('',(-3.157624085394,-9.973432577387,5.));
#1445 = DIRECTION('',(-0.999122830099,4.18756537292E-02,
    -1.270063890777E-16));
#1446 = DIRECTION('',(-4.18756537292E-02,-0.999122830099,
    1.109249170404E-16));
#1447 = DEFINITIONAL_REPRESENTATION('',(#1448),#1452);
#1448 = LINE('',#1449,#1450);
#1449 = CARTESIAN_POINT('',(-5.101297604831,-4.5));
#1450 = VECTOR('',#1451,1.);
#1451 = DIRECTION('',(1.,-5.128288530166E-18));
#1452 = ( GEOMETRIC_REPRESENTATION_CONTEXT(2) 
PARAMETRIC_REPRESENTATION_CONTEXT() REPRESENTATION_CONTEXT('2D SPACE',''
  ) );
#1453 = ORIENTED_EDGE('',*,*,#1454,.T.);
#1454 = EDGE_CURVE('',#1427,#1455,#1457,.T.);
#1455 = VERTEX_POINT('',#1456);
#1456 = CARTESIAN_POINT('',(-2.612278855709,-10.40148120241,0.5));
#1457 = SURFACE_CURVE('',#1458,(#1463,#1470),.PCURVE_S1.);
#1458 = CIRCLE('',#1459,6.);
#1459 = AXIS2_PLACEMENT_3D('',#1460,#1461,#1462);
#1460 = CARTESIAN_POINT('',(5.510910596163E-16,-5.,0.5));
#1461 = DIRECTION('',(-1.224646799147E-16,1.110223024625E-16,1.));
#1462 = DIRECTION('',(-1.,-1.359631073447E-32,-1.224646799147E-16));
#1463 = PCURVE('',#402,#1464);
#1464 = DEFINITIONAL_REPRESENTATION('',(#1465),#1469);
#1465 = CIRCLE('',#1466,6.);
#1466 = AXIS2_PLACEMENT_2D('',#1467,#1468);
#1467 = CARTESIAN_POINT('',(-5.510910596163E-16,0.));
#1468 = DIRECTION('',(1.,0.));
#1469 = ( GEOMETRIC_REPRESENTATION_CONTEXT(2) 
PARAMETRIC_REPRESENTATION_CONTEXT() REPRESENTATION_CONTEXT('2D SPACE',''
  ) );
#1470 = PCURVE('',#1471,#1476);
#1471 = CYLINDRICAL_SURFACE('',#1472,6.);
#1472 = AXIS2_PLACEMENT_3D('',#1473,#1474,#1475);
#1473 = CARTESIAN_POINT('',(0.,-5.,5.));
#1474 = DIRECTION('',(-1.224646799147E-16,1.110223024625E-16,1.));
#1475 = DIRECTION('',(-1.,-1.359631073447E-32,-1.224646799147E-16));
#1476 = DEFINITIONAL_REPRESENTATION('',(#1477),#1481);
#1477 = LINE('',#1478,#1479);
#1478 = CARTESIAN_POINT('',(0.,-4.5));
#1479 = VECTOR('',#1480,1.);
#1480 = DIRECTION('',(1.,0.));
#1481 = ( GEOMETRIC_REPRESENTATION_CONTEXT(2) 
PARAMETRIC_REPRESENTATION_CONTEXT() REPRESENTATION_CONTEXT('2D SPACE',''
  ) );
#1482 = ORIENTED_EDGE('',*,*,#1483,.T.);
#1483 = EDGE_CURVE('',#1455,#1484,#1486,.T.);
#1484 = VERTEX_POINT('',#1485);
#1485 = CARTESIAN_POINT('',(-2.509388889506,-10.32997081302,0.5));
#1486 = SURFACE_CURVE('',#1487,(#1491,#1498),.PCURVE_S1.);
#1487 = LINE('',#1488,#1489);
#1488 = CARTESIAN_POINT('',(1.680499790401,-7.41792232036,0.5));
#1489 = VECTOR('',#1490,1.);
#1490 = DIRECTION('',(0.821149209134,0.570713567684,3.719984072787E-17)
  );
#1491 = PCURVE('',#402,#1492);
#1492 = DEFINITIONAL_REPRESENTATION('',(#1493),#1497);
#1493 = LINE('',#1494,#1495);
#1494 = CARTESIAN_POINT('',(-1.680499790401,2.41792232036));
#1495 = VECTOR('',#1496,1.);
#1496 = DIRECTION('',(-0.821149209134,-0.570713567684));
#1497 = ( GEOMETRIC_REPRESENTATION_CONTEXT(2) 
PARAMETRIC_REPRESENTATION_CONTEXT() REPRESENTATION_CONTEXT('2D SPACE',''
  ) );
#1498 = PCURVE('',#1499,#1504);
#1499 = PLANE('',#1500);
#1500 = AXIS2_PLACEMENT_3D('',#1501,#1502,#1503);
#1501 = CARTESIAN_POINT('',(-2.509388889506,-10.32997081302,5.));
#1502 = DIRECTION('',(0.570713567684,-0.821149209134,1.610581302528E-16)
  );
#1503 = DIRECTION('',(0.821149209134,0.570713567684,-6.336193433092E-17)
  );
#1504 = DEFINITIONAL_REPRESENTATION('',(#1505),#1509);
#1505 = LINE('',#1506,#1507);
#1506 = CARTESIAN_POINT('',(5.102469360382,-4.5));
#1507 = VECTOR('',#1508,1.);
#1508 = DIRECTION('',(1.,1.005617750588E-16));
#1509 = ( GEOMETRIC_REPRESENTATION_CONTEXT(2) 
PARAMETRIC_REPRESENTATION_CONTEXT() REPRESENTATION_CONTEXT('2D SPACE',''
  ) );
#1510 = ORIENTED_EDGE('',*,*,#1511,.T.);
#1511 = EDGE_CURVE('',#1484,#1512,#1514,.T.);
#1512 = VERTEX_POINT('',#1513);
#1513 = CARTESIAN_POINT('',(-2.498901708166,-10.45485932476,0.5));
#1514 = SURFACE_CURVE('',#1515,(#1519,#1526),.PCURVE_S1.);
#1515 = LINE('',#1516,#1517);
#1516 = CARTESIAN_POINT('',(-2.936254471275,-5.246564176904,0.5));
#1517 = VECTOR('',#1518,1.);
#1518 = DIRECTION('',(8.367784333232E-02,-0.99649285925,
    1.20880511921E-16));
#1519 = PCURVE('',#402,#1520);
#1520 = DEFINITIONAL_REPRESENTATION('',(#1521),#1525);
#1521 = LINE('',#1522,#1523);
#1522 = CARTESIAN_POINT('',(2.936254471275,0.246564176904));
#1523 = VECTOR('',#1524,1.);
#1524 = DIRECTION('',(-8.367784333232E-02,0.99649285925));
#1525 = ( GEOMETRIC_REPRESENTATION_CONTEXT(2) 
PARAMETRIC_REPRESENTATION_CONTEXT() REPRESENTATION_CONTEXT('2D SPACE',''
  ) );
#1526 = PCURVE('',#1527,#1532);
#1527 = PLANE('',#1528);
#1528 = AXIS2_PLACEMENT_3D('',#1529,#1530,#1531);
#1529 = CARTESIAN_POINT('',(-2.509388889506,-10.32997081302,5.));
#1530 = DIRECTION('',(-0.99649285925,-8.367784333232E-02,
    -1.127450722135E-16));
#1531 = DIRECTION('',(8.367784333232E-02,-0.99649285925,
    1.106329316213E-16));
#1532 = DEFINITIONAL_REPRESENTATION('',(#1533),#1537);
#1533 = LINE('',#1534,#1535);
#1534 = CARTESIAN_POINT('',(-5.101297604831,-4.5));
#1535 = VECTOR('',#1536,1.);
#1536 = DIRECTION('',(1.,1.024758029965E-17));
#1537 = ( GEOMETRIC_REPRESENTATION_CONTEXT(2) 
PARAMETRIC_REPRESENTATION_CONTEXT() REPRESENTATION_CONTEXT('2D SPACE',''
  ) );
#1538 = ORIENTED_EDGE('',*,*,#1539,.T.);
#1539 = EDGE_CURVE('',#1512,#1540,#1542,.T.);
#1540 = VERTEX_POINT('',#1541);
#1541 = CARTESIAN_POINT('',(-1.914695151547,-10.68629426574,0.5));
#1542 = SURFACE_CURVE('',#1543,(#1548,#1555),.PCURVE_S1.);
#1543 = CIRCLE('',#1544,6.);
#1544 = AXIS2_PLACEMENT_3D('',#1545,#1546,#1547);
#1545 = CARTESIAN_POINT('',(5.510910596163E-16,-5.,0.5));
#1546 = DIRECTION('',(-1.224646799147E-16,1.110223024625E-16,1.));
#1547 = DIRECTION('',(-1.,-1.359631073447E-32,-1.224646799147E-16));
#1548 = PCURVE('',#402,#1549);
#1549 = DEFINITIONAL_REPRESENTATION('',(#1550),#1554);
#1550 = CIRCLE('',#1551,6.);
#1551 = AXIS2_PLACEMENT_2D('',#1552,#1553);
#1552 = CARTESIAN_POINT('',(-5.510910596163E-16,0.));
#1553 = DIRECTION('',(1.,0.));
#1554 = ( GEOMETRIC_REPRESENTATION_CONTEXT(2) 
PARAMETRIC_REPRESENTATION_CONTEXT() REPRESENTATION_CONTEXT('2D SPACE',''
  ) );
#1555 = PCURVE('',#1556,#1561);
#1556 = CYLINDRICAL_SURFACE('',#1557,6.);
#1557 = AXIS2_PLACEMENT_3D('',#1558,#1559,#1560);
#1558 = CARTESIAN_POINT('',(0.,-5.,5.));
#1559 = DIRECTION('',(-1.224646799147E-16,1.110223024625E-16,1.));
#1560 = DIRECTION('',(-1.,-1.359631073447E-32,-1.224646799147E-16));
#1561 = DEFINITIONAL_REPRESENTATION('',(#1562),#1566);
#1562 = LINE('',#1563,#1564);
#1563 = CARTESIAN_POINT('',(0.,-4.5));
#1564 = VECTOR('',#1565,1.);
#1565 = DIRECTION('',(1.,0.));
#1566 = ( GEOMETRIC_REPRESENTATION_CONTEXT(2) 
PARAMETRIC_REPRESENTATION_CONTEXT() REPRESENTATION_CONTEXT('2D SPACE',''
  ) );
#1567 = ORIENTED_EDGE('',*,*,#1568,.T.);
#1568 = EDGE_CURVE('',#1540,#1569,#1571,.T.);
#1569 = VERTEX_POINT('',#1570);
#1570 = CARTESIAN_POINT('',(-1.821579131794,-10.60245222497,0.5));
#1571 = SURFACE_CURVE('',#1572,(#1576,#1583),.PCURVE_S1.);
#1572 = LINE('',#1573,#1574);
#1573 = CARTESIAN_POINT('',(1.97029457053,-7.188233807931,0.5));
#1574 = VECTOR('',#1575,1.);
#1575 = DIRECTION('',(0.743144825477,0.669130606359,1.672057261628E-17)
  );
#1576 = PCURVE('',#402,#1577);
#1577 = DEFINITIONAL_REPRESENTATION('',(#1578),#1582);
#1578 = LINE('',#1579,#1580);
#1579 = CARTESIAN_POINT('',(-1.97029457053,2.188233807931));
#1580 = VECTOR('',#1581,1.);
#1581 = DIRECTION('',(-0.743144825477,-0.669130606359));
#1582 = ( GEOMETRIC_REPRESENTATION_CONTEXT(2) 
PARAMETRIC_REPRESENTATION_CONTEXT() REPRESENTATION_CONTEXT('2D SPACE',''
  ) );
#1583 = PCURVE('',#1584,#1589);
#1584 = PLANE('',#1585);
#1585 = AXIS2_PLACEMENT_3D('',#1586,#1587,#1588);
#1586 = CARTESIAN_POINT('',(-1.821579131794,-10.60245222497,5.));
#1587 = DIRECTION('',(0.669130606359,-0.743144825477,1.644505151165E-16)
  );
#1588 = DIRECTION('',(0.743144825477,0.669130606359,-7.42884205661E-17)
  );
#1589 = DEFINITIONAL_REPRESENTATION('',(#1590),#1594);
#1590 = LINE('',#1591,#1592);
#1591 = CARTESIAN_POINT('',(5.102469360382,-4.5));
#1592 = VECTOR('',#1593,1.);
#1593 = DIRECTION('',(1.,9.100899318238E-17));
#1594 = ( GEOMETRIC_REPRESENTATION_CONTEXT(2) 
PARAMETRIC_REPRESENTATION_CONTEXT() REPRESENTATION_CONTEXT('2D SPACE',''
  ) );
#1595 = ORIENTED_EDGE('',*,*,#1596,.T.);
#1596 = EDGE_CURVE('',#1569,#1597,#1599,.T.);
#1597 = VERTEX_POINT('',#1598);
#1598 = CARTESIAN_POINT('',(-1.795521964001,-10.72504156114,0.5));
#1599 = SURFACE_CURVE('',#1600,(#1604,#1611),.PCURVE_S1.);
#1600 = LINE('',#1601,#1602);
#1601 = CARTESIAN_POINT('',(-2.88219854218,-5.612630212176,0.5));
#1602 = VECTOR('',#1603,1.);
#1603 = DIRECTION('',(0.207911690818,-0.978147600734,1.340580374482E-16)
  );
#1604 = PCURVE('',#402,#1605);
#1605 = DEFINITIONAL_REPRESENTATION('',(#1606),#1610);
#1606 = LINE('',#1607,#1608);
#1607 = CARTESIAN_POINT('',(2.88219854218,0.612630212176));
#1608 = VECTOR('',#1609,1.);
#1609 = DIRECTION('',(-0.207911690818,0.978147600734));
#1610 = ( GEOMETRIC_REPRESENTATION_CONTEXT(2) 
PARAMETRIC_REPRESENTATION_CONTEXT() REPRESENTATION_CONTEXT('2D SPACE',''
  ) );
#1611 = PCURVE('',#1612,#1617);
#1612 = PLANE('',#1613);
#1613 = AXIS2_PLACEMENT_3D('',#1614,#1615,#1616);
#1614 = CARTESIAN_POINT('',(-1.821579131794,-10.60245222497,5.));
#1615 = DIRECTION('',(-0.978147600734,-0.207911690818,
    -9.670569820977E-17));
#1616 = DIRECTION('',(0.207911690818,-0.978147600734,1.085961987817E-16)
  );
#1617 = DEFINITIONAL_REPRESENTATION('',(#1618),#1622);
#1618 = LINE('',#1619,#1620);
#1619 = CARTESIAN_POINT('',(-5.101297604831,-4.5));
#1620 = VECTOR('',#1621,1.);
#1621 = DIRECTION('',(1.,2.546183866653E-17));
#1622 = ( GEOMETRIC_REPRESENTATION_CONTEXT(2) 
PARAMETRIC_REPRESENTATION_CONTEXT() REPRESENTATION_CONTEXT('2D SPACE',''
  ) );
#1623 = ORIENTED_EDGE('',*,*,#1624,.T.);
#1624 = EDGE_CURVE('',#1597,#1625,#1627,.T.);
#1625 = VERTEX_POINT('',#1626);
#1626 = CARTESIAN_POINT('',(-1.186915561061,-10.88143107167,0.5));
#1627 = SURFACE_CURVE('',#1628,(#1633,#1640),.PCURVE_S1.);
#1628 = CIRCLE('',#1629,6.);
#1629 = AXIS2_PLACEMENT_3D('',#1630,#1631,#1632);
#1630 = CARTESIAN_POINT('',(5.510910596163E-16,-5.,0.5));
#1631 = DIRECTION('',(-1.224646799147E-16,1.110223024625E-16,1.));
#1632 = DIRECTION('',(-1.,-1.359631073447E-32,-1.224646799147E-16));
#1633 = PCURVE('',#402,#1634);
#1634 = DEFINITIONAL_REPRESENTATION('',(#1635),#1639);
#1635 = CIRCLE('',#1636,6.);
#1636 = AXIS2_PLACEMENT_2D('',#1637,#1638);
#1637 = CARTESIAN_POINT('',(-5.510910596163E-16,0.));
#1638 = DIRECTION('',(1.,0.));
#1639 = ( GEOMETRIC_REPRESENTATION_CONTEXT(2) 
PARAMETRIC_REPRESENTATION_CONTEXT() REPRESENTATION_CONTEXT('2D SPACE',''
  ) );
#1640 = PCURVE('',#1641,#1646);
#1641 = CYLINDRICAL_SURFACE('',#1642,6.);
#1642 = AXIS2_PLACEMENT_3D('',#1643,#1644,#1645);
#1643 = CARTESIAN_POINT('',(0.,-5.,5.));
#1644 = DIRECTION('',(-1.224646799147E-16,1.110223024625E-16,1.));
#1645 = DIRECTION('',(-1.,-1.359631073447E-32,-1.224646799147E-16));
#1646 = DEFINITIONAL_REPRESENTATION('',(#1647),#1651);
#1647 = LINE('',#1648,#1649);
#1648 = CARTESIAN_POINT('',(0.,-4.5));
#1649 = VECTOR('',#1650,1.);
#1650 = DIRECTION('',(1.,0.));
#1651 = ( GEOMETRIC_REPRESENTATION_CONTEXT(2) 
PARAMETRIC_REPRESENTATION_CONTEXT() REPRESENTATION_CONTEXT('2D SPACE',''
  ) );
#1652 = ORIENTED_EDGE('',*,*,#1653,.T.);
#1653 = EDGE_CURVE('',#1625,#1654,#1656,.T.);
#1654 = VERTEX_POINT('',#1655);
#1655 = CARTESIAN_POINT('',(-1.105041983016,-10.78657961858,0.5));
#1656 = SURFACE_CURVE('',#1657,(#1661,#1668),.PCURVE_S1.);
#1657 = LINE('',#1658,#1659);
#1658 = CARTESIAN_POINT('',(2.229016628286,-6.924035541163,0.5));
#1659 = VECTOR('',#1660,1.);
#1660 = DIRECTION('',(0.65342060399,0.756995055652,-4.022388913857E-18)
  );
#1661 = PCURVE('',#402,#1662);
#1662 = DEFINITIONAL_REPRESENTATION('',(#1663),#1667);
#1663 = LINE('',#1664,#1665);
#1664 = CARTESIAN_POINT('',(-2.229016628286,1.924035541163));
#1665 = VECTOR('',#1666,1.);
#1666 = DIRECTION('',(-0.65342060399,-0.756995055652));
#1667 = ( GEOMETRIC_REPRESENTATION_CONTEXT(2) 
PARAMETRIC_REPRESENTATION_CONTEXT() REPRESENTATION_CONTEXT('2D SPACE',''
  ) );
#1668 = PCURVE('',#1669,#1674);
#1669 = PLANE('',#1670);
#1670 = AXIS2_PLACEMENT_3D('',#1671,#1672,#1673);
#1671 = CARTESIAN_POINT('',(-1.105041983016,-10.78657961858,5.));
#1672 = DIRECTION('',(0.756995055652,-0.65342060399,1.652494171189E-16)
  );
#1673 = DIRECTION('',(0.65342060399,0.756995055652,-8.40433340312E-17));
#1674 = DEFINITIONAL_REPRESENTATION('',(#1675),#1679);
#1675 = LINE('',#1676,#1677);
#1676 = CARTESIAN_POINT('',(5.102469360382,-4.5));
#1677 = VECTOR('',#1678,1.);
#1678 = DIRECTION('',(1.,8.002094511734E-17));
#1679 = ( GEOMETRIC_REPRESENTATION_CONTEXT(2) 
PARAMETRIC_REPRESENTATION_CONTEXT() REPRESENTATION_CONTEXT('2D SPACE',''
  ) );
#1680 = ORIENTED_EDGE('',*,*,#1681,.T.);
#1681 = EDGE_CURVE('',#1654,#1682,#1684,.T.);
#1682 = VERTEX_POINT('',#1683);
#1683 = CARTESIAN_POINT('',(-1.06382576587,-10.90493647212,0.5));
#1684 = SURFACE_CURVE('',#1685,(#1689,#1696),.PCURVE_S1.);
#1685 = LINE('',#1686,#1687);
#1686 = CARTESIAN_POINT('',(-2.782688620332,-5.969034703035,0.5));
#1687 = VECTOR('',#1688,1.);
#1688 = DIRECTION('',(0.328866646739,-0.944376370237,1.451213876424E-16)
  );
#1689 = PCURVE('',#402,#1690);
#1690 = DEFINITIONAL_REPRESENTATION('',(#1691),#1695);
#1691 = LINE('',#1692,#1693);
#1692 = CARTESIAN_POINT('',(2.782688620332,0.969034703035));
#1693 = VECTOR('',#1694,1.);
#1694 = DIRECTION('',(-0.328866646739,0.944376370237));
#1695 = ( GEOMETRIC_REPRESENTATION_CONTEXT(2) 
PARAMETRIC_REPRESENTATION_CONTEXT() REPRESENTATION_CONTEXT('2D SPACE',''
  ) );
#1696 = PCURVE('',#1697,#1702);
#1697 = PLANE('',#1698);
#1698 = AXIS2_PLACEMENT_3D('',#1699,#1700,#1701);
#1699 = CARTESIAN_POINT('',(-1.105041983016,-10.78657961858,5.));
#1700 = DIRECTION('',(-0.944376370237,-0.328866646739,
    -7.914121757613E-17));
#1701 = DIRECTION('',(0.328866646739,-0.944376370237,1.04846839015E-16)
  );
#1702 = DEFINITIONAL_REPRESENTATION('',(#1703),#1707);
#1703 = LINE('',#1704,#1705);
#1704 = CARTESIAN_POINT('',(-5.101297604831,-4.5));
#1705 = VECTOR('',#1706,1.);
#1706 = DIRECTION('',(1.,4.027454862747E-17));
#1707 = ( GEOMETRIC_REPRESENTATION_CONTEXT(2) 
PARAMETRIC_REPRESENTATION_CONTEXT() REPRESENTATION_CONTEXT('2D SPACE',''
  ) );
#1708 = ORIENTED_EDGE('',*,*,#1709,.T.);
#1709 = EDGE_CURVE('',#1682,#1710,#1712,.T.);
#1710 = VERTEX_POINT('',#1711);
#1711 = CARTESIAN_POINT('',(-0.440417603149,-10.98381419621,0.5));
#1712 = SURFACE_CURVE('',#1713,(#1718,#1725),.PCURVE_S1.);
#1713 = CIRCLE('',#1714,6.);
#1714 = AXIS2_PLACEMENT_3D('',#1715,#1716,#1717);
#1715 = CARTESIAN_POINT('',(5.510910596163E-16,-5.,0.5));
#1716 = DIRECTION('',(-1.224646799147E-16,1.110223024625E-16,1.));
#1717 = DIRECTION('',(-1.,-1.359631073447E-32,-1.224646799147E-16));
#1718 = PCURVE('',#402,#1719);
#1719 = DEFINITIONAL_REPRESENTATION('',(#1720),#1724);
#1720 = CIRCLE('',#1721,6.);
#1721 = AXIS2_PLACEMENT_2D('',#1722,#1723);
#1722 = CARTESIAN_POINT('',(-5.510910596163E-16,0.));
#1723 = DIRECTION('',(1.,0.));
#1724 = ( GEOMETRIC_REPRESENTATION_CONTEXT(2) 
PARAMETRIC_REPRESENTATION_CONTEXT() REPRESENTATION_CONTEXT('2D SPACE',''
  ) );
#1725 = PCURVE('',#1726,#1731);
#1726 = CYLINDRICAL_SURFACE('',#1727,6.);
#1727 = AXIS2_PLACEMENT_3D('',#1728,#1729,#1730);
#1728 = CARTESIAN_POINT('',(0.,-5.,5.));
#1729 = DIRECTION('',(-1.224646799147E-16,1.110223024625E-16,1.));
#1730 = DIRECTION('',(-1.,-1.359631073447E-32,-1.224646799147E-16));
#1731 = DEFINITIONAL_REPRESENTATION('',(#1732),#1736);
#1732 = LINE('',#1733,#1734);
#1733 = CARTESIAN_POINT('',(0.,-4.5));
#1734 = VECTOR('',#1735,1.);
#1735 = DIRECTION('',(1.,0.));
#1736 = ( GEOMETRIC_REPRESENTATION_CONTEXT(2) 
PARAMETRIC_REPRESENTATION_CONTEXT() REPRESENTATION_CONTEXT('2D SPACE',''
  ) );
#1737 = ORIENTED_EDGE('',*,*,#1738,.T.);
#1738 = EDGE_CURVE('',#1710,#1739,#1741,.T.);
#1739 = VERTEX_POINT('',#1740);
#1740 = CARTESIAN_POINT('',(-0.371077662045,-10.87944919488,0.5));
#1741 = SURFACE_CURVE('',#1742,(#1746,#1753),.PCURVE_S1.);
#1742 = LINE('',#1743,#1744);
#1743 = CARTESIAN_POINT('',(2.452585762264,-6.629494084548,0.5));
#1744 = VECTOR('',#1745,1.);
#1745 = DIRECTION('',(0.553391549243,0.83292124071,-2.470191496797E-17)
  );
#1746 = PCURVE('',#402,#1747);
#1747 = DEFINITIONAL_REPRESENTATION('',(#1748),#1752);
#1748 = LINE('',#1749,#1750);
#1749 = CARTESIAN_POINT('',(-2.452585762264,1.629494084548));
#1750 = VECTOR('',#1751,1.);
#1751 = DIRECTION('',(-0.553391549243,-0.83292124071));
#1752 = ( GEOMETRIC_REPRESENTATION_CONTEXT(2) 
PARAMETRIC_REPRESENTATION_CONTEXT() REPRESENTATION_CONTEXT('2D SPACE',''
  ) );
#1753 = PCURVE('',#1754,#1759);
#1754 = PLANE('',#1755);
#1755 = AXIS2_PLACEMENT_3D('',#1756,#1757,#1758);
#1756 = CARTESIAN_POINT('',(-0.371077662045,-10.87944919488,5.));
#1757 = DIRECTION('',(0.83292124071,-0.553391549243,1.63442237098E-16));
#1758 = DIRECTION('',(0.553391549243,0.83292124071,-9.247283391357E-17)
  );
#1759 = DEFINITIONAL_REPRESENTATION('',(#1760),#1764);
#1760 = LINE('',#1761,#1762);
#1761 = CARTESIAN_POINT('',(5.102469360382,-4.5));
#1762 = VECTOR('',#1763,1.);
#1763 = DIRECTION('',(1.,6.777091894561E-17));
#1764 = ( GEOMETRIC_REPRESENTATION_CONTEXT(2) 
PARAMETRIC_REPRESENTATION_CONTEXT() REPRESENTATION_CONTEXT('2D SPACE',''
  ) );
#1765 = ORIENTED_EDGE('',*,*,#1766,.T.);
#1766 = EDGE_CURVE('',#1739,#1767,#1769,.T.);
#1767 = VERTEX_POINT('',#1768);
#1768 = CARTESIAN_POINT('',(-0.315352399913,-10.99170700751,0.5));
#1769 = SURFACE_CURVE('',#1770,(#1774,#1781),.PCURVE_S1.);
#1770 = LINE('',#1771,#1772);
#1771 = CARTESIAN_POINT('',(-2.639294036645,-6.310156937754,0.5));
#1772 = VECTOR('',#1773,1.);
#1773 = DIRECTION('',(0.444635179185,-0.895711760239,1.538960868622E-16)
  );
#1774 = PCURVE('',#402,#1775);
#1775 = DEFINITIONAL_REPRESENTATION('',(#1776),#1780);
#1776 = LINE('',#1777,#1778);
#1777 = CARTESIAN_POINT('',(2.639294036645,1.310156937754));
#1778 = VECTOR('',#1779,1.);
#1779 = DIRECTION('',(-0.444635179185,0.895711760239));
#1780 = ( GEOMETRIC_REPRESENTATION_CONTEXT(2) 
PARAMETRIC_REPRESENTATION_CONTEXT() REPRESENTATION_CONTEXT('2D SPACE',''
  ) );
#1781 = PCURVE('',#1782,#1787);
#1782 = PLANE('',#1783);
#1783 = AXIS2_PLACEMENT_3D('',#1784,#1785,#1786);
#1784 = CARTESIAN_POINT('',(-0.371077662045,-10.87944919488,5.));
#1785 = DIRECTION('',(-0.895711760239,-0.444635179185,
    -6.032863266464E-17));
#1786 = DIRECTION('',(0.444635179185,-0.895711760239,9.944398196453E-17)
  );
#1787 = DEFINITIONAL_REPRESENTATION('',(#1788),#1792);
#1788 = LINE('',#1789,#1790);
#1789 = CARTESIAN_POINT('',(-5.101297604831,-4.5));
#1790 = VECTOR('',#1791,1.);
#1791 = DIRECTION('',(1.,5.445210489771E-17));
#1792 = ( GEOMETRIC_REPRESENTATION_CONTEXT(2) 
PARAMETRIC_REPRESENTATION_CONTEXT() REPRESENTATION_CONTEXT('2D SPACE',''
  ) );
#1793 = ORIENTED_EDGE('',*,*,#1794,.T.);
#1794 = EDGE_CURVE('',#1767,#1795,#1797,.T.);
#1795 = VERTEX_POINT('',#1796);
#1796 = CARTESIAN_POINT('',(0.313026003458,-10.99182899632,0.5));
#1797 = SURFACE_CURVE('',#1798,(#1803,#1810),.PCURVE_S1.);
#1798 = CIRCLE('',#1799,6.);
#1799 = AXIS2_PLACEMENT_3D('',#1800,#1801,#1802);
#1800 = CARTESIAN_POINT('',(5.510910596163E-16,-5.,0.5));
#1801 = DIRECTION('',(-1.224646799147E-16,1.110223024625E-16,1.));
#1802 = DIRECTION('',(-1.,-1.359631073447E-32,-1.224646799147E-16));
#1803 = PCURVE('',#402,#1804);
#1804 = DEFINITIONAL_REPRESENTATION('',(#1805),#1809);
#1805 = CIRCLE('',#1806,6.);
#1806 = AXIS2_PLACEMENT_2D('',#1807,#1808);
#1807 = CARTESIAN_POINT('',(-5.510910596163E-16,0.));
#1808 = DIRECTION('',(1.,0.));
#1809 = ( GEOMETRIC_REPRESENTATION_CONTEXT(2) 
PARAMETRIC_REPRESENTATION_CONTEXT() REPRESENTATION_CONTEXT('2D SPACE',''
  ) );
#1810 = PCURVE('',#1811,#1816);
#1811 = CYLINDRICAL_SURFACE('',#1812,6.);
#1812 = AXIS2_PLACEMENT_3D('',#1813,#1814,#1815);
#1813 = CARTESIAN_POINT('',(0.,-5.,5.));
#1814 = DIRECTION('',(-1.224646799147E-16,1.110223024625E-16,1.));
#1815 = DIRECTION('',(-1.,-1.359631073447E-32,-1.224646799147E-16));
#1816 = DEFINITIONAL_REPRESENTATION('',(#1817),#1821);
#1817 = LINE('',#1818,#1819);
#1818 = CARTESIAN_POINT('',(0.,-4.5));
#1819 = VECTOR('',#1820,1.);
#1820 = DIRECTION('',(1.,0.));
#1821 = ( GEOMETRIC_REPRESENTATION_CONTEXT(2) 
PARAMETRIC_REPRESENTATION_CONTEXT() REPRESENTATION_CONTEXT('2D SPACE',''
  ) );
#1822 = ORIENTED_EDGE('',*,*,#1823,.T.);
#1823 = EDGE_CURVE('',#1795,#1824,#1826,.T.);
#1824 = VERTEX_POINT('',#1825);
#1825 = CARTESIAN_POINT('',(0.368738775327,-10.87959634516,0.5));
#1826 = SURFACE_CURVE('',#1827,(#1831,#1838),.PCURVE_S1.);
#1827 = LINE('',#1828,#1829);
#1828 = CARTESIAN_POINT('',(2.637476153666,-6.309254532806,0.5));
#1829 = VECTOR('',#1830,1.);
#1830 = DIRECTION('',(0.444635179185,0.895711760239,-4.499187706682E-17)
  );
#1831 = PCURVE('',#402,#1832);
#1832 = DEFINITIONAL_REPRESENTATION('',(#1833),#1837);
#1833 = LINE('',#1834,#1835);
#1834 = CARTESIAN_POINT('',(-2.637476153666,1.309254532806));
#1835 = VECTOR('',#1836,1.);
#1836 = DIRECTION('',(-0.444635179185,-0.895711760239));
#1837 = ( GEOMETRIC_REPRESENTATION_CONTEXT(2) 
PARAMETRIC_REPRESENTATION_CONTEXT() REPRESENTATION_CONTEXT('2D SPACE',''
  ) );
#1838 = PCURVE('',#1839,#1844);
#1839 = PLANE('',#1840);
#1840 = AXIS2_PLACEMENT_3D('',#1841,#1842,#1843);
#1841 = CARTESIAN_POINT('',(0.368738775327,-10.87959634516,5.));
#1842 = DIRECTION('',(0.895711760239,-0.444635179185,1.590574753625E-16)
  );
#1843 = DIRECTION('',(0.444635179185,0.895711760239,-9.944398196453E-17)
  );
#1844 = DEFINITIONAL_REPRESENTATION('',(#1845),#1849);
#1845 = LINE('',#1846,#1847);
#1846 = CARTESIAN_POINT('',(5.102469360382,-4.5));
#1847 = VECTOR('',#1848,1.);
#1848 = DIRECTION('',(1.,5.445210489771E-17));
#1849 = ( GEOMETRIC_REPRESENTATION_CONTEXT(2) 
PARAMETRIC_REPRESENTATION_CONTEXT() REPRESENTATION_CONTEXT('2D SPACE',''
  ) );
#1850 = ORIENTED_EDGE('',*,*,#1851,.T.);
#1851 = EDGE_CURVE('',#1824,#1852,#1854,.T.);
#1852 = VERTEX_POINT('',#1853);
#1853 = CARTESIAN_POINT('',(0.438094261772,-10.98398474411,0.5));
#1854 = SURFACE_CURVE('',#1855,(#1859,#1866),.PCURVE_S1.);
#1855 = LINE('',#1856,#1857);
#1856 = CARTESIAN_POINT('',(-2.454276209362,-6.630617214914,0.5));
#1857 = VECTOR('',#1858,1.);
#1858 = DIRECTION('',(0.553391549243,-0.83292124071,1.602437528592E-16)
  );
#1859 = PCURVE('',#402,#1860);
#1860 = DEFINITIONAL_REPRESENTATION('',(#1861),#1865);
#1861 = LINE('',#1862,#1863);
#1862 = CARTESIAN_POINT('',(2.454276209362,1.630617214914));
#1863 = VECTOR('',#1864,1.);
#1864 = DIRECTION('',(-0.553391549243,0.83292124071));
#1865 = ( GEOMETRIC_REPRESENTATION_CONTEXT(2) 
PARAMETRIC_REPRESENTATION_CONTEXT() REPRESENTATION_CONTEXT('2D SPACE',''
  ) );
#1866 = PCURVE('',#1867,#1872);
#1867 = PLANE('',#1868);
#1868 = AXIS2_PLACEMENT_3D('',#1869,#1870,#1871);
#1869 = CARTESIAN_POINT('',(0.368738775327,-10.87959634516,5.));
#1870 = DIRECTION('',(-0.83292124071,-0.553391549243,-4.056462917745E-17
    ));
#1871 = DIRECTION('',(0.553391549243,-0.83292124071,9.247283391357E-17)
  );
#1872 = DEFINITIONAL_REPRESENTATION('',(#1873),#1877);
#1873 = LINE('',#1874,#1875);
#1874 = CARTESIAN_POINT('',(-5.101297604831,-4.5));
#1875 = VECTOR('',#1876,1.);
#1876 = DIRECTION('',(1.,6.777091894561E-17));
#1877 = ( GEOMETRIC_REPRESENTATION_CONTEXT(2) 
PARAMETRIC_REPRESENTATION_CONTEXT() REPRESENTATION_CONTEXT('2D SPACE',''
  ) );
#1878 = ORIENTED_EDGE('',*,*,#1879,.T.);
#1879 = EDGE_CURVE('',#1852,#1880,#1882,.T.);
#1880 = VERTEX_POINT('',#1881);
#1881 = CARTESIAN_POINT('',(1.061533002998,-10.90534907381,0.5));
#1882 = SURFACE_CURVE('',#1883,(#1888,#1895),.PCURVE_S1.);
#1883 = CIRCLE('',#1884,6.);
#1884 = AXIS2_PLACEMENT_3D('',#1885,#1886,#1887);
#1885 = CARTESIAN_POINT('',(5.510910596163E-16,-5.,0.5));
#1886 = DIRECTION('',(-1.224646799147E-16,1.110223024625E-16,1.));
#1887 = DIRECTION('',(-1.,-1.359631073447E-32,-1.224646799147E-16));
#1888 = PCURVE('',#402,#1889);
#1889 = DEFINITIONAL_REPRESENTATION('',(#1890),#1894);
#1890 = CIRCLE('',#1891,6.);
#1891 = AXIS2_PLACEMENT_2D('',#1892,#1893);
#1892 = CARTESIAN_POINT('',(-5.510910596163E-16,0.));
#1893 = DIRECTION('',(1.,0.));
#1894 = ( GEOMETRIC_REPRESENTATION_CONTEXT(2) 
PARAMETRIC_REPRESENTATION_CONTEXT() REPRESENTATION_CONTEXT('2D SPACE',''
  ) );
#1895 = PCURVE('',#1896,#1901);
#1896 = CYLINDRICAL_SURFACE('',#1897,6.);
#1897 = AXIS2_PLACEMENT_3D('',#1898,#1899,#1900);
#1898 = CARTESIAN_POINT('',(0.,-5.,5.));
#1899 = DIRECTION('',(-1.224646799147E-16,1.110223024625E-16,1.));
#1900 = DIRECTION('',(-1.,-1.359631073447E-32,-1.224646799147E-16));
#1901 = DEFINITIONAL_REPRESENTATION('',(#1902),#1906);
#1902 = LINE('',#1903,#1904);
#1903 = CARTESIAN_POINT('',(0.,-4.5));
#1904 = VECTOR('',#1905,1.);
#1905 = DIRECTION('',(1.,0.));
#1906 = ( GEOMETRIC_REPRESENTATION_CONTEXT(2) 
PARAMETRIC_REPRESENTATION_CONTEXT() REPRESENTATION_CONTEXT('2D SPACE',''
  ) );
#1907 = ORIENTED_EDGE('',*,*,#1908,.T.);
#1908 = EDGE_CURVE('',#1880,#1909,#1911,.T.);
#1909 = VERTEX_POINT('',#1910);
#1910 = CARTESIAN_POINT('',(1.102739981939,-10.78701874877,0.5));
#1911 = SURFACE_CURVE('',#1912,(#1916,#1923),.PCURVE_S1.);
#1912 = LINE('',#1913,#1914);
#1913 = CARTESIAN_POINT('',(2.780771970574,-5.968367254972,0.5));
#1914 = VECTOR('',#1915,1.);
#1915 = DIRECTION('',(0.328866646739,0.944376370237,-6.457229038749E-17)
  );
#1916 = PCURVE('',#402,#1917);
#1917 = DEFINITIONAL_REPRESENTATION('',(#1918),#1922);
#1918 = LINE('',#1919,#1920);
#1919 = CARTESIAN_POINT('',(-2.780771970574,0.968367254972));
#1920 = VECTOR('',#1921,1.);
#1921 = DIRECTION('',(-0.328866646739,-0.944376370237));
#1922 = ( GEOMETRIC_REPRESENTATION_CONTEXT(2) 
PARAMETRIC_REPRESENTATION_CONTEXT() REPRESENTATION_CONTEXT('2D SPACE',''
  ) );
#1923 = PCURVE('',#1924,#1929);
#1924 = PLANE('',#1925);
#1925 = AXIS2_PLACEMENT_3D('',#1926,#1927,#1928);
#1926 = CARTESIAN_POINT('',(1.102739981939,-10.78701874877,5.));
#1927 = DIRECTION('',(0.944376370237,-0.328866646739,1.521642822242E-16)
  );
#1928 = DIRECTION('',(0.328866646739,0.944376370237,-1.04846839015E-16)
  );
#1929 = DEFINITIONAL_REPRESENTATION('',(#1930),#1934);
#1930 = LINE('',#1931,#1932);
#1931 = CARTESIAN_POINT('',(5.102469360382,-4.5));
#1932 = VECTOR('',#1933,1.);
#1933 = DIRECTION('',(1.,4.027454862747E-17));
#1934 = ( GEOMETRIC_REPRESENTATION_CONTEXT(2) 
PARAMETRIC_REPRESENTATION_CONTEXT() REPRESENTATION_CONTEXT('2D SPACE',''
  ) );
#1935 = ORIENTED_EDGE('',*,*,#1936,.T.);
#1936 = EDGE_CURVE('',#1909,#1937,#1939,.T.);
#1937 = VERTEX_POINT('',#1938);
#1938 = CARTESIAN_POINT('',(1.184631915245,-10.88189146664,0.5));
#1939 = SURFACE_CURVE('',#1940,(#1944,#1951),.PCURVE_S1.);
#1940 = LINE('',#1941,#1942);
#1941 = CARTESIAN_POINT('',(-2.230552980143,-6.925361684512,0.5));
#1942 = VECTOR('',#1943,1.);
#1943 = DIRECTION('',(0.65342060399,-0.756995055652,1.640642791485E-16)
  );
#1944 = PCURVE('',#402,#1945);
#1945 = DEFINITIONAL_REPRESENTATION('',(#1946),#1950);
#1946 = LINE('',#1947,#1948);
#1947 = CARTESIAN_POINT('',(2.230552980143,1.925361684512));
#1948 = VECTOR('',#1949,1.);
#1949 = DIRECTION('',(-0.65342060399,0.756995055652));
#1950 = ( GEOMETRIC_REPRESENTATION_CONTEXT(2) 
PARAMETRIC_REPRESENTATION_CONTEXT() REPRESENTATION_CONTEXT('2D SPACE',''
  ) );
#1951 = PCURVE('',#1952,#1957);
#1952 = PLANE('',#1953);
#1953 = AXIS2_PLACEMENT_3D('',#1954,#1955,#1956);
#1954 = CARTESIAN_POINT('',(1.102739981939,-10.78701874877,5.));
#1955 = DIRECTION('',(-0.756995055652,-0.65342060399,-2.0160897256E-17)
  );
#1956 = DIRECTION('',(0.65342060399,-0.756995055652,8.40433340312E-17));
#1957 = DEFINITIONAL_REPRESENTATION('',(#1958),#1962);
#1958 = LINE('',#1959,#1960);
#1959 = CARTESIAN_POINT('',(-5.101297604831,-4.5));
#1960 = VECTOR('',#1961,1.);
#1961 = DIRECTION('',(1.,8.002094511734E-17));
#1962 = ( GEOMETRIC_REPRESENTATION_CONTEXT(2) 
PARAMETRIC_REPRESENTATION_CONTEXT() REPRESENTATION_CONTEXT('2D SPACE',''
  ) );
#1963 = ORIENTED_EDGE('',*,*,#1964,.T.);
#1964 = EDGE_CURVE('',#1937,#1965,#1967,.T.);
#1965 = VERTEX_POINT('',#1966);
#1966 = CARTESIAN_POINT('',(1.793298992951,-10.72573826872,0.5));
#1967 = SURFACE_CURVE('',#1968,(#1973,#1980),.PCURVE_S1.);
#1968 = CIRCLE('',#1969,6.);
#1969 = AXIS2_PLACEMENT_3D('',#1970,#1971,#1972);
#1970 = CARTESIAN_POINT('',(5.510910596163E-16,-5.,0.5));
#1971 = DIRECTION('',(-1.224646799147E-16,1.110223024625E-16,1.));
#1972 = DIRECTION('',(-1.,-1.359631073447E-32,-1.224646799147E-16));
#1973 = PCURVE('',#402,#1974);
#1974 = DEFINITIONAL_REPRESENTATION('',(#1975),#1979);
#1975 = CIRCLE('',#1976,6.);
#1976 = AXIS2_PLACEMENT_2D('',#1977,#1978);
#1977 = CARTESIAN_POINT('',(-5.510910596163E-16,0.));
#1978 = DIRECTION('',(1.,0.));
#1979 = ( GEOMETRIC_REPRESENTATION_CONTEXT(2) 
PARAMETRIC_REPRESENTATION_CONTEXT() REPRESENTATION_CONTEXT('2D SPACE',''
  ) );
#1980 = PCURVE('',#1981,#1986);
#1981 = CYLINDRICAL_SURFACE('',#1982,6.);
#1982 = AXIS2_PLACEMENT_3D('',#1983,#1984,#1985);
#1983 = CARTESIAN_POINT('',(0.,-5.,5.));
#1984 = DIRECTION('',(-1.224646799147E-16,1.110223024625E-16,1.));
#1985 = DIRECTION('',(-1.,-1.359631073447E-32,-1.224646799147E-16));
#1986 = DEFINITIONAL_REPRESENTATION('',(#1987),#1991);
#1987 = LINE('',#1988,#1989);
#1988 = CARTESIAN_POINT('',(0.,-4.5));
#1989 = VECTOR('',#1990,1.);
#1990 = DIRECTION('',(1.,0.));
#1991 = ( GEOMETRIC_REPRESENTATION_CONTEXT(2) 
PARAMETRIC_REPRESENTATION_CONTEXT() REPRESENTATION_CONTEXT('2D SPACE',''
  ) );
#1992 = ORIENTED_EDGE('',*,*,#1993,.T.);
#1993 = EDGE_CURVE('',#1965,#1994,#1996,.T.);
#1994 = VERTEX_POINT('',#1995);
#1995 = CARTESIAN_POINT('',(1.819350320291,-10.60317640972,0.5));
#1996 = SURFACE_CURVE('',#1997,(#2001,#2008),.PCURVE_S1.);
#1997 = LINE('',#1998,#1999);
#1998 = CARTESIAN_POINT('',(2.880213352353,-5.612208247052,0.5));
#1999 = VECTOR('',#2000,1.);
#2000 = DIRECTION('',(0.207911690818,0.978147600734,-8.313436011512E-17)
  );
#2001 = PCURVE('',#402,#2002);
#2002 = DEFINITIONAL_REPRESENTATION('',(#2003),#2007);
#2003 = LINE('',#2004,#2005);
#2004 = CARTESIAN_POINT('',(-2.880213352353,0.612208247052));
#2005 = VECTOR('',#2006,1.);
#2006 = DIRECTION('',(-0.207911690818,-0.978147600734));
#2007 = ( GEOMETRIC_REPRESENTATION_CONTEXT(2) 
PARAMETRIC_REPRESENTATION_CONTEXT() REPRESENTATION_CONTEXT('2D SPACE',''
  ) );
#2008 = PCURVE('',#2009,#2014);
#2009 = PLANE('',#2010);
#2010 = AXIS2_PLACEMENT_3D('',#2011,#2012,#2013);
#2011 = CARTESIAN_POINT('',(1.819350320291,-10.60317640972,5.));
#2012 = DIRECTION('',(0.978147600734,-0.207911690818,1.428713674567E-16)
  );
#2013 = DIRECTION('',(0.207911690818,0.978147600734,-1.085961987817E-16)
  );
#2014 = DEFINITIONAL_REPRESENTATION('',(#2015),#2019);
#2015 = LINE('',#2016,#2017);
#2016 = CARTESIAN_POINT('',(5.102469360382,-4.5));
#2017 = VECTOR('',#2018,1.);
#2018 = DIRECTION('',(1.,2.546183866653E-17));
#2019 = ( GEOMETRIC_REPRESENTATION_CONTEXT(2) 
PARAMETRIC_REPRESENTATION_CONTEXT() REPRESENTATION_CONTEXT('2D SPACE',''
  ) );
#2020 = ORIENTED_EDGE('',*,*,#2021,.T.);
#2021 = EDGE_CURVE('',#1994,#2022,#2024,.T.);
#2022 = VERTEX_POINT('',#2023);
#2023 = CARTESIAN_POINT('',(1.91248721575,-10.68703724707,0.5));
#2024 = SURFACE_CURVE('',#2025,(#2029,#2036),.PCURVE_S1.);
#2025 = LINE('',#2026,#2027);
#2026 = CARTESIAN_POINT('',(-1.97165259796,-7.18974205019,0.5));
#2027 = VECTOR('',#2028,1.);
#2028 = DIRECTION('',(0.743144825477,-0.669130606359,1.652974137485E-16)
  );
#2029 = PCURVE('',#402,#2030);
#2030 = DEFINITIONAL_REPRESENTATION('',(#2031),#2035);
#2031 = LINE('',#2032,#2033);
#2032 = CARTESIAN_POINT('',(1.97165259796,2.18974205019));
#2033 = VECTOR('',#2034,1.);
#2034 = DIRECTION('',(-0.743144825477,0.669130606359));
#2035 = ( GEOMETRIC_REPRESENTATION_CONTEXT(2) 
PARAMETRIC_REPRESENTATION_CONTEXT() REPRESENTATION_CONTEXT('2D SPACE',''
  ) );
#2036 = PCURVE('',#2037,#2042);
#2037 = PLANE('',#2038);
#2038 = AXIS2_PLACEMENT_3D('',#2039,#2040,#2041);
#2039 = CARTESIAN_POINT('',(1.819350320291,-10.60317640972,5.));
#2040 = DIRECTION('',(-0.669130606359,-0.743144825477,5.607840587154E-19
    ));
#2041 = DIRECTION('',(0.743144825477,-0.669130606359,7.42884205661E-17)
  );
#2042 = DEFINITIONAL_REPRESENTATION('',(#2043),#2047);
#2043 = LINE('',#2044,#2045);
#2044 = CARTESIAN_POINT('',(-5.101297604831,-4.5));
#2045 = VECTOR('',#2046,1.);
#2046 = DIRECTION('',(1.,9.100899318238E-17));
#2047 = ( GEOMETRIC_REPRESENTATION_CONTEXT(2) 
PARAMETRIC_REPRESENTATION_CONTEXT() REPRESENTATION_CONTEXT('2D SPACE',''
  ) );
#2048 = ORIENTED_EDGE('',*,*,#2049,.T.);
#2049 = EDGE_CURVE('',#2022,#2050,#2052,.T.);
#2050 = VERTEX_POINT('',#2051);
#2051 = CARTESIAN_POINT('',(2.496783586521,-10.45582915074,0.5));
#2052 = SURFACE_CURVE('',#2053,(#2058,#2065),.PCURVE_S1.);
#2053 = CIRCLE('',#2054,6.);
#2054 = AXIS2_PLACEMENT_3D('',#2055,#2056,#2057);
#2055 = CARTESIAN_POINT('',(5.510910596163E-16,-5.,0.5));
#2056 = DIRECTION('',(-1.224646799147E-16,1.110223024625E-16,1.));
#2057 = DIRECTION('',(-1.,-1.359631073447E-32,-1.224646799147E-16));
#2058 = PCURVE('',#402,#2059);
#2059 = DEFINITIONAL_REPRESENTATION('',(#2060),#2064);
#2060 = CIRCLE('',#2061,6.);
#2061 = AXIS2_PLACEMENT_2D('',#2062,#2063);
#2062 = CARTESIAN_POINT('',(-5.510910596163E-16,0.));
#2063 = DIRECTION('',(1.,0.));
#2064 = ( GEOMETRIC_REPRESENTATION_CONTEXT(2) 
PARAMETRIC_REPRESENTATION_CONTEXT() REPRESENTATION_CONTEXT('2D SPACE',''
  ) );
#2065 = PCURVE('',#2066,#2071);
#2066 = CYLINDRICAL_SURFACE('',#2067,6.);
#2067 = AXIS2_PLACEMENT_3D('',#2068,#2069,#2070);
#2068 = CARTESIAN_POINT('',(0.,-5.,5.));
#2069 = DIRECTION('',(-1.224646799147E-16,1.110223024625E-16,1.));
#2070 = DIRECTION('',(-1.,-1.359631073447E-32,-1.224646799147E-16));
#2071 = DEFINITIONAL_REPRESENTATION('',(#2072),#2076);
#2072 = LINE('',#2073,#2074);
#2073 = CARTESIAN_POINT('',(0.,-4.5));
#2074 = VECTOR('',#2075,1.);
#2075 = DIRECTION('',(1.,0.));
#2076 = ( GEOMETRIC_REPRESENTATION_CONTEXT(2) 
PARAMETRIC_REPRESENTATION_CONTEXT() REPRESENTATION_CONTEXT('2D SPACE',''
  ) );
#2077 = ORIENTED_EDGE('',*,*,#2078,.T.);
#2078 = EDGE_CURVE('',#2050,#2079,#2081,.T.);
#2079 = VERTEX_POINT('',#2080);
#2080 = CARTESIAN_POINT('',(2.507268417264,-10.33096863152,0.5));
#2081 = SURFACE_CURVE('',#2082,(#2086,#2093),.PCURVE_S1.);
#2082 = LINE('',#2083,#2084);
#2083 = CARTESIAN_POINT('',(2.93423204901,-5.246394349361,0.5));
#2084 = VECTOR('',#2085,1.);
#2085 = DIRECTION('',(8.367784333231E-02,0.99649285925,
    -1.003853513217E-16));
#2086 = PCURVE('',#402,#2087);
#2087 = DEFINITIONAL_REPRESENTATION('',(#2088),#2092);
#2088 = LINE('',#2089,#2090);
#2089 = CARTESIAN_POINT('',(-2.93423204901,0.246394349361));
#2090 = VECTOR('',#2091,1.);
#2091 = DIRECTION('',(-8.367784333231E-02,-0.99649285925));
#2092 = ( GEOMETRIC_REPRESENTATION_CONTEXT(2) 
PARAMETRIC_REPRESENTATION_CONTEXT() REPRESENTATION_CONTEXT('2D SPACE',''
  ) );
#2093 = PCURVE('',#2094,#2099);
#2094 = PLANE('',#2095);
#2095 = AXIS2_PLACEMENT_3D('',#2096,#2097,#2098);
#2096 = CARTESIAN_POINT('',(2.507268417264,-10.33096863152,5.));
#2097 = DIRECTION('',(0.99649285925,-8.367784333231E-02,
    1.313252858772E-16));
#2098 = DIRECTION('',(8.367784333231E-02,0.99649285925,
    -1.106329316213E-16));
#2099 = DEFINITIONAL_REPRESENTATION('',(#2100),#2104);
#2100 = LINE('',#2101,#2102);
#2101 = CARTESIAN_POINT('',(5.102469360382,-4.5));
#2102 = VECTOR('',#2103,1.);
#2103 = DIRECTION('',(1.,1.024758029965E-17));
#2104 = ( GEOMETRIC_REPRESENTATION_CONTEXT(2) 
PARAMETRIC_REPRESENTATION_CONTEXT() REPRESENTATION_CONTEXT('2D SPACE',''
  ) );
#2105 = ORIENTED_EDGE('',*,*,#2106,.T.);
#2106 = EDGE_CURVE('',#2079,#2107,#2109,.T.);
#2107 = VERTEX_POINT('',#2108);
#2108 = CARTESIAN_POINT('',(2.610181450398,-10.40249505284,0.5));
#2109 = SURFACE_CURVE('',#2110,(#2114,#2121),.PCURVE_S1.);
#2110 = LINE('',#2111,#2112);
#2111 = CARTESIAN_POINT('',(-1.681658076499,-7.419588875648,0.5));
#2112 = VECTOR('',#2113,1.);
#2113 = DIRECTION('',(0.821149209134,-0.570713567684,1.639237093897E-16)
  );
#2114 = PCURVE('',#402,#2115);
#2115 = DEFINITIONAL_REPRESENTATION('',(#2116),#2120);
#2116 = LINE('',#2117,#2118);
#2117 = CARTESIAN_POINT('',(1.681658076499,2.419588875648));
#2118 = VECTOR('',#2119,1.);
#2119 = DIRECTION('',(-0.821149209134,0.570713567684));
#2120 = ( GEOMETRIC_REPRESENTATION_CONTEXT(2) 
PARAMETRIC_REPRESENTATION_CONTEXT() REPRESENTATION_CONTEXT('2D SPACE',''
  ) );
#2121 = PCURVE('',#2122,#2127);
#2122 = PLANE('',#2123);
#2123 = AXIS2_PLACEMENT_3D('',#2124,#2125,#2126);
#2124 = CARTESIAN_POINT('',(2.507268417264,-10.33096863152,5.));
#2125 = DIRECTION('',(-0.570713567684,-0.821149209134,2.127362147383E-17
    ));
#2126 = DIRECTION('',(0.821149209134,-0.570713567684,6.336193433092E-17)
  );
#2127 = DEFINITIONAL_REPRESENTATION('',(#2128),#2132);
#2128 = LINE('',#2129,#2130);
#2129 = CARTESIAN_POINT('',(-5.101297604831,-4.5));
#2130 = VECTOR('',#2131,1.);
#2131 = DIRECTION('',(1.,1.005617750588E-16));
#2132 = ( GEOMETRIC_REPRESENTATION_CONTEXT(2) 
PARAMETRIC_REPRESENTATION_CONTEXT() REPRESENTATION_CONTEXT('2D SPACE',''
  ) );
#2133 = ORIENTED_EDGE('',*,*,#2134,.T.);
#2134 = EDGE_CURVE('',#2107,#2135,#2137,.T.);
#2135 = VERTEX_POINT('',#2136);
#2136 = CARTESIAN_POINT('',(3.160892411425,-10.0998783479,0.5));
#2137 = SURFACE_CURVE('',#2138,(#2143,#2150),.PCURVE_S1.);
#2138 = CIRCLE('',#2139,6.);
#2139 = AXIS2_PLACEMENT_3D('',#2140,#2141,#2142);
#2140 = CARTESIAN_POINT('',(5.510910596163E-16,-5.,0.5));
#2141 = DIRECTION('',(-1.224646799147E-16,1.110223024625E-16,1.));
#2142 = DIRECTION('',(-1.,-1.359631073447E-32,-1.224646799147E-16));
#2143 = PCURVE('',#402,#2144);
#2144 = DEFINITIONAL_REPRESENTATION('',(#2145),#2149);
#2145 = CIRCLE('',#2146,6.);
#2146 = AXIS2_PLACEMENT_2D('',#2147,#2148);
#2147 = CARTESIAN_POINT('',(-5.510910596163E-16,0.));
#2148 = DIRECTION('',(1.,0.));
#2149 = ( GEOMETRIC_REPRESENTATION_CONTEXT(2) 
PARAMETRIC_REPRESENTATION_CONTEXT() REPRESENTATION_CONTEXT('2D SPACE',''
  ) );
#2150 = PCURVE('',#2151,#2156);
#2151 = CYLINDRICAL_SURFACE('',#2152,6.);
#2152 = AXIS2_PLACEMENT_3D('',#2153,#2154,#2155);
#2153 = CARTESIAN_POINT('',(0.,-5.,5.));
#2154 = DIRECTION('',(-1.224646799147E-16,1.110223024625E-16,1.));
#2155 = DIRECTION('',(-1.,-1.359631073447E-32,-1.224646799147E-16));
#2156 = DEFINITIONAL_REPRESENTATION('',(#2157),#2161);
#2157 = LINE('',#2158,#2159);
#2158 = CARTESIAN_POINT('',(0.,-4.5));
#2159 = VECTOR('',#2160,1.);
#2160 = DIRECTION('',(1.,0.));
#2161 = ( GEOMETRIC_REPRESENTATION_CONTEXT(2) 
PARAMETRIC_REPRESENTATION_CONTEXT() REPRESENTATION_CONTEXT('2D SPACE',''
  ) );
#2162 = ORIENTED_EDGE('',*,*,#2163,.T.);
#2163 = EDGE_CURVE('',#2135,#2164,#2166,.T.);
#2164 = VERTEX_POINT('',#2165);
#2165 = CARTESIAN_POINT('',(3.155645393527,-9.974688293429,0.5));
#2166 = SURFACE_CURVE('',#2167,(#2171,#2178),.PCURVE_S1.);
#2167 = LINE('',#2168,#2169);
#2168 = CARTESIAN_POINT('',(2.941976153428,-4.876694665591,0.5));
#2169 = VECTOR('',#2170,1.);
#2170 = DIRECTION('',(-4.18756537292E-02,0.999122830099,
    -1.160532055706E-16));
#2171 = PCURVE('',#402,#2172);
#2172 = DEFINITIONAL_REPRESENTATION('',(#2173),#2177);
#2173 = LINE('',#2174,#2175);
#2174 = CARTESIAN_POINT('',(-2.941976153428,-0.123305334409));
#2175 = VECTOR('',#2176,1.);
#2176 = DIRECTION('',(4.18756537292E-02,-0.999122830099));
#2177 = ( GEOMETRIC_REPRESENTATION_CONTEXT(2) 
PARAMETRIC_REPRESENTATION_CONTEXT() REPRESENTATION_CONTEXT('2D SPACE',''
  ) );
#2178 = PCURVE('',#2179,#2184);
#2179 = PLANE('',#2180);
#2180 = AXIS2_PLACEMENT_3D('',#2181,#2182,#2183);
#2181 = CARTESIAN_POINT('',(3.155645393527,-9.974688293429,5.));
#2182 = DIRECTION('',(0.999122830099,4.18756537292E-02,
    1.177081260894E-16));
#2183 = DIRECTION('',(-4.18756537292E-02,0.999122830099,
    -1.109249170404E-16));
#2184 = DEFINITIONAL_REPRESENTATION('',(#2185),#2189);
#2185 = LINE('',#2186,#2187);
#2186 = CARTESIAN_POINT('',(5.102469360382,-4.5));
#2187 = VECTOR('',#2188,1.);
#2188 = DIRECTION('',(1.,-5.128288530167E-18));
#2189 = ( GEOMETRIC_REPRESENTATION_CONTEXT(2) 
PARAMETRIC_REPRESENTATION_CONTEXT() REPRESENTATION_CONTEXT('2D SPACE',''
  ) );
#2190 = ORIENTED_EDGE('',*,*,#2191,.T.);
#2191 = EDGE_CURVE('',#2164,#2192,#2194,.T.);
#2192 = VERTEX_POINT('',#2193);
#2193 = CARTESIAN_POINT('',(3.266711564326,-10.03275228433,0.5));
#2194 = SURFACE_CURVE('',#2195,(#2199,#2206),.PCURVE_S1.);
#2195 = LINE('',#2196,#2197);
#2196 = CARTESIAN_POINT('',(-1.365142802598,-7.611277339144,0.5));
#2197 = VECTOR('',#2198,1.);
#2198 = DIRECTION('',(0.886203579231,-0.46329603512,1.599648302106E-16)
  );
#2199 = PCURVE('',#402,#2200);
#2200 = DEFINITIONAL_REPRESENTATION('',(#2201),#2205);
#2201 = LINE('',#2202,#2203);
#2202 = CARTESIAN_POINT('',(1.365142802598,2.611277339144));
#2203 = VECTOR('',#2204,1.);
#2204 = DIRECTION('',(-0.886203579231,0.46329603512));
#2205 = ( GEOMETRIC_REPRESENTATION_CONTEXT(2) 
PARAMETRIC_REPRESENTATION_CONTEXT() REPRESENTATION_CONTEXT('2D SPACE',''
  ) );
#2206 = PCURVE('',#2207,#2212);
#2207 = PLANE('',#2208);
#2208 = AXIS2_PLACEMENT_3D('',#2209,#2210,#2211);
#2209 = CARTESIAN_POINT('',(3.155645393527,-9.974688293429,5.));
#2210 = DIRECTION('',(-0.46329603512,-0.886203579231,4.165096117005E-17)
  );
#2211 = DIRECTION('',(0.886203579231,-0.46329603512,5.143619254076E-17)
  );
#2212 = DEFINITIONAL_REPRESENTATION('',(#2213),#2217);
#2213 = LINE('',#2214,#2215);
#2214 = CARTESIAN_POINT('',(-5.101297604831,-4.5));
#2215 = VECTOR('',#2216,1.);
#2216 = DIRECTION('',(1.,1.085286376698E-16));
#2217 = ( GEOMETRIC_REPRESENTATION_CONTEXT(2) 
PARAMETRIC_REPRESENTATION_CONTEXT() REPRESENTATION_CONTEXT('2D SPACE',''
  ) );
#2218 = ORIENTED_EDGE('',*,*,#2219,.T.);
#2219 = EDGE_CURVE('',#2192,#2220,#2222,.T.);
#2220 = VERTEX_POINT('',#2221);
#2221 = CARTESIAN_POINT('',(3.775152074775,-9.663499416996,0.5));
#2222 = SURFACE_CURVE('',#2223,(#2228,#2235),.PCURVE_S1.);
#2223 = CIRCLE('',#2224,6.);
#2224 = AXIS2_PLACEMENT_3D('',#2225,#2226,#2227);
#2225 = CARTESIAN_POINT('',(5.510910596163E-16,-5.,0.5));
#2226 = DIRECTION('',(-1.224646799147E-16,1.110223024625E-16,1.));
#2227 = DIRECTION('',(-1.,-1.359631073447E-32,-1.224646799147E-16));
#2228 = PCURVE('',#402,#2229);
#2229 = DEFINITIONAL_REPRESENTATION('',(#2230),#2234);
#2230 = CIRCLE('',#2231,6.);
#2231 = AXIS2_PLACEMENT_2D('',#2232,#2233);
#2232 = CARTESIAN_POINT('',(-5.510910596163E-16,0.));
#2233 = DIRECTION('',(1.,0.));
#2234 = ( GEOMETRIC_REPRESENTATION_CONTEXT(2) 
PARAMETRIC_REPRESENTATION_CONTEXT() REPRESENTATION_CONTEXT('2D SPACE',''
  ) );
#2235 = PCURVE('',#2236,#2241);
#2236 = CYLINDRICAL_SURFACE('',#2237,6.);
#2237 = AXIS2_PLACEMENT_3D('',#2238,#2239,#2240);
#2238 = CARTESIAN_POINT('',(0.,-5.,5.));
#2239 = DIRECTION('',(-1.224646799147E-16,1.110223024625E-16,1.));
#2240 = DIRECTION('',(-1.,-1.359631073447E-32,-1.224646799147E-16));
#2241 = DEFINITIONAL_REPRESENTATION('',(#2242),#2246);
#2242 = LINE('',#2243,#2244);
#2243 = CARTESIAN_POINT('',(0.,-4.5));
#2244 = VECTOR('',#2245,1.);
#2245 = DIRECTION('',(1.,0.));
#2246 = ( GEOMETRIC_REPRESENTATION_CONTEXT(2) 
PARAMETRIC_REPRESENTATION_CONTEXT() REPRESENTATION_CONTEXT('2D SPACE',''
  ) );
#2247 = ORIENTED_EDGE('',*,*,#2248,.T.);
#2248 = EDGE_CURVE('',#2220,#2249,#2251,.T.);
#2249 = VERTEX_POINT('',#2250);
#2250 = CARTESIAN_POINT('',(3.754255956844,-9.539954149215,0.5));
#2251 = SURFACE_CURVE('',#2252,(#2256,#2263),.PCURVE_S1.);
#2252 = LINE('',#2253,#2254);
#2253 = CARTESIAN_POINT('',(2.903323536456,-4.508939580605,0.5));
#2254 = VECTOR('',#2255,1.);
#2255 = DIRECTION('',(-0.166768746716,0.985996037071,-1.298908314409E-16
    ));
#2256 = PCURVE('',#402,#2257);
#2257 = DEFINITIONAL_REPRESENTATION('',(#2258),#2262);
#2258 = LINE('',#2259,#2260);
#2259 = CARTESIAN_POINT('',(-2.903323536456,-0.491060419395));
#2260 = VECTOR('',#2261,1.);
#2261 = DIRECTION('',(0.166768746716,-0.985996037071));
#2262 = ( GEOMETRIC_REPRESENTATION_CONTEXT(2) 
PARAMETRIC_REPRESENTATION_CONTEXT() REPRESENTATION_CONTEXT('2D SPACE',''
  ) );
#2263 = PCURVE('',#2264,#2269);
#2264 = PLANE('',#2265);
#2265 = AXIS2_PLACEMENT_3D('',#2266,#2267,#2268);
#2266 = CARTESIAN_POINT('',(3.754255956844,-9.539954149215,5.));
#2267 = DIRECTION('',(0.985996037071,0.166768746716,1.022346388378E-16)
  );
#2268 = DIRECTION('',(-0.166768746716,0.985996037071,-1.094675502545E-16
    ));
#2269 = DEFINITIONAL_REPRESENTATION('',(#2270),#2274);
#2270 = LINE('',#2271,#2272);
#2271 = CARTESIAN_POINT('',(5.102469360382,-4.5));
#2272 = VECTOR('',#2273,1.);
#2273 = DIRECTION('',(1.,-2.042328118637E-17));
#2274 = ( GEOMETRIC_REPRESENTATION_CONTEXT(2) 
PARAMETRIC_REPRESENTATION_CONTEXT() REPRESENTATION_CONTEXT('2D SPACE',''
  ) );
#2275 = ORIENTED_EDGE('',*,*,#2276,.T.);
#2276 = EDGE_CURVE('',#2249,#2277,#2279,.T.);
#2277 = VERTEX_POINT('',#2278);
#2278 = CARTESIAN_POINT('',(3.871723685446,-9.583640005886,0.5));
#2279 = SURFACE_CURVE('',#2280,(#2284,#2291),.PCURVE_S1.);
#2280 = LINE('',#2281,#2282);
#2281 = CARTESIAN_POINT('',(-1.027098411203,-7.761784399101,0.5));
#2282 = VECTOR('',#2283,1.);
#2283 = DIRECTION('',(0.937281989492,-0.348572047322,1.534832101007E-16)
  );
#2284 = PCURVE('',#402,#2285);
#2285 = DEFINITIONAL_REPRESENTATION('',(#2286),#2290);
#2286 = LINE('',#2287,#2288);
#2287 = CARTESIAN_POINT('',(1.027098411203,2.761784399101));
#2288 = VECTOR('',#2289,1.);
#2289 = DIRECTION('',(-0.937281989492,0.348572047322));
#2290 = ( GEOMETRIC_REPRESENTATION_CONTEXT(2) 
PARAMETRIC_REPRESENTATION_CONTEXT() REPRESENTATION_CONTEXT('2D SPACE',''
  ) );
#2291 = PCURVE('',#2292,#2297);
#2292 = PLANE('',#2293);
#2293 = AXIS2_PLACEMENT_3D('',#2294,#2295,#2296);
#2294 = CARTESIAN_POINT('',(3.754255956844,-9.539954149215,5.));
#2295 = DIRECTION('',(-0.348572047322,-0.937281989492,6.137144032755E-17
    ));
#2296 = DIRECTION('',(0.937281989492,-0.348572047322,3.869927126774E-17)
  );
#2297 = DEFINITIONAL_REPRESENTATION('',(#2298),#2302);
#2298 = LINE('',#2299,#2300);
#2299 = CARTESIAN_POINT('',(-5.101297604831,-4.5));
#2300 = VECTOR('',#2301,1.);
#2301 = DIRECTION('',(1.,1.14783938833E-16));
#2302 = ( GEOMETRIC_REPRESENTATION_CONTEXT(2) 
PARAMETRIC_REPRESENTATION_CONTEXT() REPRESENTATION_CONTEXT('2D SPACE',''
  ) );
#2303 = ORIENTED_EDGE('',*,*,#2304,.T.);
#2304 = EDGE_CURVE('',#2277,#2305,#2307,.T.);
#2305 = VERTEX_POINT('',#2306);
#2306 = CARTESIAN_POINT('',(4.32987533474,-9.153574314444,0.5));
#2307 = SURFACE_CURVE('',#2308,(#2313,#2320),.PCURVE_S1.);
#2308 = CIRCLE('',#2309,6.);
#2309 = AXIS2_PLACEMENT_3D('',#2310,#2311,#2312);
#2310 = CARTESIAN_POINT('',(5.510910596163E-16,-5.,0.5));
#2311 = DIRECTION('',(-1.224646799147E-16,1.110223024625E-16,1.));
#2312 = DIRECTION('',(-1.,-1.359631073447E-32,-1.224646799147E-16));
#2313 = PCURVE('',#402,#2314);
#2314 = DEFINITIONAL_REPRESENTATION('',(#2315),#2319);
#2315 = CIRCLE('',#2316,6.);
#2316 = AXIS2_PLACEMENT_2D('',#2317,#2318);
#2317 = CARTESIAN_POINT('',(-5.510910596163E-16,0.));
#2318 = DIRECTION('',(1.,0.));
#2319 = ( GEOMETRIC_REPRESENTATION_CONTEXT(2) 
PARAMETRIC_REPRESENTATION_CONTEXT() REPRESENTATION_CONTEXT('2D SPACE',''
  ) );
#2320 = PCURVE('',#2321,#2326);
#2321 = CYLINDRICAL_SURFACE('',#2322,6.);
#2322 = AXIS2_PLACEMENT_3D('',#2323,#2324,#2325);
#2323 = CARTESIAN_POINT('',(0.,-5.,5.));
#2324 = DIRECTION('',(-1.224646799147E-16,1.110223024625E-16,1.));
#2325 = DIRECTION('',(-1.,-1.359631073447E-32,-1.224646799147E-16));
#2326 = DEFINITIONAL_REPRESENTATION('',(#2327),#2331);
#2327 = LINE('',#2328,#2329);
#2328 = CARTESIAN_POINT('',(0.,-4.5));
#2329 = VECTOR('',#2330,1.);
#2330 = DIRECTION('',(1.,0.));
#2331 = ( GEOMETRIC_REPRESENTATION_CONTEXT(2) 
PARAMETRIC_REPRESENTATION_CONTEXT() REPRESENTATION_CONTEXT('2D SPACE',''
  ) );
#2332 = ORIENTED_EDGE('',*,*,#2333,.T.);
#2333 = EDGE_CURVE('',#2305,#2334,#2336,.T.);
#2334 = VERTEX_POINT('',#2335);
#2335 = CARTESIAN_POINT('',(4.293659661037,-9.03362221603,0.5));
#2336 = SURFACE_CURVE('',#2337,(#2341,#2348),.PCURVE_S1.);
#2337 = LINE('',#2338,#2339);
#2338 = CARTESIAN_POINT('',(2.818883772952,-4.148928811777,0.5));
#2339 = VECTOR('',#2340,1.);
#2340 = DIRECTION('',(-0.289031796944,0.957319497532,-1.416800013063E-16
    ));
#2341 = PCURVE('',#402,#2342);
#2342 = DEFINITIONAL_REPRESENTATION('',(#2343),#2347);
#2343 = LINE('',#2344,#2345);
#2344 = CARTESIAN_POINT('',(-2.818883772952,-0.851071188223));
#2345 = VECTOR('',#2346,1.);
#2346 = DIRECTION('',(0.289031796944,-0.957319497532));
#2347 = ( GEOMETRIC_REPRESENTATION_CONTEXT(2) 
PARAMETRIC_REPRESENTATION_CONTEXT() REPRESENTATION_CONTEXT('2D SPACE',''
  ) );
#2348 = PCURVE('',#2349,#2354);
#2349 = PLANE('',#2350);
#2350 = AXIS2_PLACEMENT_3D('',#2351,#2352,#2353);
#2351 = CARTESIAN_POINT('',(4.293659661037,-9.03362221603,5.));
#2352 = DIRECTION('',(0.957319497532,0.289031796944,8.514885025975E-17)
  );
#2353 = DIRECTION('',(-0.289031796944,0.957319497532,-1.062838148083E-16
    ));
#2354 = DEFINITIONAL_REPRESENTATION('',(#2355),#2359);
#2355 = LINE('',#2356,#2357);
#2356 = CARTESIAN_POINT('',(5.102469360382,-4.5));
#2357 = VECTOR('',#2358,1.);
#2358 = DIRECTION('',(1.,-3.539618649799E-17));
#2359 = ( GEOMETRIC_REPRESENTATION_CONTEXT(2) 
PARAMETRIC_REPRESENTATION_CONTEXT() REPRESENTATION_CONTEXT('2D SPACE',''
  ) );
#2360 = ORIENTED_EDGE('',*,*,#2361,.T.);
#2361 = EDGE_CURVE('',#2334,#2362,#2364,.T.);
#2362 = VERTEX_POINT('',#2363);
#2363 = CARTESIAN_POINT('',(4.415676411191,-9.062240986408,0.5));
#2364 = SURFACE_CURVE('',#2365,(#2369,#2376),.PCURVE_S1.);
#2365 = LINE('',#2366,#2367);
#2366 = CARTESIAN_POINT('',(-0.672856064304,-7.868736469274,0.5));
#2367 = VECTOR('',#2368,1.);
#2368 = DIRECTION('',(0.973578902873,-0.228350870111,1.445810680811E-16)
  );
#2369 = PCURVE('',#402,#2370);
#2370 = DEFINITIONAL_REPRESENTATION('',(#2371),#2375);
#2371 = LINE('',#2372,#2373);
#2372 = CARTESIAN_POINT('',(0.672856064304,2.868736469274));
#2373 = VECTOR('',#2374,1.);
#2374 = DIRECTION('',(-0.973578902873,0.228350870111));
#2375 = ( GEOMETRIC_REPRESENTATION_CONTEXT(2) 
PARAMETRIC_REPRESENTATION_CONTEXT() REPRESENTATION_CONTEXT('2D SPACE',''
  ) );
#2376 = PCURVE('',#2377,#2382);
#2377 = PLANE('',#2378);
#2378 = AXIS2_PLACEMENT_3D('',#2379,#2380,#2381);
#2379 = CARTESIAN_POINT('',(4.293659661037,-9.03362221603,5.));
#2380 = DIRECTION('',(-0.228350870111,-0.973578902873,8.012405520956E-17
    ));
#2381 = DIRECTION('',(0.973578902873,-0.228350870111,2.5352039369E-17));
#2382 = DEFINITIONAL_REPRESENTATION('',(#2383),#2387);
#2383 = LINE('',#2384,#2385);
#2384 = CARTESIAN_POINT('',(-5.101297604831,-4.5));
#2385 = VECTOR('',#2386,1.);
#2386 = DIRECTION('',(1.,1.192290287121E-16));
#2387 = ( GEOMETRIC_REPRESENTATION_CONTEXT(2) 
PARAMETRIC_REPRESENTATION_CONTEXT() REPRESENTATION_CONTEXT('2D SPACE',''
  ) );
#2388 = ORIENTED_EDGE('',*,*,#2389,.T.);
#2389 = EDGE_CURVE('',#2362,#2390,#2392,.T.);
#2390 = VERTEX_POINT('',#2391);
#2391 = CARTESIAN_POINT('',(4.816313874133,-8.578144863729,0.5));
#2392 = SURFACE_CURVE('',#2393,(#2398,#2405),.PCURVE_S1.);
#2393 = CIRCLE('',#2394,6.);
#2394 = AXIS2_PLACEMENT_3D('',#2395,#2396,#2397);
#2395 = CARTESIAN_POINT('',(5.510910596163E-16,-5.,0.5));
#2396 = DIRECTION('',(-1.224646799147E-16,1.110223024625E-16,1.));
#2397 = DIRECTION('',(-1.,-1.359631073447E-32,-1.224646799147E-16));
#2398 = PCURVE('',#402,#2399);
#2399 = DEFINITIONAL_REPRESENTATION('',(#2400),#2404);
#2400 = CIRCLE('',#2401,6.);
#2401 = AXIS2_PLACEMENT_2D('',#2402,#2403);
#2402 = CARTESIAN_POINT('',(-5.510910596163E-16,0.));
#2403 = DIRECTION('',(1.,0.));
#2404 = ( GEOMETRIC_REPRESENTATION_CONTEXT(2) 
PARAMETRIC_REPRESENTATION_CONTEXT() REPRESENTATION_CONTEXT('2D SPACE',''
  ) );
#2405 = PCURVE('',#2406,#2411);
#2406 = CYLINDRICAL_SURFACE('',#2407,6.);
#2407 = AXIS2_PLACEMENT_3D('',#2408,#2409,#2410);
#2408 = CARTESIAN_POINT('',(0.,-5.,5.));
#2409 = DIRECTION('',(-1.224646799147E-16,1.110223024625E-16,1.));
#2410 = DIRECTION('',(-1.,-1.359631073447E-32,-1.224646799147E-16));
#2411 = DEFINITIONAL_REPRESENTATION('',(#2412),#2416);
#2412 = LINE('',#2413,#2414);
#2413 = CARTESIAN_POINT('',(0.,-4.5));
#2414 = VECTOR('',#2415,1.);
#2415 = DIRECTION('',(1.,0.));
#2416 = ( GEOMETRIC_REPRESENTATION_CONTEXT(2) 
PARAMETRIC_REPRESENTATION_CONTEXT() REPRESENTATION_CONTEXT('2D SPACE',''
  ) );
#2417 = ORIENTED_EDGE('',*,*,#2418,.T.);
#2418 = EDGE_CURVE('',#2390,#2419,#2421,.T.);
#2419 = VERTEX_POINT('',#2420);
#2420 = CARTESIAN_POINT('',(4.765349787468,-8.46367765093,0.5));
#2421 = SURFACE_CURVE('',#2422,(#2426,#2433),.PCURVE_S1.);
#2422 = LINE('',#2423,#2424);
#2423 = CARTESIAN_POINT('',(2.689988528429,-3.802339943993,0.5));
#2424 = VECTOR('',#2425,1.);
#2425 = DIRECTION('',(-0.406736643076,0.913545457643,-1.512347929155E-16
    ));
#2426 = PCURVE('',#402,#2427);
#2427 = DEFINITIONAL_REPRESENTATION('',(#2428),#2432);
#2428 = LINE('',#2429,#2430);
#2429 = CARTESIAN_POINT('',(-2.689988528429,-1.197660056007));
#2430 = VECTOR('',#2431,1.);
#2431 = DIRECTION('',(0.406736643076,-0.913545457643));
#2432 = ( GEOMETRIC_REPRESENTATION_CONTEXT(2) 
PARAMETRIC_REPRESENTATION_CONTEXT() REPRESENTATION_CONTEXT('2D SPACE',''
  ) );
#2433 = PCURVE('',#2434,#2439);
#2434 = PLANE('',#2435);
#2435 = AXIS2_PLACEMENT_3D('',#2436,#2437,#2438);
#2436 = CARTESIAN_POINT('',(4.765349787468,-8.46367765093,5.));
#2437 = DIRECTION('',(0.913545457643,0.406736643076,6.672021344761E-17)
  );
#2438 = DIRECTION('',(-0.406736643076,0.913545457643,-1.014239201117E-16
    ));
#2439 = DEFINITIONAL_REPRESENTATION('',(#2440),#2444);
#2440 = LINE('',#2441,#2442);
#2441 = CARTESIAN_POINT('',(5.102469360382,-4.5));
#2442 = VECTOR('',#2443,1.);
#2443 = DIRECTION('',(1.,-4.981087280387E-17));
#2444 = ( GEOMETRIC_REPRESENTATION_CONTEXT(2) 
PARAMETRIC_REPRESENTATION_CONTEXT() REPRESENTATION_CONTEXT('2D SPACE',''
  ) );
#2445 = ORIENTED_EDGE('',*,*,#2446,.T.);
#2446 = EDGE_CURVE('',#2419,#2447,#2449,.T.);
#2447 = VERTEX_POINT('',#2448);
#2448 = CARTESIAN_POINT('',(4.889991282134,-8.476777999909,0.5));
#2449 = SURFACE_CURVE('',#2450,(#2454,#2461),.PCURVE_S1.);
#2450 = LINE('',#2451,#2452);
#2451 = CARTESIAN_POINT('',(-0.308002375327,-7.930446851626,0.5));
#2452 = VECTOR('',#2453,1.);
#2453 = DIRECTION('',(0.994521895368,-0.104528463268,1.333987962493E-16)
  );
#2454 = PCURVE('',#402,#2455);
#2455 = DEFINITIONAL_REPRESENTATION('',(#2456),#2460);
#2456 = LINE('',#2457,#2458);
#2457 = CARTESIAN_POINT('',(0.308002375327,2.930446851626));
#2458 = VECTOR('',#2459,1.);
#2459 = DIRECTION('',(-0.994521895368,0.104528463268));
#2460 = ( GEOMETRIC_REPRESENTATION_CONTEXT(2) 
PARAMETRIC_REPRESENTATION_CONTEXT() REPRESENTATION_CONTEXT('2D SPACE',''
  ) );
#2461 = PCURVE('',#2462,#2467);
#2462 = PLANE('',#2463);
#2463 = AXIS2_PLACEMENT_3D('',#2464,#2465,#2466);
#2464 = CARTESIAN_POINT('',(4.765349787468,-8.46367765093,5.));
#2465 = DIRECTION('',(-0.104528463268,-0.994521895368,9.761306587712E-17
    ));
#2466 = DIRECTION('',(0.994521895368,-0.104528463268,1.160499066484E-17)
  );
#2467 = DEFINITIONAL_REPRESENTATION('',(#2468),#2472);
#2468 = LINE('',#2469,#2470);
#2469 = CARTESIAN_POINT('',(-5.101297604831,-4.5));
#2470 = VECTOR('',#2471,1.);
#2471 = DIRECTION('',(1.,1.217938055845E-16));
#2472 = ( GEOMETRIC_REPRESENTATION_CONTEXT(2) 
PARAMETRIC_REPRESENTATION_CONTEXT() REPRESENTATION_CONTEXT('2D SPACE',''
  ) );
#2473 = ORIENTED_EDGE('',*,*,#2474,.T.);
#2474 = EDGE_CURVE('',#2447,#2475,#2477,.T.);
#2475 = VERTEX_POINT('',#2476);
#2476 = CARTESIAN_POINT('',(5.226796266605,-7.946285931033,0.5));
#2477 = SURFACE_CURVE('',#2478,(#2483,#2490),.PCURVE_S1.);
#2478 = CIRCLE('',#2479,6.);
#2479 = AXIS2_PLACEMENT_3D('',#2480,#2481,#2482);
#2480 = CARTESIAN_POINT('',(5.510910596163E-16,-5.,0.5));
#2481 = DIRECTION('',(-1.224646799147E-16,1.110223024625E-16,1.));
#2482 = DIRECTION('',(-1.,-1.359631073447E-32,-1.224646799147E-16));
#2483 = PCURVE('',#402,#2484);
#2484 = DEFINITIONAL_REPRESENTATION('',(#2485),#2489);
#2485 = CIRCLE('',#2486,6.);
#2486 = AXIS2_PLACEMENT_2D('',#2487,#2488);
#2487 = CARTESIAN_POINT('',(-5.510910596163E-16,0.));
#2488 = DIRECTION('',(1.,0.));
#2489 = ( GEOMETRIC_REPRESENTATION_CONTEXT(2) 
PARAMETRIC_REPRESENTATION_CONTEXT() REPRESENTATION_CONTEXT('2D SPACE',''
  ) );
#2490 = PCURVE('',#2491,#2496);
#2491 = CYLINDRICAL_SURFACE('',#2492,6.);
#2492 = AXIS2_PLACEMENT_3D('',#2493,#2494,#2495);
#2493 = CARTESIAN_POINT('',(0.,-5.,5.));
#2494 = DIRECTION('',(-1.224646799147E-16,1.110223024625E-16,1.));
#2495 = DIRECTION('',(-1.,-1.359631073447E-32,-1.224646799147E-16));
#2496 = DEFINITIONAL_REPRESENTATION('',(#2497),#2501);
#2497 = LINE('',#2498,#2499);
#2498 = CARTESIAN_POINT('',(0.,-4.5));
#2499 = VECTOR('',#2500,1.);
#2500 = DIRECTION('',(1.,0.));
#2501 = ( GEOMETRIC_REPRESENTATION_CONTEXT(2) 
PARAMETRIC_REPRESENTATION_CONTEXT() REPRESENTATION_CONTEXT('2D SPACE',''
  ) );
#2502 = ORIENTED_EDGE('',*,*,#2503,.T.);
#2503 = EDGE_CURVE('',#2475,#2504,#2506,.T.);
#2504 = VERTEX_POINT('',#2505);
#2505 = CARTESIAN_POINT('',(5.161887501068,-7.839108820174,0.5));
#2506 = SURFACE_CURVE('',#2507,(#2511,#2518),.PCURVE_S1.);
#2507 = LINE('',#2508,#2509);
#2508 = CARTESIAN_POINT('',(2.518670557891,-3.474638890739,0.5));
#2509 = VECTOR('',#2510,1.);
#2510 = DIRECTION('',(-0.518027009373,0.855364260161,-1.584045214972E-16
    ));
#2511 = PCURVE('',#402,#2512);
#2512 = DEFINITIONAL_REPRESENTATION('',(#2513),#2517);
#2513 = LINE('',#2514,#2515);
#2514 = CARTESIAN_POINT('',(-2.518670557891,-1.525361109261));
#2515 = VECTOR('',#2516,1.);
#2516 = DIRECTION('',(0.518027009373,-0.855364260161));
#2517 = ( GEOMETRIC_REPRESENTATION_CONTEXT(2) 
PARAMETRIC_REPRESENTATION_CONTEXT() REPRESENTATION_CONTEXT('2D SPACE',''
  ) );
#2518 = PCURVE('',#2519,#2524);
#2519 = PLANE('',#2520);
#2520 = AXIS2_PLACEMENT_3D('',#2521,#2522,#2523);
#2521 = CARTESIAN_POINT('',(5.161887501068,-7.839108820174,5.));
#2522 = DIRECTION('',(0.855364260161,0.518027009373,4.723935901268E-17)
  );
#2523 = DIRECTION('',(-0.518027009373,0.855364260161,-9.496450960717E-17
    ));
#2524 = DEFINITIONAL_REPRESENTATION('',(#2525),#2529);
#2525 = LINE('',#2526,#2527);
#2526 = CARTESIAN_POINT('',(5.102469360382,-4.5));
#2527 = VECTOR('',#2528,1.);
#2528 = DIRECTION('',(1.,-6.344001189007E-17));
#2529 = ( GEOMETRIC_REPRESENTATION_CONTEXT(2) 
PARAMETRIC_REPRESENTATION_CONTEXT() REPRESENTATION_CONTEXT('2D SPACE',''
  ) );
#2530 = ORIENTED_EDGE('',*,*,#2531,.T.);
#2531 = EDGE_CURVE('',#2504,#2532,#2534,.T.);
#2532 = VERTEX_POINT('',#2533);
#2533 = CARTESIAN_POINT('',(5.287188069419,-7.836484147426,0.5));
#2534 = SURFACE_CURVE('',#2535,(#2539,#2546),.PCURVE_S1.);
#2535 = LINE('',#2536,#2537);
#2536 = CARTESIAN_POINT('',(6.170869510109E-02,-7.945942336564,0.5));
#2537 = VECTOR('',#2538,1.);
#2538 = DIRECTION('',(0.999780683475,2.094241988336E-02,
    1.201127457121E-16));
#2539 = PCURVE('',#402,#2540);
#2540 = DEFINITIONAL_REPRESENTATION('',(#2541),#2545);
#2541 = LINE('',#2542,#2543);
#2542 = CARTESIAN_POINT('',(-6.170869510109E-02,2.945942336564));
#2543 = VECTOR('',#2544,1.);
#2544 = DIRECTION('',(-0.999780683475,-2.094241988336E-02));
#2545 = ( GEOMETRIC_REPRESENTATION_CONTEXT(2) 
PARAMETRIC_REPRESENTATION_CONTEXT() REPRESENTATION_CONTEXT('2D SPACE',''
  ) );
#2546 = PCURVE('',#2547,#2552);
#2547 = PLANE('',#2548);
#2548 = AXIS2_PLACEMENT_3D('',#2549,#2550,#2551);
#2549 = CARTESIAN_POINT('',(5.161887501068,-7.839108820174,5.));
#2550 = DIRECTION('',(2.094241988336E-02,-0.999780683475,
    1.135626601846E-16));
#2551 = DIRECTION('',(0.999780683475,2.094241988336E-02,
    -2.325075674588E-18));
#2552 = DEFINITIONAL_REPRESENTATION('',(#2553),#2557);
#2553 = LINE('',#2554,#2555);
#2554 = CARTESIAN_POINT('',(-5.101297604831,-4.5));
#2555 = VECTOR('',#2556,1.);
#2556 = DIRECTION('',(1.,1.224378213867E-16));
#2557 = ( GEOMETRIC_REPRESENTATION_CONTEXT(2) 
PARAMETRIC_REPRESENTATION_CONTEXT() REPRESENTATION_CONTEXT('2D SPACE',''
  ) );
#2558 = ORIENTED_EDGE('',*,*,#2559,.T.);
#2559 = EDGE_CURVE('',#2532,#2560,#2562,.T.);
#2560 = VERTEX_POINT('',#2561);
#2561 = CARTESIAN_POINT('',(5.554848959616,-7.267962309178,0.5));
#2562 = SURFACE_CURVE('',#2563,(#2568,#2575),.PCURVE_S1.);
#2563 = CIRCLE('',#2564,6.);
#2564 = AXIS2_PLACEMENT_3D('',#2565,#2566,#2567);
#2565 = CARTESIAN_POINT('',(5.510910596163E-16,-5.,0.5));
#2566 = DIRECTION('',(-1.224646799147E-16,1.110223024625E-16,1.));
#2567 = DIRECTION('',(-1.,-1.359631073447E-32,-1.224646799147E-16));
#2568 = PCURVE('',#402,#2569);
#2569 = DEFINITIONAL_REPRESENTATION('',(#2570),#2574);
#2570 = CIRCLE('',#2571,6.);
#2571 = AXIS2_PLACEMENT_2D('',#2572,#2573);
#2572 = CARTESIAN_POINT('',(-5.510910596163E-16,0.));
#2573 = DIRECTION('',(1.,0.));
#2574 = ( GEOMETRIC_REPRESENTATION_CONTEXT(2) 
PARAMETRIC_REPRESENTATION_CONTEXT() REPRESENTATION_CONTEXT('2D SPACE',''
  ) );
#2575 = PCURVE('',#2576,#2581);
#2576 = CYLINDRICAL_SURFACE('',#2577,6.);
#2577 = AXIS2_PLACEMENT_3D('',#2578,#2579,#2580);
#2578 = CARTESIAN_POINT('',(0.,-5.,5.));
#2579 = DIRECTION('',(-1.224646799147E-16,1.110223024625E-16,1.));
#2580 = DIRECTION('',(-1.,-1.359631073447E-32,-1.224646799147E-16));
#2581 = DEFINITIONAL_REPRESENTATION('',(#2582),#2586);
#2582 = LINE('',#2583,#2584);
#2583 = CARTESIAN_POINT('',(0.,-4.5));
#2584 = VECTOR('',#2585,1.);
#2585 = DIRECTION('',(1.,0.));
#2586 = ( GEOMETRIC_REPRESENTATION_CONTEXT(2) 
PARAMETRIC_REPRESENTATION_CONTEXT() REPRESENTATION_CONTEXT('2D SPACE',''
  ) );
#2587 = ORIENTED_EDGE('',*,*,#2588,.T.);
#2588 = EDGE_CURVE('',#2560,#2589,#2591,.T.);
#2589 = VERTEX_POINT('',#2590);
#2590 = CARTESIAN_POINT('',(5.477019165214,-7.169765547322,0.5));
#2591 = SURFACE_CURVE('',#2592,(#2596,#2603),.PCURVE_S1.);
#2592 = LINE('',#2593,#2594);
#2593 = CARTESIAN_POINT('',(2.307631648075,-3.170993693385,0.5));
#2594 = VECTOR('',#2595,1.);
#2595 = DIRECTION('',(-0.621147780278,0.783693457326,-1.630761161487E-16
    ));
#2596 = PCURVE('',#402,#2597);
#2597 = DEFINITIONAL_REPRESENTATION('',(#2598),#2602);
#2598 = LINE('',#2599,#2600);
#2599 = CARTESIAN_POINT('',(-2.307631648075,-1.829006306615));
#2600 = VECTOR('',#2601,1.);
#2601 = DIRECTION('',(0.621147780278,-0.783693457326));
#2602 = ( GEOMETRIC_REPRESENTATION_CONTEXT(2) 
PARAMETRIC_REPRESENTATION_CONTEXT() REPRESENTATION_CONTEXT('2D SPACE',''
  ) );
#2603 = PCURVE('',#2604,#2609);
#2604 = PLANE('',#2605);
#2605 = AXIS2_PLACEMENT_3D('',#2606,#2607,#2608);
#2606 = CARTESIAN_POINT('',(5.477019165214,-7.169765547322,5.));
#2607 = DIRECTION('',(0.783693457326,0.621147780278,2.70135116667E-17));
#2608 = DIRECTION('',(-0.621147780278,0.783693457326,-8.700745205712E-17
    ));
#2609 = DEFINITIONAL_REPRESENTATION('',(#2610),#2614);
#2610 = LINE('',#2611,#2612);
#2611 = CARTESIAN_POINT('',(5.102469360382,-4.5));
#2612 = VECTOR('',#2613,1.);
#2613 = DIRECTION('',(1.,-7.606866409153E-17));
#2614 = ( GEOMETRIC_REPRESENTATION_CONTEXT(2) 
PARAMETRIC_REPRESENTATION_CONTEXT() REPRESENTATION_CONTEXT('2D SPACE',''
  ) );
#2615 = ORIENTED_EDGE('',*,*,#2616,.T.);
#2616 = EDGE_CURVE('',#2589,#2617,#2619,.T.);
#2617 = VERTEX_POINT('',#2618);
#2618 = CARTESIAN_POINT('',(5.601002742435,-7.151457245504,0.5));
#2619 = SURFACE_CURVE('',#2620,(#2624,#2631),.PCURVE_S1.);
#2620 = LINE('',#2621,#2622);
#2621 = CARTESIAN_POINT('',(0.430446582544,-7.914978551034,0.5));
#2622 = VECTOR('',#2623,1.);
#2623 = DIRECTION('',(0.989272332963,0.146083028562,1.049324454231E-16)
  );
#2624 = PCURVE('',#402,#2625);
#2625 = DEFINITIONAL_REPRESENTATION('',(#2626),#2630);
#2626 = LINE('',#2627,#2628);
#2627 = CARTESIAN_POINT('',(-0.430446582544,2.914978551034));
#2628 = VECTOR('',#2629,1.);
#2629 = DIRECTION('',(-0.989272332963,-0.146083028562));
#2630 = ( GEOMETRIC_REPRESENTATION_CONTEXT(2) 
PARAMETRIC_REPRESENTATION_CONTEXT() REPRESENTATION_CONTEXT('2D SPACE',''
  ) );
#2631 = PCURVE('',#2632,#2637);
#2632 = PLANE('',#2633);
#2633 = AXIS2_PLACEMENT_3D('',#2634,#2635,#2636);
#2634 = CARTESIAN_POINT('',(5.477019165214,-7.169765547322,5.));
#2635 = DIRECTION('',(0.146083028562,-0.989272332963,1.277213035019E-16)
  );
#2636 = DIRECTION('',(0.989272332963,0.146083028562,-1.62184741817E-17)
  );
#2637 = DEFINITIONAL_REPRESENTATION('',(#2638),#2642);
#2638 = LINE('',#2639,#2640);
#2639 = CARTESIAN_POINT('',(-5.101297604831,-4.5));
#2640 = VECTOR('',#2641,1.);
#2641 = DIRECTION('',(1.,1.211509196048E-16));
#2642 = ( GEOMETRIC_REPRESENTATION_CONTEXT(2) 
PARAMETRIC_REPRESENTATION_CONTEXT() REPRESENTATION_CONTEXT('2D SPACE',''
  ) );
#2643 = ORIENTED_EDGE('',*,*,#2644,.T.);
#2644 = EDGE_CURVE('',#2617,#2645,#2647,.T.);
#2645 = VERTEX_POINT('',#2646);
#2646 = CARTESIAN_POINT('',(5.795298366228,-6.553871566893,0.5));
#2647 = SURFACE_CURVE('',#2648,(#2653,#2660),.PCURVE_S1.);
#2648 = CIRCLE('',#2649,6.);
#2649 = AXIS2_PLACEMENT_3D('',#2650,#2651,#2652);
#2650 = CARTESIAN_POINT('',(5.510910596163E-16,-5.,0.5));
#2651 = DIRECTION('',(-1.224646799147E-16,1.110223024625E-16,1.));
#2652 = DIRECTION('',(-1.,-1.359631073447E-32,-1.224646799147E-16));
#2653 = PCURVE('',#402,#2654);
#2654 = DEFINITIONAL_REPRESENTATION('',(#2655),#2659);
#2655 = CIRCLE('',#2656,6.);
#2656 = AXIS2_PLACEMENT_2D('',#2657,#2658);
#2657 = CARTESIAN_POINT('',(-5.510910596163E-16,0.));
#2658 = DIRECTION('',(1.,0.));
#2659 = ( GEOMETRIC_REPRESENTATION_CONTEXT(2) 
PARAMETRIC_REPRESENTATION_CONTEXT() REPRESENTATION_CONTEXT('2D SPACE',''
  ) );
#2660 = PCURVE('',#2661,#2666);
#2661 = CYLINDRICAL_SURFACE('',#2662,6.);
#2662 = AXIS2_PLACEMENT_3D('',#2663,#2664,#2665);
#2663 = CARTESIAN_POINT('',(0.,-5.,5.));
#2664 = DIRECTION('',(-1.224646799147E-16,1.110223024625E-16,1.));
#2665 = DIRECTION('',(-1.,-1.359631073447E-32,-1.224646799147E-16));
#2666 = DEFINITIONAL_REPRESENTATION('',(#2667),#2671);
#2667 = LINE('',#2668,#2669);
#2668 = CARTESIAN_POINT('',(0.,-4.5));
#2669 = VECTOR('',#2670,1.);
#2670 = DIRECTION('',(1.,0.));
#2671 = ( GEOMETRIC_REPRESENTATION_CONTEXT(2) 
PARAMETRIC_REPRESENTATION_CONTEXT() REPRESENTATION_CONTEXT('2D SPACE',''
  ) );
#2672 = ORIENTED_EDGE('',*,*,#2673,.T.);
#2673 = EDGE_CURVE('',#2645,#2674,#2676,.T.);
#2674 = VERTEX_POINT('',#2675);
#2675 = CARTESIAN_POINT('',(5.705774965313,-6.466203775634,0.5));
#2676 = SURFACE_CURVE('',#2677,(#2681,#2688),.PCURVE_S1.);
#2677 = LINE('',#2678,#2679);
#2678 = CARTESIAN_POINT('',(2.060200008656,-2.896193018082,0.5));
#2679 = VECTOR('',#2680,1.);
#2680 = DIRECTION('',(-0.714472679633,0.699663340513,-1.651759030315E-16
    ));
#2681 = PCURVE('',#402,#2682);
#2682 = DEFINITIONAL_REPRESENTATION('',(#2683),#2687);
#2683 = LINE('',#2684,#2685);
#2684 = CARTESIAN_POINT('',(-2.060200008656,-2.103806981918));
#2685 = VECTOR('',#2686,1.);
#2686 = DIRECTION('',(0.714472679633,-0.699663340513));
#2687 = ( GEOMETRIC_REPRESENTATION_CONTEXT(2) 
PARAMETRIC_REPRESENTATION_CONTEXT() REPRESENTATION_CONTEXT('2D SPACE',''
  ) );
#2688 = PCURVE('',#2689,#2694);
#2689 = PLANE('',#2690);
#2690 = AXIS2_PLACEMENT_3D('',#2691,#2692,#2693);
#2691 = CARTESIAN_POINT('',(5.705774965313,-6.466203775634,5.));
#2692 = DIRECTION('',(0.699663340513,0.714472679633,6.361645104646E-18)
  );
#2693 = DIRECTION('',(-0.714472679633,0.699663340513,-7.767823501241E-17
    ));
#2694 = DEFINITIONAL_REPRESENTATION('',(#2695),#2699);
#2695 = LINE('',#2696,#2697);
#2696 = CARTESIAN_POINT('',(5.102469360382,-4.5));
#2697 = VECTOR('',#2698,1.);
#2698 = DIRECTION('',(1.,-8.749766801906E-17));
#2699 = ( GEOMETRIC_REPRESENTATION_CONTEXT(2) 
PARAMETRIC_REPRESENTATION_CONTEXT() REPRESENTATION_CONTEXT('2D SPACE',''
  ) );
#2700 = ORIENTED_EDGE('',*,*,#2701,.T.);
#2701 = EDGE_CURVE('',#2674,#2702,#2704,.T.);
#2702 = VERTEX_POINT('',#2703);
#2703 = CARTESIAN_POINT('',(5.826486256327,-6.432500577602,0.5));
#2704 = SURFACE_CURVE('',#2705,(#2709,#2716),.PCURVE_S1.);
#2705 = LINE('',#2706,#2707);
#2706 = CARTESIAN_POINT('',(0.792396070244,-7.83804381243,0.5));
#2707 = VECTOR('',#2708,1.);
#2708 = DIRECTION('',(0.963162566798,0.268919820615,8.809729778622E-17)
  );
#2709 = PCURVE('',#402,#2710);
#2710 = DEFINITIONAL_REPRESENTATION('',(#2711),#2715);
#2711 = LINE('',#2712,#2713);
#2712 = CARTESIAN_POINT('',(-0.792396070244,2.83804381243));
#2713 = VECTOR('',#2714,1.);
#2714 = DIRECTION('',(-0.963162566798,-0.268919820615));
#2715 = ( GEOMETRIC_REPRESENTATION_CONTEXT(2) 
PARAMETRIC_REPRESENTATION_CONTEXT() REPRESENTATION_CONTEXT('2D SPACE',''
  ) );
#2716 = PCURVE('',#2717,#2722);
#2717 = PLANE('',#2718);
#2718 = AXIS2_PLACEMENT_3D('',#2719,#2720,#2721);
#2719 = CARTESIAN_POINT('',(5.705774965313,-6.466203775634,5.));
#2720 = DIRECTION('',(0.268919820615,-0.963162566798,1.39865705566E-16)
  );
#2721 = DIRECTION('',(0.963162566798,0.268919820615,-2.985609766251E-17)
  );
#2722 = DEFINITIONAL_REPRESENTATION('',(#2723),#2727);
#2723 = LINE('',#2724,#2725);
#2724 = CARTESIAN_POINT('',(-5.101297604831,-4.5));
#2725 = VECTOR('',#2726,1.);
#2726 = DIRECTION('',(1.,1.179533954487E-16));
#2727 = ( GEOMETRIC_REPRESENTATION_CONTEXT(2) 
PARAMETRIC_REPRESENTATION_CONTEXT() REPRESENTATION_CONTEXT('2D SPACE',''
  ) );
#2728 = ORIENTED_EDGE('',*,*,#2729,.T.);
#2729 = EDGE_CURVE('',#2702,#2730,#2732,.T.);
#2730 = VERTEX_POINT('',#2731);
#2731 = CARTESIAN_POINT('',(5.944352455661,-5.81527534176,0.5));
#2732 = SURFACE_CURVE('',#2733,(#2738,#2745),.PCURVE_S1.);
#2733 = CIRCLE('',#2734,6.);
#2734 = AXIS2_PLACEMENT_3D('',#2735,#2736,#2737);
#2735 = CARTESIAN_POINT('',(5.510910596163E-16,-5.,0.5));
#2736 = DIRECTION('',(-1.224646799147E-16,1.110223024625E-16,1.));
#2737 = DIRECTION('',(-1.,-1.359631073447E-32,-1.224646799147E-16));
#2738 = PCURVE('',#402,#2739);
#2739 = DEFINITIONAL_REPRESENTATION('',(#2740),#2744);
#2740 = CIRCLE('',#2741,6.);
#2741 = AXIS2_PLACEMENT_2D('',#2742,#2743);
#2742 = CARTESIAN_POINT('',(-5.510910596163E-16,0.));
#2743 = DIRECTION('',(1.,0.));
#2744 = ( GEOMETRIC_REPRESENTATION_CONTEXT(2) 
PARAMETRIC_REPRESENTATION_CONTEXT() REPRESENTATION_CONTEXT('2D SPACE',''
  ) );
#2745 = PCURVE('',#2746,#2751);
#2746 = CYLINDRICAL_SURFACE('',#2747,6.);
#2747 = AXIS2_PLACEMENT_3D('',#2748,#2749,#2750);
#2748 = CARTESIAN_POINT('',(0.,-5.,5.));
#2749 = DIRECTION('',(-1.224646799147E-16,1.110223024625E-16,1.));
#2750 = DIRECTION('',(-1.,-1.359631073447E-32,-1.224646799147E-16));
#2751 = DEFINITIONAL_REPRESENTATION('',(#2752),#2756);
#2752 = LINE('',#2753,#2754);
#2753 = CARTESIAN_POINT('',(0.,-4.5));
#2754 = VECTOR('',#2755,1.);
#2755 = DIRECTION('',(1.,0.));
#2756 = ( GEOMETRIC_REPRESENTATION_CONTEXT(2) 
PARAMETRIC_REPRESENTATION_CONTEXT() REPRESENTATION_CONTEXT('2D SPACE',''
  ) );
#2757 = ORIENTED_EDGE('',*,*,#2758,.T.);
#2758 = EDGE_CURVE('',#2730,#2759,#2761,.T.);
#2759 = VERTEX_POINT('',#2760);
#2760 = CARTESIAN_POINT('',(5.844547285743,-5.739519094536,0.5));
#2761 = SURFACE_CURVE('',#2762,(#2766,#2773),.PCURVE_S1.);
#2762 = LINE('',#2763,#2764);
#2763 = CARTESIAN_POINT('',(1.780277784397,-2.654570635637,0.5));
#2764 = VECTOR('',#2765,1.);
#2765 = DIRECTION('',(-0.796529918024,0.604599114862,-1.646707672522E-16
    ));
#2766 = PCURVE('',#402,#2767);
#2767 = DEFINITIONAL_REPRESENTATION('',(#2768),#2772);
#2768 = LINE('',#2769,#2770);
#2769 = CARTESIAN_POINT('',(-1.780277784397,-2.345429364363));
#2770 = VECTOR('',#2771,1.);
#2771 = DIRECTION('',(0.796529918024,-0.604599114862));
#2772 = ( GEOMETRIC_REPRESENTATION_CONTEXT(2) 
PARAMETRIC_REPRESENTATION_CONTEXT() REPRESENTATION_CONTEXT('2D SPACE',''
  ) );
#2773 = PCURVE('',#2774,#2779);
#2774 = PLANE('',#2775);
#2775 = AXIS2_PLACEMENT_3D('',#2776,#2777,#2778);
#2776 = CARTESIAN_POINT('',(5.844547285743,-5.739519094536,5.));
#2777 = DIRECTION('',(0.604599114862,0.796529918024,-1.439054840097E-17)
  );
#2778 = DIRECTION('',(-0.796529918024,0.604599114862,-6.712398579882E-17
    ));
#2779 = DEFINITIONAL_REPRESENTATION('',(#2780),#2784);
#2780 = LINE('',#2781,#2782);
#2781 = CARTESIAN_POINT('',(5.102469360382,-4.5));
#2782 = VECTOR('',#2783,1.);
#2783 = DIRECTION('',(1.,-9.754678145334E-17));
#2784 = ( GEOMETRIC_REPRESENTATION_CONTEXT(2) 
PARAMETRIC_REPRESENTATION_CONTEXT() REPRESENTATION_CONTEXT('2D SPACE',''
  ) );
#2785 = ORIENTED_EDGE('',*,*,#2786,.T.);
#2786 = EDGE_CURVE('',#2759,#2787,#2789,.T.);
#2787 = VERTEX_POINT('',#2788);
#2788 = CARTESIAN_POINT('',(5.960082601383,-5.690952519857,0.5));
#2789 = SURFACE_CURVE('',#2790,(#2794,#2801),.PCURVE_S1.);
#2790 = LINE('',#2791,#2792);
#2791 = CARTESIAN_POINT('',(1.141848998562,-7.716351427539,0.5));
#2792 = VECTOR('',#2793,1.);
#2793 = DIRECTION('',(0.921863151588,0.387515586452,6.987280313645E-17)
  );
#2794 = PCURVE('',#402,#2795);
#2795 = DEFINITIONAL_REPRESENTATION('',(#2796),#2800);
#2796 = LINE('',#2797,#2798);
#2797 = CARTESIAN_POINT('',(-1.141848998562,2.716351427539));
#2798 = VECTOR('',#2799,1.);
#2799 = DIRECTION('',(-0.921863151588,-0.387515586452));
#2800 = ( GEOMETRIC_REPRESENTATION_CONTEXT(2) 
PARAMETRIC_REPRESENTATION_CONTEXT() REPRESENTATION_CONTEXT('2D SPACE',''
  ) );
#2801 = PCURVE('',#2802,#2807);
#2802 = PLANE('',#2803);
#2803 = AXIS2_PLACEMENT_3D('',#2804,#2805,#2806);
#2804 = CARTESIAN_POINT('',(5.844547285743,-5.739519094536,5.));
#2805 = DIRECTION('',(0.387515586452,-0.921863151588,1.498043419015E-16)
  );
#2806 = DIRECTION('',(0.921863151588,0.387515586452,-4.302287264803E-17)
  );
#2807 = DEFINITIONAL_REPRESENTATION('',(#2808),#2812);
#2808 = LINE('',#2809,#2810);
#2809 = CARTESIAN_POINT('',(-5.101297604831,-4.5));
#2810 = VECTOR('',#2811,1.);
#2811 = DIRECTION('',(1.,1.128956757845E-16));
#2812 = ( GEOMETRIC_REPRESENTATION_CONTEXT(2) 
PARAMETRIC_REPRESENTATION_CONTEXT() REPRESENTATION_CONTEXT('2D SPACE',''
  ) );
#2813 = ORIENTED_EDGE('',*,*,#2814,.T.);
#2814 = EDGE_CURVE('',#2787,#2815,#2817,.T.);
#2815 = VERTEX_POINT('',#2816);
#2816 = CARTESIAN_POINT('',(5.999660555884,-5.063821737465,0.5));
#2817 = SURFACE_CURVE('',#2818,(#2823,#2830),.PCURVE_S1.);
#2818 = CIRCLE('',#2819,6.);
#2819 = AXIS2_PLACEMENT_3D('',#2820,#2821,#2822);
#2820 = CARTESIAN_POINT('',(5.510910596163E-16,-5.,0.5));
#2821 = DIRECTION('',(-1.224646799147E-16,1.110223024625E-16,1.));
#2822 = DIRECTION('',(-1.,-1.359631073447E-32,-1.224646799147E-16));
#2823 = PCURVE('',#402,#2824);
#2824 = DEFINITIONAL_REPRESENTATION('',(#2825),#2829);
#2825 = CIRCLE('',#2826,6.);
#2826 = AXIS2_PLACEMENT_2D('',#2827,#2828);
#2827 = CARTESIAN_POINT('',(-5.510910596163E-16,0.));
#2828 = DIRECTION('',(1.,0.));
#2829 = ( GEOMETRIC_REPRESENTATION_CONTEXT(2) 
PARAMETRIC_REPRESENTATION_CONTEXT() REPRESENTATION_CONTEXT('2D SPACE',''
  ) );
#2830 = PCURVE('',#2831,#2836);
#2831 = CYLINDRICAL_SURFACE('',#2832,6.);
#2832 = AXIS2_PLACEMENT_3D('',#2833,#2834,#2835);
#2833 = CARTESIAN_POINT('',(0.,-5.,5.));
#2834 = DIRECTION('',(-1.224646799147E-16,1.110223024625E-16,1.));
#2835 = DIRECTION('',(-1.,-1.359631073447E-32,-1.224646799147E-16));
#2836 = DEFINITIONAL_REPRESENTATION('',(#2837),#2841);
#2837 = LINE('',#2838,#2839);
#2838 = CARTESIAN_POINT('',(0.,-4.5));
#2839 = VECTOR('',#2840,1.);
#2840 = DIRECTION('',(1.,0.));
#2841 = ( GEOMETRIC_REPRESENTATION_CONTEXT(2) 
PARAMETRIC_REPRESENTATION_CONTEXT() REPRESENTATION_CONTEXT('2D SPACE',''
  ) );
#2842 = ORIENTED_EDGE('',*,*,#2843,.T.);
#2843 = EDGE_CURVE('',#2815,#2844,#2846,.T.);
#2844 = VERTEX_POINT('',#2845);
#2845 = CARTESIAN_POINT('',(5.891147604114,-5.001171755551,0.5));
#2846 = SURFACE_CURVE('',#2847,(#2851,#2858),.PCURVE_S1.);
#2847 = LINE('',#2848,#2849);
#2848 = CARTESIAN_POINT('',(1.472279515992,-2.44993707536,0.5));
#2849 = VECTOR('',#2850,1.);
#2850 = DIRECTION('',(-0.866025403784,0.5,-1.615686751037E-16));
#2851 = PCURVE('',#402,#2852);
#2852 = DEFINITIONAL_REPRESENTATION('',(#2853),#2857);
#2853 = LINE('',#2854,#2855);
#2854 = CARTESIAN_POINT('',(-1.472279515992,-2.55006292464));
#2855 = VECTOR('',#2856,1.);
#2856 = DIRECTION('',(0.866025403784,-0.5));
#2857 = ( GEOMETRIC_REPRESENTATION_CONTEXT(2) 
PARAMETRIC_REPRESENTATION_CONTEXT() REPRESENTATION_CONTEXT('2D SPACE',''
  ) );
#2858 = PCURVE('',#2859,#2864);
#2859 = PLANE('',#2860);
#2860 = AXIS2_PLACEMENT_3D('',#2861,#2862,#2863);
#2861 = CARTESIAN_POINT('',(5.891147604114,-5.001171755551,5.));
#2862 = DIRECTION('',(0.5,0.866025403784,-3.491579436181E-17));
#2863 = DIRECTION('',(-0.866025403784,0.5,-5.551115123126E-17));
#2864 = DEFINITIONAL_REPRESENTATION('',(#2865),#2869);
#2865 = LINE('',#2866,#2867);
#2866 = CARTESIAN_POINT('',(5.102469360382,-4.5));
#2867 = VECTOR('',#2868,1.);
#2868 = DIRECTION('',(1.,-1.060575238725E-16));
#2869 = ( GEOMETRIC_REPRESENTATION_CONTEXT(2) 
PARAMETRIC_REPRESENTATION_CONTEXT() REPRESENTATION_CONTEXT('2D SPACE',''
  ) );
#2870 = ORIENTED_EDGE('',*,*,#2871,.T.);
#2871 = EDGE_CURVE('',#2844,#2872,#2874,.T.);
#2872 = VERTEX_POINT('',#2873);
#2873 = CARTESIAN_POINT('',(5.999684883433,-4.938507728119,0.5));
#2874 = SURFACE_CURVE('',#2875,(#2879,#2886),.PCURVE_S1.);
#2875 = LINE('',#2876,#2877);
#2876 = CARTESIAN_POINT('',(1.473294286065,-7.551820557966,0.5));
#2877 = VECTOR('',#2878,1.);
#2878 = DIRECTION('',(0.866025403784,0.5,5.054637264123E-17));
#2879 = PCURVE('',#402,#2880);
#2880 = DEFINITIONAL_REPRESENTATION('',(#2881),#2885);
#2881 = LINE('',#2882,#2883);
#2882 = CARTESIAN_POINT('',(-1.473294286065,2.551820557966));
#2883 = VECTOR('',#2884,1.);
#2884 = DIRECTION('',(-0.866025403784,-0.5));
#2885 = ( GEOMETRIC_REPRESENTATION_CONTEXT(2) 
PARAMETRIC_REPRESENTATION_CONTEXT() REPRESENTATION_CONTEXT('2D SPACE',''
  ) );
#2886 = PCURVE('',#2887,#2892);
#2887 = PLANE('',#2888);
#2888 = AXIS2_PLACEMENT_3D('',#2889,#2890,#2891);
#2889 = CARTESIAN_POINT('',(5.891147604114,-5.001171755551,5.));
#2890 = DIRECTION('',(0.5,-0.866025403784,1.573804742765E-16));
#2891 = DIRECTION('',(0.866025403784,0.5,-5.551115123126E-17));
#2892 = DEFINITIONAL_REPRESENTATION('',(#2893),#2897);
#2893 = LINE('',#2894,#2895);
#2894 = CARTESIAN_POINT('',(-5.101297604831,-4.5));
#2895 = VECTOR('',#2896,1.);
#2896 = DIRECTION('',(1.,1.060575238725E-16));
#2897 = ( GEOMETRIC_REPRESENTATION_CONTEXT(2) 
PARAMETRIC_REPRESENTATION_CONTEXT() REPRESENTATION_CONTEXT('2D SPACE',''
  ) );
#2898 = ORIENTED_EDGE('',*,*,#2899,.T.);
#2899 = EDGE_CURVE('',#2872,#2900,#2902,.T.);
#2900 = VERTEX_POINT('',#2901);
#2901 = CARTESIAN_POINT('',(5.960350425117,-4.311361626246,0.5));
#2902 = SURFACE_CURVE('',#2903,(#2908,#2915),.PCURVE_S1.);
#2903 = CIRCLE('',#2904,6.);
#2904 = AXIS2_PLACEMENT_3D('',#2905,#2906,#2907);
#2905 = CARTESIAN_POINT('',(5.510910596163E-16,-5.,0.5));
#2906 = DIRECTION('',(-1.224646799147E-16,1.110223024625E-16,1.));
#2907 = DIRECTION('',(-1.,-1.359631073447E-32,-1.224646799147E-16));
#2908 = PCURVE('',#402,#2909);
#2909 = DEFINITIONAL_REPRESENTATION('',(#2910),#2914);
#2910 = CIRCLE('',#2911,6.);
#2911 = AXIS2_PLACEMENT_2D('',#2912,#2913);
#2912 = CARTESIAN_POINT('',(-5.510910596163E-16,0.));
#2913 = DIRECTION('',(1.,0.));
#2914 = ( GEOMETRIC_REPRESENTATION_CONTEXT(2) 
PARAMETRIC_REPRESENTATION_CONTEXT() REPRESENTATION_CONTEXT('2D SPACE',''
  ) );
#2915 = PCURVE('',#2916,#2921);
#2916 = CYLINDRICAL_SURFACE('',#2917,6.);
#2917 = AXIS2_PLACEMENT_3D('',#2918,#2919,#2920);
#2918 = CARTESIAN_POINT('',(0.,-5.,5.));
#2919 = DIRECTION('',(-1.224646799147E-16,1.110223024625E-16,1.));
#2920 = DIRECTION('',(-1.,-1.359631073447E-32,-1.224646799147E-16));
#2921 = DEFINITIONAL_REPRESENTATION('',(#2922),#2926);
#2922 = LINE('',#2923,#2924);
#2923 = CARTESIAN_POINT('',(-4.440892098501E-16,-4.5));
#2924 = VECTOR('',#2925,1.);
#2925 = DIRECTION('',(1.,0.));
#2926 = ( GEOMETRIC_REPRESENTATION_CONTEXT(2) 
PARAMETRIC_REPRESENTATION_CONTEXT() REPRESENTATION_CONTEXT('2D SPACE',''
  ) );
#2927 = ORIENTED_EDGE('',*,*,#2928,.T.);
#2928 = EDGE_CURVE('',#2900,#2929,#2931,.T.);
#2929 = VERTEX_POINT('',#2930);
#2930 = CARTESIAN_POINT('',(5.844841005567,-4.26280593728,0.5));
#2931 = SURFACE_CURVE('',#2932,(#2936,#2943),.PCURVE_S1.);
#2932 = LINE('',#2933,#2934);
#2933 = CARTESIAN_POINT('',(1.141062520122,-2.285519530738,0.5));
#2934 = VECTOR('',#2935,1.);
#2935 = DIRECTION('',(-0.921863151589,0.387515586452,-1.559185484325E-16
    ));
#2936 = PCURVE('',#402,#2937);
#2937 = DEFINITIONAL_REPRESENTATION('',(#2938),#2942);
#2938 = LINE('',#2939,#2940);
#2939 = CARTESIAN_POINT('',(-1.141062520122,-2.714480469262));
#2940 = VECTOR('',#2941,1.);
#2941 = DIRECTION('',(0.921863151589,-0.387515586452));
#2942 = ( GEOMETRIC_REPRESENTATION_CONTEXT(2) 
PARAMETRIC_REPRESENTATION_CONTEXT() REPRESENTATION_CONTEXT('2D SPACE',''
  ) );
#2943 = PCURVE('',#2944,#2949);
#2944 = PLANE('',#2945);
#2945 = AXIS2_PLACEMENT_3D('',#2946,#2947,#2948);
#2946 = CARTESIAN_POINT('',(5.844841005567,-4.26280593728,5.));
#2947 = DIRECTION('',(0.387515586452,0.921863151589,-5.489039738788E-17)
  );
#2948 = DIRECTION('',(-0.921863151589,0.387515586452,-4.302287264802E-17
    ));
#2949 = DEFINITIONAL_REPRESENTATION('',(#2950),#2954);
#2950 = LINE('',#2951,#2952);
#2951 = CARTESIAN_POINT('',(5.102469360382,-4.5));
#2952 = VECTOR('',#2953,1.);
#2953 = DIRECTION('',(1.,-1.128956757845E-16));
#2954 = ( GEOMETRIC_REPRESENTATION_CONTEXT(2) 
PARAMETRIC_REPRESENTATION_CONTEXT() REPRESENTATION_CONTEXT('2D SPACE',''
  ) );
#2955 = ORIENTED_EDGE('',*,*,#2956,.T.);
#2956 = EDGE_CURVE('',#2929,#2957,#2959,.T.);
#2957 = VERTEX_POINT('',#2958);
#2958 = CARTESIAN_POINT('',(5.944668550834,-4.187032706242,0.5));
#2959 = SURFACE_CURVE('',#2960,(#2964,#2971),.PCURVE_S1.);
#2960 = LINE('',#2961,#2962);
#2961 = CARTESIAN_POINT('',(1.781504842574,-7.34704595381,0.5));
#2962 = VECTOR('',#2963,1.);
#2963 = DIRECTION('',(0.796529918024,0.604599114862,3.042279565452E-17)
  );
#2964 = PCURVE('',#402,#2965);
#2965 = DEFINITIONAL_REPRESENTATION('',(#2966),#2970);
#2966 = LINE('',#2967,#2968);
#2967 = CARTESIAN_POINT('',(-1.781504842574,2.34704595381));
#2968 = VECTOR('',#2969,1.);
#2969 = DIRECTION('',(-0.796529918024,-0.604599114862));
#2970 = ( GEOMETRIC_REPRESENTATION_CONTEXT(2) 
PARAMETRIC_REPRESENTATION_CONTEXT() REPRESENTATION_CONTEXT('2D SPACE',''
  ) );
#2971 = PCURVE('',#2972,#2977);
#2972 = PLANE('',#2973);
#2973 = AXIS2_PLACEMENT_3D('',#2974,#2975,#2976);
#2974 = CARTESIAN_POINT('',(5.844841005567,-4.26280593728,5.));
#2975 = DIRECTION('',(0.604599114862,-0.796529918024,1.624746225577E-16)
  );
#2976 = DIRECTION('',(0.796529918024,0.604599114862,-6.712398579882E-17)
  );
#2977 = DEFINITIONAL_REPRESENTATION('',(#2978),#2982);
#2978 = LINE('',#2979,#2980);
#2979 = CARTESIAN_POINT('',(-5.101297604831,-4.5));
#2980 = VECTOR('',#2981,1.);
#2981 = DIRECTION('',(1.,9.754678145334E-17));
#2982 = ( GEOMETRIC_REPRESENTATION_CONTEXT(2) 
PARAMETRIC_REPRESENTATION_CONTEXT() REPRESENTATION_CONTEXT('2D SPACE',''
  ) );
#2983 = ORIENTED_EDGE('',*,*,#2984,.T.);
#2984 = EDGE_CURVE('',#2957,#2985,#2987,.T.);
#2985 = VERTEX_POINT('',#2986);
#2986 = CARTESIAN_POINT('',(5.827042007606,-3.569761753553,0.5));
#2987 = SURFACE_CURVE('',#2988,(#2993,#3000),.PCURVE_S1.);
#2988 = CIRCLE('',#2989,6.);
#2989 = AXIS2_PLACEMENT_3D('',#2990,#2991,#2992);
#2990 = CARTESIAN_POINT('',(5.510910596163E-16,-5.,0.5));
#2991 = DIRECTION('',(-1.224646799147E-16,1.110223024625E-16,1.));
#2992 = DIRECTION('',(-1.,-1.359631073447E-32,-1.224646799147E-16));
#2993 = PCURVE('',#402,#2994);
#2994 = DEFINITIONAL_REPRESENTATION('',(#2995),#2999);
#2995 = CIRCLE('',#2996,6.);
#2996 = AXIS2_PLACEMENT_2D('',#2997,#2998);
#2997 = CARTESIAN_POINT('',(-5.510910596163E-16,0.));
#2998 = DIRECTION('',(1.,0.));
#2999 = ( GEOMETRIC_REPRESENTATION_CONTEXT(2) 
PARAMETRIC_REPRESENTATION_CONTEXT() REPRESENTATION_CONTEXT('2D SPACE',''
  ) );
#3000 = PCURVE('',#3001,#3006);
#3001 = CYLINDRICAL_SURFACE('',#3002,6.);
#3002 = AXIS2_PLACEMENT_3D('',#3003,#3004,#3005);
#3003 = CARTESIAN_POINT('',(0.,-5.,5.));
#3004 = DIRECTION('',(-1.224646799147E-16,1.110223024625E-16,1.));
#3005 = DIRECTION('',(-1.,-1.359631073447E-32,-1.224646799147E-16));
#3006 = DEFINITIONAL_REPRESENTATION('',(#3007),#3011);
#3007 = LINE('',#3008,#3009);
#3008 = CARTESIAN_POINT('',(-4.440892098501E-16,-4.5));
#3009 = VECTOR('',#3010,1.);
#3010 = DIRECTION('',(1.,0.));
#3011 = ( GEOMETRIC_REPRESENTATION_CONTEXT(2) 
PARAMETRIC_REPRESENTATION_CONTEXT() REPRESENTATION_CONTEXT('2D SPACE',''
  ) );
#3012 = ORIENTED_EDGE('',*,*,#3013,.T.);
#3013 = EDGE_CURVE('',#2985,#3014,#3016,.T.);
#3014 = VERTEX_POINT('',#3015);
#3015 = CARTESIAN_POINT('',(5.706357772824,-3.536066109757,0.5));
#3016 = SURFACE_CURVE('',#3017,(#3021,#3028),.PCURVE_S1.);
#3017 = LINE('',#3018,#3019);
#3018 = CARTESIAN_POINT('',(0.791850286672,-2.163910964668,0.5));
#3019 = VECTOR('',#3020,1.);
#3020 = DIRECTION('',(-0.963162566798,0.268919820615,-1.478094931112E-16
    ));
#3021 = PCURVE('',#402,#3022);
#3022 = DEFINITIONAL_REPRESENTATION('',(#3023),#3027);
#3023 = LINE('',#3024,#3025);
#3024 = CARTESIAN_POINT('',(-0.791850286672,-2.836089035332));
#3025 = VECTOR('',#3026,1.);
#3026 = DIRECTION('',(0.963162566798,-0.268919820615));
#3027 = ( GEOMETRIC_REPRESENTATION_CONTEXT(2) 
PARAMETRIC_REPRESENTATION_CONTEXT() REPRESENTATION_CONTEXT('2D SPACE',''
  ) );
#3028 = PCURVE('',#3029,#3034);
#3029 = PLANE('',#3030);
#3030 = AXIS2_PLACEMENT_3D('',#3031,#3032,#3033);
#3031 = CARTESIAN_POINT('',(5.706357772824,-3.536066109757,5.));
#3032 = DIRECTION('',(0.268919820615,0.963162566798,-7.399934605721E-17)
  );
#3033 = DIRECTION('',(-0.963162566798,0.268919820615,-2.985609766251E-17
    ));
#3034 = DEFINITIONAL_REPRESENTATION('',(#3035),#3039);
#3035 = LINE('',#3036,#3037);
#3036 = CARTESIAN_POINT('',(5.102469360382,-4.5));
#3037 = VECTOR('',#3038,1.);
#3038 = DIRECTION('',(1.,-1.179533954487E-16));
#3039 = ( GEOMETRIC_REPRESENTATION_CONTEXT(2) 
PARAMETRIC_REPRESENTATION_CONTEXT() REPRESENTATION_CONTEXT('2D SPACE',''
  ) );
#3040 = ORIENTED_EDGE('',*,*,#3041,.T.);
#3041 = EDGE_CURVE('',#3014,#3042,#3044,.T.);
#3042 = VERTEX_POINT('',#3043);
#3043 = CARTESIAN_POINT('',(5.795901244016,-3.44837866423,0.5));
#3044 = SURFACE_CURVE('',#3045,(#3049,#3056),.PCURVE_S1.);
#3045 = LINE('',#3046,#3047);
#3046 = CARTESIAN_POINT('',(2.061620003496,-7.105257032906,0.5));
#3047 = VECTOR('',#3048,1.);
#3048 = DIRECTION('',(0.714472679633,0.699663340513,9.819433006644E-18)
  );
#3049 = PCURVE('',#402,#3050);
#3050 = DEFINITIONAL_REPRESENTATION('',(#3051),#3055);
#3051 = LINE('',#3052,#3053);
#3052 = CARTESIAN_POINT('',(-2.061620003496,2.105257032906));
#3053 = VECTOR('',#3054,1.);
#3054 = DIRECTION('',(-0.714472679633,-0.699663340513));
#3055 = ( GEOMETRIC_REPRESENTATION_CONTEXT(2) 
PARAMETRIC_REPRESENTATION_CONTEXT() REPRESENTATION_CONTEXT('2D SPACE',''
  ) );
#3056 = PCURVE('',#3057,#3062);
#3057 = PLANE('',#3058);
#3058 = AXIS2_PLACEMENT_3D('',#3059,#3060,#3061);
#3059 = CARTESIAN_POINT('',(5.706357772824,-3.536066109757,5.));
#3060 = DIRECTION('',(0.699663340513,-0.714472679633,1.650064489834E-16)
  );
#3061 = DIRECTION('',(0.714472679633,0.699663340513,-7.767823501241E-17)
  );
#3062 = DEFINITIONAL_REPRESENTATION('',(#3063),#3067);
#3063 = LINE('',#3064,#3065);
#3064 = CARTESIAN_POINT('',(-5.101297604831,-4.5));
#3065 = VECTOR('',#3066,1.);
#3066 = DIRECTION('',(1.,8.749766801905E-17));
#3067 = ( GEOMETRIC_REPRESENTATION_CONTEXT(2) 
PARAMETRIC_REPRESENTATION_CONTEXT() REPRESENTATION_CONTEXT('2D SPACE',''
  ) );
#3068 = ORIENTED_EDGE('',*,*,#3069,.T.);
#3069 = EDGE_CURVE('',#3042,#3070,#3072,.T.);
#3070 = VERTEX_POINT('',#3071);
#3071 = CARTESIAN_POINT('',(5.601837656728,-2.850717592389,0.5));
#3072 = SURFACE_CURVE('',#3073,(#3078,#3085),.PCURVE_S1.);
#3073 = CIRCLE('',#3074,6.);
#3074 = AXIS2_PLACEMENT_3D('',#3075,#3076,#3077);
#3075 = CARTESIAN_POINT('',(5.510910596163E-16,-5.,0.5));
#3076 = DIRECTION('',(-1.224646799147E-16,1.110223024625E-16,1.));
#3077 = DIRECTION('',(-1.,-1.359631073447E-32,-1.224646799147E-16));
#3078 = PCURVE('',#402,#3079);
#3079 = DEFINITIONAL_REPRESENTATION('',(#3080),#3084);
#3080 = CIRCLE('',#3081,6.);
#3081 = AXIS2_PLACEMENT_2D('',#3082,#3083);
#3082 = CARTESIAN_POINT('',(-5.510910596163E-16,0.));
#3083 = DIRECTION('',(1.,0.));
#3084 = ( GEOMETRIC_REPRESENTATION_CONTEXT(2) 
PARAMETRIC_REPRESENTATION_CONTEXT() REPRESENTATION_CONTEXT('2D SPACE',''
  ) );
#3085 = PCURVE('',#3086,#3091);
#3086 = CYLINDRICAL_SURFACE('',#3087,6.);
#3087 = AXIS2_PLACEMENT_3D('',#3088,#3089,#3090);
#3088 = CARTESIAN_POINT('',(0.,-5.,5.));
#3089 = DIRECTION('',(-1.224646799147E-16,1.110223024625E-16,1.));
#3090 = DIRECTION('',(-1.,-1.359631073447E-32,-1.224646799147E-16));
#3091 = DEFINITIONAL_REPRESENTATION('',(#3092),#3096);
#3092 = LINE('',#3093,#3094);
#3093 = CARTESIAN_POINT('',(0.,-4.5));
#3094 = VECTOR('',#3095,1.);
#3095 = DIRECTION('',(1.,0.));
#3096 = ( GEOMETRIC_REPRESENTATION_CONTEXT(2) 
PARAMETRIC_REPRESENTATION_CONTEXT() REPRESENTATION_CONTEXT('2D SPACE',''
  ) );
#3097 = ORIENTED_EDGE('',*,*,#3098,.T.);
#3098 = EDGE_CURVE('',#3070,#3099,#3101,.T.);
#3099 = VERTEX_POINT('',#3100);
#3100 = CARTESIAN_POINT('',(5.47788186919,-2.832413394194,0.5));
#3101 = SURFACE_CURVE('',#3102,(#3106,#3113),.PCURVE_S1.);
#3102 = LINE('',#3103,#3104);
#3103 = CARTESIAN_POINT('',(0.430150101173,-2.087029216883,0.5));
#3104 = VECTOR('',#3105,1.);
#3105 = DIRECTION('',(-0.989272332963,0.146083028562,-1.373693937865E-16
    ));
#3106 = PCURVE('',#402,#3107);
#3107 = DEFINITIONAL_REPRESENTATION('',(#3108),#3112);
#3108 = LINE('',#3109,#3110);
#3109 = CARTESIAN_POINT('',(-0.430150101173,-2.912970783117));
#3110 = VECTOR('',#3111,1.);
#3111 = DIRECTION('',(0.989272332963,-0.146083028562));
#3112 = ( GEOMETRIC_REPRESENTATION_CONTEXT(2) 
PARAMETRIC_REPRESENTATION_CONTEXT() REPRESENTATION_CONTEXT('2D SPACE',''
  ) );
#3113 = PCURVE('',#3114,#3119);
#3114 = PLANE('',#3115);
#3115 = AXIS2_PLACEMENT_3D('',#3116,#3117,#3118);
#3116 = CARTESIAN_POINT('',(5.47788186919,-2.832413394194,5.));
#3117 = DIRECTION('',(0.146083028562,0.989272332963,-9.194128083415E-17)
  );
#3118 = DIRECTION('',(-0.989272332963,0.146083028562,-1.62184741817E-17)
  );
#3119 = DEFINITIONAL_REPRESENTATION('',(#3120),#3124);
#3120 = LINE('',#3121,#3122);
#3121 = CARTESIAN_POINT('',(5.102469360382,-4.5));
#3122 = VECTOR('',#3123,1.);
#3123 = DIRECTION('',(1.,-1.211509196048E-16));
#3124 = ( GEOMETRIC_REPRESENTATION_CONTEXT(2) 
PARAMETRIC_REPRESENTATION_CONTEXT() REPRESENTATION_CONTEXT('2D SPACE',''
  ) );
#3125 = ORIENTED_EDGE('',*,*,#3126,.T.);
#3126 = EDGE_CURVE('',#3099,#3127,#3129,.T.);
#3127 = VERTEX_POINT('',#3128);
#3128 = CARTESIAN_POINT('',(5.555729112276,-2.734194617578,0.5));
#3129 = SURFACE_CURVE('',#3130,(#3134,#3141),.PCURVE_S1.);
#3130 = LINE('',#3131,#3132);
#3131 = CARTESIAN_POINT('',(2.30922218541,-6.830266950973,0.5));
#3132 = VECTOR('',#3133,1.);
#3133 = DIRECTION('',(0.621147780278,0.783693457326,-1.093878796559E-17)
  );
#3134 = PCURVE('',#402,#3135);
#3135 = DEFINITIONAL_REPRESENTATION('',(#3136),#3140);
#3136 = LINE('',#3137,#3138);
#3137 = CARTESIAN_POINT('',(-2.30922218541,1.830266950973));
#3138 = VECTOR('',#3139,1.);
#3139 = DIRECTION('',(-0.621147780278,-0.783693457326));
#3140 = ( GEOMETRIC_REPRESENTATION_CONTEXT(2) 
PARAMETRIC_REPRESENTATION_CONTEXT() REPRESENTATION_CONTEXT('2D SPACE',''
  ) );
#3141 = PCURVE('',#3142,#3147);
#3142 = PLANE('',#3143);
#3143 = AXIS2_PLACEMENT_3D('',#3144,#3145,#3146);
#3144 = CARTESIAN_POINT('',(5.47788186919,-2.832413394194,5.));
#3145 = DIRECTION('',(0.783693457326,-0.621147780278,1.649360251387E-16)
  );
#3146 = DIRECTION('',(0.621147780278,0.783693457326,-8.700745205712E-17)
  );
#3147 = DEFINITIONAL_REPRESENTATION('',(#3148),#3152);
#3148 = LINE('',#3149,#3150);
#3149 = CARTESIAN_POINT('',(-5.101297604831,-4.5));
#3150 = VECTOR('',#3151,1.);
#3151 = DIRECTION('',(1.,7.606866409153E-17));
#3152 = ( GEOMETRIC_REPRESENTATION_CONTEXT(2) 
PARAMETRIC_REPRESENTATION_CONTEXT() REPRESENTATION_CONTEXT('2D SPACE',''
  ) );
#3153 = ORIENTED_EDGE('',*,*,#3154,.T.);
#3154 = EDGE_CURVE('',#3127,#3155,#3157,.T.);
#3155 = VERTEX_POINT('',#3156);
#3156 = CARTESIAN_POINT('',(5.288288979628,-2.165568898713,0.5));
#3157 = SURFACE_CURVE('',#3158,(#3163,#3170),.PCURVE_S1.);
#3158 = CIRCLE('',#3159,6.);
#3159 = AXIS2_PLACEMENT_3D('',#3160,#3161,#3162);
#3160 = CARTESIAN_POINT('',(5.510910596163E-16,-5.,0.5));
#3161 = DIRECTION('',(-1.224646799147E-16,1.110223024625E-16,1.));
#3162 = DIRECTION('',(-1.,-1.359631073447E-32,-1.224646799147E-16));
#3163 = PCURVE('',#402,#3164);
#3164 = DEFINITIONAL_REPRESENTATION('',(#3165),#3169);
#3165 = CIRCLE('',#3166,6.);
#3166 = AXIS2_PLACEMENT_2D('',#3167,#3168);
#3167 = CARTESIAN_POINT('',(-5.510910596163E-16,0.));
#3168 = DIRECTION('',(1.,0.));
#3169 = ( GEOMETRIC_REPRESENTATION_CONTEXT(2) 
PARAMETRIC_REPRESENTATION_CONTEXT() REPRESENTATION_CONTEXT('2D SPACE',''
  ) );
#3170 = PCURVE('',#3171,#3176);
#3171 = CYLINDRICAL_SURFACE('',#3172,6.);
#3172 = AXIS2_PLACEMENT_3D('',#3173,#3174,#3175);
#3173 = CARTESIAN_POINT('',(0.,-5.,5.));
#3174 = DIRECTION('',(-1.224646799147E-16,1.110223024625E-16,1.));
#3175 = DIRECTION('',(-1.,-1.359631073447E-32,-1.224646799147E-16));
#3176 = DEFINITIONAL_REPRESENTATION('',(#3177),#3181);
#3177 = LINE('',#3178,#3179);
#3178 = CARTESIAN_POINT('',(-4.440892098501E-16,-4.5));
#3179 = VECTOR('',#3180,1.);
#3180 = DIRECTION('',(1.,0.));
#3181 = ( GEOMETRIC_REPRESENTATION_CONTEXT(2) 
PARAMETRIC_REPRESENTATION_CONTEXT() REPRESENTATION_CONTEXT('2D SPACE',''
  ) );
#3182 = ORIENTED_EDGE('',*,*,#3183,.T.);
#3183 = EDGE_CURVE('',#3155,#3184,#3186,.T.);
#3184 = VERTEX_POINT('',#3185);
#3185 = CARTESIAN_POINT('',(5.163016496151,-2.162944814259,0.5));
#3186 = SURFACE_CURVE('',#3187,(#3191,#3198),.PCURVE_S1.);
#3187 = LINE('',#3188,#3189);
#3188 = CARTESIAN_POINT('',(6.16661916191E-02,-2.056086758472,0.5));
#3189 = VECTOR('',#3190,1.);
#3190 = DIRECTION('',(-0.999780683475,2.094241988335E-02,
    -1.247628970613E-16));
#3191 = PCURVE('',#402,#3192);
#3192 = DEFINITIONAL_REPRESENTATION('',(#3193),#3197);
#3193 = LINE('',#3194,#3195);
#3194 = CARTESIAN_POINT('',(-6.16661916191E-02,-2.943913241528));
#3195 = VECTOR('',#3196,1.);
#3196 = DIRECTION('',(0.999780683475,-2.094241988335E-02));
#3197 = ( GEOMETRIC_REPRESENTATION_CONTEXT(2) 
PARAMETRIC_REPRESENTATION_CONTEXT() REPRESENTATION_CONTEXT('2D SPACE',''
  ) );
#3198 = PCURVE('',#3199,#3204);
#3199 = PLANE('',#3200);
#3200 = AXIS2_PLACEMENT_3D('',#3201,#3202,#3203);
#3201 = CARTESIAN_POINT('',(5.163016496151,-2.162944814259,5.));
#3202 = DIRECTION('',(2.094241988335E-02,0.999780683475,
    -1.084332466893E-16));
#3203 = DIRECTION('',(-0.999780683475,2.094241988335E-02,
    -2.325075674586E-18));
#3204 = DEFINITIONAL_REPRESENTATION('',(#3205),#3209);
#3205 = LINE('',#3206,#3207);
#3206 = CARTESIAN_POINT('',(5.102469360382,-4.5));
#3207 = VECTOR('',#3208,1.);
#3208 = DIRECTION('',(1.,-1.224378213867E-16));
#3209 = ( GEOMETRIC_REPRESENTATION_CONTEXT(2) 
PARAMETRIC_REPRESENTATION_CONTEXT() REPRESENTATION_CONTEXT('2D SPACE',''
  ) );
#3210 = ORIENTED_EDGE('',*,*,#3211,.T.);
#3211 = EDGE_CURVE('',#3184,#3212,#3214,.T.);
#3212 = VERTEX_POINT('',#3213);
#3213 = CARTESIAN_POINT('',(5.227939813603,-2.055743675333,0.5));
#3214 = SURFACE_CURVE('',#3215,(#3219,#3226),.PCURVE_S1.);
#3215 = LINE('',#3216,#3217);
#3216 = CARTESIAN_POINT('',(2.520406553998,-6.526412465874,0.5));
#3217 = VECTOR('',#3218,1.);
#3218 = DIRECTION('',(0.518027009373,0.855364260161,-3.15244977171E-17)
  );
#3219 = PCURVE('',#402,#3220);
#3220 = DEFINITIONAL_REPRESENTATION('',(#3221),#3225);
#3221 = LINE('',#3222,#3223);
#3222 = CARTESIAN_POINT('',(-2.520406553998,1.526412465874));
#3223 = VECTOR('',#3224,1.);
#3224 = DIRECTION('',(-0.518027009373,-0.855364260161));
#3225 = ( GEOMETRIC_REPRESENTATION_CONTEXT(2) 
PARAMETRIC_REPRESENTATION_CONTEXT() REPRESENTATION_CONTEXT('2D SPACE',''
  ) );
#3226 = PCURVE('',#3227,#3232);
#3227 = PLANE('',#3228);
#3228 = AXIS2_PLACEMENT_3D('',#3229,#3230,#3231);
#3229 = CARTESIAN_POINT('',(5.163016496151,-2.162944814259,5.));
#3230 = DIRECTION('',(0.855364260161,-0.518027009373,1.622644616494E-16)
  );
#3231 = DIRECTION('',(0.518027009373,0.855364260161,-9.496450960717E-17)
  );
#3232 = DEFINITIONAL_REPRESENTATION('',(#3233),#3237);
#3233 = LINE('',#3234,#3235);
#3234 = CARTESIAN_POINT('',(-5.101297604831,-4.5));
#3235 = VECTOR('',#3236,1.);
#3236 = DIRECTION('',(1.,6.344001189007E-17));
#3237 = ( GEOMETRIC_REPRESENTATION_CONTEXT(2) 
PARAMETRIC_REPRESENTATION_CONTEXT() REPRESENTATION_CONTEXT('2D SPACE',''
  ) );
#3238 = ORIENTED_EDGE('',*,*,#3239,.T.);
#3239 = EDGE_CURVE('',#3212,#3240,#3242,.T.);
#3240 = VERTEX_POINT('',#3241);
#3241 = CARTESIAN_POINT('',(4.891340826249,-1.525120876711,0.5));
#3242 = SURFACE_CURVE('',#3243,(#3248,#3255),.PCURVE_S1.);
#3243 = CIRCLE('',#3244,6.);
#3244 = AXIS2_PLACEMENT_3D('',#3245,#3246,#3247);
#3245 = CARTESIAN_POINT('',(5.510910596163E-16,-5.,0.5));
#3246 = DIRECTION('',(-1.224646799147E-16,1.110223024625E-16,1.));
#3247 = DIRECTION('',(-1.,-1.359631073447E-32,-1.224646799147E-16));
#3248 = PCURVE('',#402,#3249);
#3249 = DEFINITIONAL_REPRESENTATION('',(#3250),#3254);
#3250 = CIRCLE('',#3251,6.);
#3251 = AXIS2_PLACEMENT_2D('',#3252,#3253);
#3252 = CARTESIAN_POINT('',(-5.510910596163E-16,0.));
#3253 = DIRECTION('',(1.,0.));
#3254 = ( GEOMETRIC_REPRESENTATION_CONTEXT(2) 
PARAMETRIC_REPRESENTATION_CONTEXT() REPRESENTATION_CONTEXT('2D SPACE',''
  ) );
#3255 = PCURVE('',#3256,#3261);
#3256 = CYLINDRICAL_SURFACE('',#3257,6.);
#3257 = AXIS2_PLACEMENT_3D('',#3258,#3259,#3260);
#3258 = CARTESIAN_POINT('',(0.,-5.,5.));
#3259 = DIRECTION('',(-1.224646799147E-16,1.110223024625E-16,1.));
#3260 = DIRECTION('',(-1.,-1.359631073447E-32,-1.224646799147E-16));
#3261 = DEFINITIONAL_REPRESENTATION('',(#3262),#3266);
#3262 = LINE('',#3263,#3264);
#3263 = CARTESIAN_POINT('',(0.,-4.5));
#3264 = VECTOR('',#3265,1.);
#3265 = DIRECTION('',(1.,0.));
#3266 = ( GEOMETRIC_REPRESENTATION_CONTEXT(2) 
PARAMETRIC_REPRESENTATION_CONTEXT() REPRESENTATION_CONTEXT('2D SPACE',''
  ) );
#3267 = ORIENTED_EDGE('',*,*,#3268,.T.);
#3268 = EDGE_CURVE('',#3240,#3269,#3271,.T.);
#3269 = VERTEX_POINT('',#3270);
#3270 = CARTESIAN_POINT('',(4.766727268731,-1.538218289377,0.5));
#3271 = SURFACE_CURVE('',#3272,(#3276,#3283),.PCURVE_S1.);
#3272 = LINE('',#3273,#3274);
#3273 = CARTESIAN_POINT('',(-0.307790230614,-2.071571570488,0.5));
#3274 = VECTOR('',#3275,1.);
#3275 = DIRECTION('',(-0.994521895368,-0.104528463268,
    -1.101888149196E-16));
#3276 = PCURVE('',#402,#3277);
#3277 = DEFINITIONAL_REPRESENTATION('',(#3278),#3282);
#3278 = LINE('',#3279,#3280);
#3279 = CARTESIAN_POINT('',(0.307790230614,-2.928428429512));
#3280 = VECTOR('',#3281,1.);
#3281 = DIRECTION('',(0.994521895368,0.104528463268));
#3282 = ( GEOMETRIC_REPRESENTATION_CONTEXT(2) 
PARAMETRIC_REPRESENTATION_CONTEXT() REPRESENTATION_CONTEXT('2D SPACE',''
  ) );
#3283 = PCURVE('',#3284,#3289);
#3284 = PLANE('',#3285);
#3285 = AXIS2_PLACEMENT_3D('',#3286,#3287,#3288);
#3286 = CARTESIAN_POINT('',(4.766727268731,-1.538218289377,5.));
#3287 = DIRECTION('',(-0.104528463268,0.994521895368,-1.232151554692E-16
    ));
#3288 = DIRECTION('',(-0.994521895368,-0.104528463268,1.160499066484E-17
    ));
#3289 = DEFINITIONAL_REPRESENTATION('',(#3290),#3294);
#3290 = LINE('',#3291,#3292);
#3291 = CARTESIAN_POINT('',(5.102469360382,-4.5));
#3292 = VECTOR('',#3293,1.);
#3293 = DIRECTION('',(1.,-1.217938055845E-16));
#3294 = ( GEOMETRIC_REPRESENTATION_CONTEXT(2) 
PARAMETRIC_REPRESENTATION_CONTEXT() REPRESENTATION_CONTEXT('2D SPACE',''
  ) );
#3295 = ORIENTED_EDGE('',*,*,#3296,.T.);
#3296 = EDGE_CURVE('',#3269,#3297,#3299,.T.);
#3297 = VERTEX_POINT('',#3298);
#3298 = CARTESIAN_POINT('',(4.81770278105,-1.423725414141,0.5));
#3299 = SURFACE_CURVE('',#3300,(#3304,#3311),.PCURVE_S1.);
#3300 = LINE('',#3301,#3302);
#3301 = CARTESIAN_POINT('',(2.691842605612,-6.198485544354,0.5));
#3302 = VECTOR('',#3303,1.);
#3303 = DIRECTION('',(0.406736643076,0.913545457643,-5.161304730778E-17)
  );
#3304 = PCURVE('',#402,#3305);
#3305 = DEFINITIONAL_REPRESENTATION('',(#3306),#3310);
#3306 = LINE('',#3307,#3308);
#3307 = CARTESIAN_POINT('',(-2.691842605612,1.198485544354));
#3308 = VECTOR('',#3309,1.);
#3309 = DIRECTION('',(-0.406736643076,-0.913545457643));
#3310 = ( GEOMETRIC_REPRESENTATION_CONTEXT(2) 
PARAMETRIC_REPRESENTATION_CONTEXT() REPRESENTATION_CONTEXT('2D SPACE',''
  ) );
#3311 = PCURVE('',#3312,#3317);
#3312 = PLANE('',#3313);
#3313 = AXIS2_PLACEMENT_3D('',#3314,#3315,#3316);
#3314 = CARTESIAN_POINT('',(4.766727268731,-1.538218289377,5.));
#3315 = DIRECTION('',(0.913545457643,-0.406736643076,1.570338906679E-16)
  );
#3316 = DIRECTION('',(0.406736643076,0.913545457643,-1.014239201117E-16)
  );
#3317 = DEFINITIONAL_REPRESENTATION('',(#3318),#3322);
#3318 = LINE('',#3319,#3320);
#3319 = CARTESIAN_POINT('',(-5.101297604831,-4.5));
#3320 = VECTOR('',#3321,1.);
#3321 = DIRECTION('',(1.,4.981087280387E-17));
#3322 = ( GEOMETRIC_REPRESENTATION_CONTEXT(2) 
PARAMETRIC_REPRESENTATION_CONTEXT() REPRESENTATION_CONTEXT('2D SPACE',''
  ) );
#3323 = ORIENTED_EDGE('',*,*,#3324,.T.);
#3324 = EDGE_CURVE('',#3297,#3325,#3327,.T.);
#3325 = VERTEX_POINT('',#3326);
#3326 = CARTESIAN_POINT('',(4.417253306094,-0.939473774275,0.5));
#3327 = SURFACE_CURVE('',#3328,(#3333,#3340),.PCURVE_S1.);
#3328 = CIRCLE('',#3329,6.);
#3329 = AXIS2_PLACEMENT_3D('',#3330,#3331,#3332);
#3330 = CARTESIAN_POINT('',(5.510910596163E-16,-5.,0.5));
#3331 = DIRECTION('',(-1.224646799147E-16,1.110223024625E-16,1.));
#3332 = DIRECTION('',(-1.,-1.359631073447E-32,-1.224646799147E-16));
#3333 = PCURVE('',#402,#3334);
#3334 = DEFINITIONAL_REPRESENTATION('',(#3335),#3339);
#3335 = CIRCLE('',#3336,6.);
#3336 = AXIS2_PLACEMENT_2D('',#3337,#3338);
#3337 = CARTESIAN_POINT('',(-5.510910596163E-16,0.));
#3338 = DIRECTION('',(1.,0.));
#3339 = ( GEOMETRIC_REPRESENTATION_CONTEXT(2) 
PARAMETRIC_REPRESENTATION_CONTEXT() REPRESENTATION_CONTEXT('2D SPACE',''
  ) );
#3340 = PCURVE('',#3341,#3346);
#3341 = CYLINDRICAL_SURFACE('',#3342,6.);
#3342 = AXIS2_PLACEMENT_3D('',#3343,#3344,#3345);
#3343 = CARTESIAN_POINT('',(0.,-5.,5.));
#3344 = DIRECTION('',(-1.224646799147E-16,1.110223024625E-16,1.));
#3345 = DIRECTION('',(-1.,-1.359631073447E-32,-1.224646799147E-16));
#3346 = DEFINITIONAL_REPRESENTATION('',(#3347),#3351);
#3347 = LINE('',#3348,#3349);
#3348 = CARTESIAN_POINT('',(-4.440892098501E-16,-4.5));
#3349 = VECTOR('',#3350,1.);
#3350 = DIRECTION('',(1.,0.));
#3351 = ( GEOMETRIC_REPRESENTATION_CONTEXT(2) 
PARAMETRIC_REPRESENTATION_CONTEXT() REPRESENTATION_CONTEXT('2D SPACE',''
  ) );
#3352 = ORIENTED_EDGE('',*,*,#3353,.T.);
#3353 = EDGE_CURVE('',#3325,#3354,#3356,.T.);
#3354 = VERTEX_POINT('',#3355);
#3355 = CARTESIAN_POINT('',(4.295263904779,-0.96808613004,0.5));
#3356 = SURFACE_CURVE('',#3357,(#3361,#3368),.PCURVE_S1.);
#3357 = LINE('',#3358,#3359);
#3358 = CARTESIAN_POINT('',(-0.672392617046,-2.133239448197,0.5));
#3359 = VECTOR('',#3360,1.);
#3360 = DIRECTION('',(-0.973578902873,-0.228350870111,-9.38769893431E-17
    ));
#3361 = PCURVE('',#402,#3362);
#3362 = DEFINITIONAL_REPRESENTATION('',(#3363),#3367);
#3363 = LINE('',#3364,#3365);
#3364 = CARTESIAN_POINT('',(0.672392617046,-2.866760551803));
#3365 = VECTOR('',#3366,1.);
#3366 = DIRECTION('',(0.973578902873,0.228350870111));
#3367 = ( GEOMETRIC_REPRESENTATION_CONTEXT(2) 
PARAMETRIC_REPRESENTATION_CONTEXT() REPRESENTATION_CONTEXT('2D SPACE',''
  ) );
#3368 = PCURVE('',#3369,#3374);
#3369 = PLANE('',#3370);
#3370 = AXIS2_PLACEMENT_3D('',#3371,#3372,#3373);
#3371 = CARTESIAN_POINT('',(4.295263904779,-0.96808613004,5.));
#3372 = DIRECTION('',(-0.228350870111,0.973578902873,-1.360538876423E-16
    ));
#3373 = DIRECTION('',(-0.973578902873,-0.228350870111,2.5352039369E-17)
  );
#3374 = DEFINITIONAL_REPRESENTATION('',(#3375),#3379);
#3375 = LINE('',#3376,#3377);
#3376 = CARTESIAN_POINT('',(5.102469360382,-4.5));
#3377 = VECTOR('',#3378,1.);
#3378 = DIRECTION('',(1.,-1.192290287121E-16));
#3379 = ( GEOMETRIC_REPRESENTATION_CONTEXT(2) 
PARAMETRIC_REPRESENTATION_CONTEXT() REPRESENTATION_CONTEXT('2D SPACE',''
  ) );
#3380 = ORIENTED_EDGE('',*,*,#3381,.T.);
#3381 = EDGE_CURVE('',#3354,#3382,#3384,.T.);
#3382 = VERTEX_POINT('',#3383);
#3383 = CARTESIAN_POINT('',(4.331487697684,-0.848107139531,0.5));
#3384 = SURFACE_CURVE('',#3385,(#3389,#3396),.PCURVE_S1.);
#3385 = LINE('',#3386,#3387);
#3386 = CARTESIAN_POINT('',(2.820826691306,-5.851657789859,0.5));
#3387 = VECTOR('',#3388,1.);
#3388 = DIRECTION('',(0.289031796944,0.957319497532,-7.088762831028E-17)
  );
#3389 = PCURVE('',#402,#3390);
#3390 = DEFINITIONAL_REPRESENTATION('',(#3391),#3395);
#3391 = LINE('',#3392,#3393);
#3392 = CARTESIAN_POINT('',(-2.820826691306,0.851657789859));
#3393 = VECTOR('',#3394,1.);
#3394 = DIRECTION('',(-0.289031796944,-0.957319497532));
#3395 = ( GEOMETRIC_REPRESENTATION_CONTEXT(2) 
PARAMETRIC_REPRESENTATION_CONTEXT() REPRESENTATION_CONTEXT('2D SPACE',''
  ) );
#3396 = PCURVE('',#3397,#3402);
#3397 = PLANE('',#3398);
#3398 = AXIS2_PLACEMENT_3D('',#3399,#3400,#3401);
#3399 = CARTESIAN_POINT('',(4.295263904779,-0.96808613004,5.));
#3400 = DIRECTION('',(0.957319497532,-0.289031796944,1.493268014231E-16)
  );
#3401 = DIRECTION('',(0.289031796944,0.957319497532,-1.062838148083E-16)
  );
#3402 = DEFINITIONAL_REPRESENTATION('',(#3403),#3407);
#3403 = LINE('',#3404,#3405);
#3404 = CARTESIAN_POINT('',(-5.101297604831,-4.5));
#3405 = VECTOR('',#3406,1.);
#3406 = DIRECTION('',(1.,3.539618649798E-17));
#3407 = ( GEOMETRIC_REPRESENTATION_CONTEXT(2) 
PARAMETRIC_REPRESENTATION_CONTEXT() REPRESENTATION_CONTEXT('2D SPACE',''
  ) );
#3408 = ORIENTED_EDGE('',*,*,#3409,.T.);
#3409 = EDGE_CURVE('',#3382,#3410,#3412,.T.);
#3410 = VERTEX_POINT('',#3411);
#3411 = CARTESIAN_POINT('',(3.873503062563,-0.41786359606,0.5));
#3412 = SURFACE_CURVE('',#3413,(#3418,#3425),.PCURVE_S1.);
#3413 = CIRCLE('',#3414,6.);
#3414 = AXIS2_PLACEMENT_3D('',#3415,#3416,#3417);
#3415 = CARTESIAN_POINT('',(5.510910596163E-16,-5.,0.5));
#3416 = DIRECTION('',(-1.224646799147E-16,1.110223024625E-16,1.));
#3417 = DIRECTION('',(-1.,-1.359631073447E-32,-1.224646799147E-16));
#3418 = PCURVE('',#402,#3419);
#3419 = DEFINITIONAL_REPRESENTATION('',(#3420),#3424);
#3420 = CIRCLE('',#3421,6.);
#3421 = AXIS2_PLACEMENT_2D('',#3422,#3423);
#3422 = CARTESIAN_POINT('',(-5.510910596163E-16,0.));
#3423 = DIRECTION('',(1.,0.));
#3424 = ( GEOMETRIC_REPRESENTATION_CONTEXT(2) 
PARAMETRIC_REPRESENTATION_CONTEXT() REPRESENTATION_CONTEXT('2D SPACE',''
  ) );
#3425 = PCURVE('',#3426,#3431);
#3426 = CYLINDRICAL_SURFACE('',#3427,6.);
#3427 = AXIS2_PLACEMENT_3D('',#3428,#3429,#3430);
#3428 = CARTESIAN_POINT('',(0.,-5.,5.));
#3429 = DIRECTION('',(-1.224646799147E-16,1.110223024625E-16,1.));
#3430 = DIRECTION('',(-1.,-1.359631073447E-32,-1.224646799147E-16));
#3431 = DEFINITIONAL_REPRESENTATION('',(#3432),#3436);
#3432 = LINE('',#3433,#3434);
#3433 = CARTESIAN_POINT('',(-4.440892098501E-16,-4.5));
#3434 = VECTOR('',#3435,1.);
#3435 = DIRECTION('',(1.,0.));
#3436 = ( GEOMETRIC_REPRESENTATION_CONTEXT(2) 
PARAMETRIC_REPRESENTATION_CONTEXT() REPRESENTATION_CONTEXT('2D SPACE',''
  ) );
#3437 = ORIENTED_EDGE('',*,*,#3438,.T.);
#3438 = EDGE_CURVE('',#3410,#3439,#3441,.T.);
#3439 = VERTEX_POINT('',#3440);
#3440 = CARTESIAN_POINT('',(3.756061663182,-0.461539660981,0.5));
#3441 = SURFACE_CURVE('',#3442,(#3446,#3453),.PCURVE_S1.);
#3442 = LINE('',#3443,#3444);
#3443 = CARTESIAN_POINT('',(-1.026390970238,-2.240117852327,0.5));
#3444 = VECTOR('',#3445,1.);
#3445 = DIRECTION('',(-0.937281989492,-0.348572047322,
    -7.608466756523E-17));
#3446 = PCURVE('',#402,#3447);
#3447 = DEFINITIONAL_REPRESENTATION('',(#3448),#3452);
#3448 = LINE('',#3449,#3450);
#3449 = CARTESIAN_POINT('',(1.026390970238,-2.759882147673));
#3450 = VECTOR('',#3451,1.);
#3451 = DIRECTION('',(0.937281989492,0.348572047322));
#3452 = ( GEOMETRIC_REPRESENTATION_CONTEXT(2) 
PARAMETRIC_REPRESENTATION_CONTEXT() REPRESENTATION_CONTEXT('2D SPACE',''
  ) );
#3453 = PCURVE('',#3454,#3459);
#3454 = PLANE('',#3455);
#3455 = AXIS2_PLACEMENT_3D('',#3456,#3457,#3458);
#3456 = CARTESIAN_POINT('',(3.756061663182,-0.461539660981,5.));
#3457 = DIRECTION('',(-0.348572047322,0.937281989492,-1.467469687325E-16
    ));
#3458 = DIRECTION('',(-0.937281989492,-0.348572047322,3.869927126774E-17
    ));
#3459 = DEFINITIONAL_REPRESENTATION('',(#3460),#3464);
#3460 = LINE('',#3461,#3462);
#3461 = CARTESIAN_POINT('',(5.102469360382,-4.5));
#3462 = VECTOR('',#3463,1.);
#3463 = DIRECTION('',(1.,-1.14783938833E-16));
#3464 = ( GEOMETRIC_REPRESENTATION_CONTEXT(2) 
PARAMETRIC_REPRESENTATION_CONTEXT() REPRESENTATION_CONTEXT('2D SPACE',''
  ) );
#3465 = ORIENTED_EDGE('',*,*,#3466,.T.);
#3466 = EDGE_CURVE('',#3439,#3467,#3469,.T.);
#3467 = VERTEX_POINT('',#3468);
#3468 = CARTESIAN_POINT('',(3.77696246582,-0.337966695551,0.5));
#3469 = SURFACE_CURVE('',#3470,(#3474,#3481),.PCURVE_S1.);
#3470 = LINE('',#3471,#3472);
#3471 = CARTESIAN_POINT('',(2.905324654998,-5.491398883262,0.5));
#3472 = VECTOR('',#3473,1.);
#3473 = DIRECTION('',(0.166768746716,0.985996037071,-8.904426906812E-17)
  );
#3474 = PCURVE('',#402,#3475);
#3475 = DEFINITIONAL_REPRESENTATION('',(#3476),#3480);
#3476 = LINE('',#3477,#3478);
#3477 = CARTESIAN_POINT('',(-2.905324654998,0.491398883262));
#3478 = VECTOR('',#3479,1.);
#3479 = DIRECTION('',(-0.166768746716,-0.985996037071));
#3480 = ( GEOMETRIC_REPRESENTATION_CONTEXT(2) 
PARAMETRIC_REPRESENTATION_CONTEXT() REPRESENTATION_CONTEXT('2D SPACE',''
  ) );
#3481 = PCURVE('',#3482,#3487);
#3482 = PLANE('',#3483);
#3483 = AXIS2_PLACEMENT_3D('',#3484,#3485,#3486);
#3484 = CARTESIAN_POINT('',(3.756061663182,-0.461539660981,5.));
#3485 = DIRECTION('',(0.985996037071,-0.166768746716,1.392647393162E-16)
  );
#3486 = DIRECTION('',(0.166768746716,0.985996037071,-1.094675502545E-16)
  );
#3487 = DEFINITIONAL_REPRESENTATION('',(#3488),#3492);
#3488 = LINE('',#3489,#3490);
#3489 = CARTESIAN_POINT('',(-5.101297604831,-4.5));
#3490 = VECTOR('',#3491,1.);
#3491 = DIRECTION('',(1.,2.042328118637E-17));
#3492 = ( GEOMETRIC_REPRESENTATION_CONTEXT(2) 
PARAMETRIC_REPRESENTATION_CONTEXT() REPRESENTATION_CONTEXT('2D SPACE',''
  ) );
#3493 = ORIENTED_EDGE('',*,*,#3494,.T.);
#3494 = EDGE_CURVE('',#3467,#3495,#3497,.T.);
#3495 = VERTEX_POINT('',#3496);
#3496 = CARTESIAN_POINT('',(3.268665361817,3.148355382951E-02,0.5));
#3497 = SURFACE_CURVE('',#3498,(#3503,#3510),.PCURVE_S1.);
#3498 = CIRCLE('',#3499,6.);
#3499 = AXIS2_PLACEMENT_3D('',#3500,#3501,#3502);
#3500 = CARTESIAN_POINT('',(5.510910596163E-16,-5.,0.5));
#3501 = DIRECTION('',(-1.224646799147E-16,1.110223024625E-16,1.));
#3502 = DIRECTION('',(-1.,-1.359631073447E-32,-1.224646799147E-16));
#3503 = PCURVE('',#402,#3504);
#3504 = DEFINITIONAL_REPRESENTATION('',(#3505),#3509);
#3505 = CIRCLE('',#3506,6.);
#3506 = AXIS2_PLACEMENT_2D('',#3507,#3508);
#3507 = CARTESIAN_POINT('',(-5.510910596163E-16,0.));
#3508 = DIRECTION('',(1.,0.));
#3509 = ( GEOMETRIC_REPRESENTATION_CONTEXT(2) 
PARAMETRIC_REPRESENTATION_CONTEXT() REPRESENTATION_CONTEXT('2D SPACE',''
  ) );
#3510 = PCURVE('',#3511,#3516);
#3511 = CYLINDRICAL_SURFACE('',#3512,6.);
#3512 = AXIS2_PLACEMENT_3D('',#3513,#3514,#3515);
#3513 = CARTESIAN_POINT('',(0.,-5.,5.));
#3514 = DIRECTION('',(-1.224646799147E-16,1.110223024625E-16,1.));
#3515 = DIRECTION('',(-1.,-1.359631073447E-32,-1.224646799147E-16));
#3516 = DEFINITIONAL_REPRESENTATION('',(#3517),#3521);
#3517 = LINE('',#3518,#3519);
#3518 = CARTESIAN_POINT('',(0.,-4.5));
#3519 = VECTOR('',#3520,1.);
#3520 = DIRECTION('',(1.,0.));
#3521 = ( GEOMETRIC_REPRESENTATION_CONTEXT(2) 
PARAMETRIC_REPRESENTATION_CONTEXT() REPRESENTATION_CONTEXT('2D SPACE',''
  ) );
#3522 = ORIENTED_EDGE('',*,*,#3523,.T.);
#3523 = EDGE_CURVE('',#3495,#3524,#3526,.T.);
#3524 = VERTEX_POINT('',#3525);
#3525 = CARTESIAN_POINT('',(3.157624085394,-2.656742261336E-02,0.5));
#3526 = SURFACE_CURVE('',#3527,(#3531,#3538),.PCURVE_S1.);
#3527 = LINE('',#3528,#3529);
#3528 = CARTESIAN_POINT('',(-1.364202524694,-2.390521246599,0.5));
#3529 = VECTOR('',#3530,1.);
#3530 = DIRECTION('',(-0.886203579231,-0.46329603512,-5.709244512908E-17
    ));
#3531 = PCURVE('',#402,#3532);
#3532 = DEFINITIONAL_REPRESENTATION('',(#3533),#3537);
#3533 = LINE('',#3534,#3535);
#3534 = CARTESIAN_POINT('',(1.364202524694,-2.609478753401));
#3535 = VECTOR('',#3536,1.);
#3536 = DIRECTION('',(0.886203579231,0.46329603512));
#3537 = ( GEOMETRIC_REPRESENTATION_CONTEXT(2) 
PARAMETRIC_REPRESENTATION_CONTEXT() REPRESENTATION_CONTEXT('2D SPACE',''
  ) );
#3538 = PCURVE('',#3539,#3544);
#3539 = PLANE('',#3540);
#3540 = AXIS2_PLACEMENT_3D('',#3541,#3542,#3543);
#3541 = CARTESIAN_POINT('',(3.157624085394,-2.656742261336E-02,5.));
#3542 = DIRECTION('',(-0.46329603512,0.886203579231,-1.551257624635E-16)
  );
#3543 = DIRECTION('',(-0.886203579231,-0.46329603512,5.143619254076E-17)
  );
#3544 = DEFINITIONAL_REPRESENTATION('',(#3545),#3549);
#3545 = LINE('',#3546,#3547);
#3546 = CARTESIAN_POINT('',(5.102469360382,-4.5));
#3547 = VECTOR('',#3548,1.);
#3548 = DIRECTION('',(1.,-1.085286376698E-16));
#3549 = ( GEOMETRIC_REPRESENTATION_CONTEXT(2) 
PARAMETRIC_REPRESENTATION_CONTEXT() REPRESENTATION_CONTEXT('2D SPACE',''
  ) );
#3550 = ORIENTED_EDGE('',*,*,#3551,.T.);
#3551 = EDGE_CURVE('',#3524,#3552,#3554,.T.);
#3552 = VERTEX_POINT('',#3553);
#3553 = CARTESIAN_POINT('',(3.162872279622,9.865069825333E-02,0.5));
#3554 = SURFACE_CURVE('',#3555,(#3559,#3566),.PCURVE_S1.);
#3555 = LINE('',#3556,#3557);
#3556 = CARTESIAN_POINT('',(2.944003913324,-5.123390322729,0.5));
#3557 = VECTOR('',#3558,1.);
#3558 = DIRECTION('',(4.187565372919E-02,0.999122830099,
    -1.057966285103E-16));
#3559 = PCURVE('',#402,#3560);
#3560 = DEFINITIONAL_REPRESENTATION('',(#3561),#3565);
#3561 = LINE('',#3562,#3563);
#3562 = CARTESIAN_POINT('',(-2.944003913324,0.123390322729));
#3563 = VECTOR('',#3564,1.);
#3564 = DIRECTION('',(-4.187565372919E-02,-0.999122830099));
#3565 = ( GEOMETRIC_REPRESENTATION_CONTEXT(2) 
PARAMETRIC_REPRESENTATION_CONTEXT() REPRESENTATION_CONTEXT('2D SPACE',''
  ) );
#3566 = PCURVE('',#3567,#3572);
#3567 = PLANE('',#3568);
#3568 = AXIS2_PLACEMENT_3D('',#3569,#3570,#3571);
#3569 = CARTESIAN_POINT('',(3.157624085394,-2.656742261336E-02,5.));
#3570 = DIRECTION('',(0.999122830099,-4.187565372919E-02,
    1.270063890777E-16));
#3571 = DIRECTION('',(4.187565372919E-02,0.999122830099,
    -1.109249170404E-16));
#3572 = DEFINITIONAL_REPRESENTATION('',(#3573),#3577);
#3573 = LINE('',#3574,#3575);
#3574 = CARTESIAN_POINT('',(-5.101297604831,-4.5));
#3575 = VECTOR('',#3576,1.);
#3576 = DIRECTION('',(1.,5.128288530165E-18));
#3577 = ( GEOMETRIC_REPRESENTATION_CONTEXT(2) 
PARAMETRIC_REPRESENTATION_CONTEXT() REPRESENTATION_CONTEXT('2D SPACE',''
  ) );
#3578 = ORIENTED_EDGE('',*,*,#3579,.T.);
#3579 = EDGE_CURVE('',#3552,#3580,#3582,.T.);
#3580 = VERTEX_POINT('',#3581);
#3581 = CARTESIAN_POINT('',(2.612278855709,0.401481202412,0.5));
#3582 = SURFACE_CURVE('',#3583,(#3588,#3595),.PCURVE_S1.);
#3583 = CIRCLE('',#3584,6.);
#3584 = AXIS2_PLACEMENT_3D('',#3585,#3586,#3587);
#3585 = CARTESIAN_POINT('',(5.510910596163E-16,-5.,0.5));
#3586 = DIRECTION('',(-1.224646799147E-16,1.110223024625E-16,1.));
#3587 = DIRECTION('',(-1.,-1.359631073447E-32,-1.224646799147E-16));
#3588 = PCURVE('',#402,#3589);
#3589 = DEFINITIONAL_REPRESENTATION('',(#3590),#3594);
#3590 = CIRCLE('',#3591,6.);
#3591 = AXIS2_PLACEMENT_2D('',#3592,#3593);
#3592 = CARTESIAN_POINT('',(-5.510910596163E-16,0.));
#3593 = DIRECTION('',(1.,0.));
#3594 = ( GEOMETRIC_REPRESENTATION_CONTEXT(2) 
PARAMETRIC_REPRESENTATION_CONTEXT() REPRESENTATION_CONTEXT('2D SPACE',''
  ) );
#3595 = PCURVE('',#3596,#3601);
#3596 = CYLINDRICAL_SURFACE('',#3597,6.);
#3597 = AXIS2_PLACEMENT_3D('',#3598,#3599,#3600);
#3598 = CARTESIAN_POINT('',(0.,-5.,5.));
#3599 = DIRECTION('',(-1.224646799147E-16,1.110223024625E-16,1.));
#3600 = DIRECTION('',(-1.,-1.359631073447E-32,-1.224646799147E-16));
#3601 = DEFINITIONAL_REPRESENTATION('',(#3602),#3606);
#3602 = LINE('',#3603,#3604);
#3603 = CARTESIAN_POINT('',(-8.881784197001E-16,-4.5));
#3604 = VECTOR('',#3605,1.);
#3605 = DIRECTION('',(1.,0.));
#3606 = ( GEOMETRIC_REPRESENTATION_CONTEXT(2) 
PARAMETRIC_REPRESENTATION_CONTEXT() REPRESENTATION_CONTEXT('2D SPACE',''
  ) );
#3607 = ORIENTED_EDGE('',*,*,#3608,.T.);
#3608 = EDGE_CURVE('',#3580,#3609,#3611,.T.);
#3609 = VERTEX_POINT('',#3610);
#3610 = CARTESIAN_POINT('',(2.509388889506,0.329970813025,0.5));
#3611 = SURFACE_CURVE('',#3612,(#3616,#3623),.PCURVE_S1.);
#3612 = LINE('',#3613,#3614);
#3613 = CARTESIAN_POINT('',(-1.680499790401,-2.58207767964,0.5));
#3614 = VECTOR('',#3615,1.);
#3615 = DIRECTION('',(-0.821149209134,-0.570713567684,
    -3.719984072787E-17));
#3616 = PCURVE('',#402,#3617);
#3617 = DEFINITIONAL_REPRESENTATION('',(#3618),#3622);
#3618 = LINE('',#3619,#3620);
#3619 = CARTESIAN_POINT('',(1.680499790401,-2.41792232036));
#3620 = VECTOR('',#3621,1.);
#3621 = DIRECTION('',(0.821149209134,0.570713567684));
#3622 = ( GEOMETRIC_REPRESENTATION_CONTEXT(2) 
PARAMETRIC_REPRESENTATION_CONTEXT() REPRESENTATION_CONTEXT('2D SPACE',''
  ) );
#3623 = PCURVE('',#3624,#3629);
#3624 = PLANE('',#3625);
#3625 = AXIS2_PLACEMENT_3D('',#3626,#3627,#3628);
#3626 = CARTESIAN_POINT('',(2.509388889506,0.329970813025,5.));
#3627 = DIRECTION('',(-0.570713567684,0.821149209134,-1.610581302528E-16
    ));
#3628 = DIRECTION('',(-0.821149209134,-0.570713567684,6.336193433092E-17
    ));
#3629 = DEFINITIONAL_REPRESENTATION('',(#3630),#3634);
#3630 = LINE('',#3631,#3632);
#3631 = CARTESIAN_POINT('',(5.102469360382,-4.5));
#3632 = VECTOR('',#3633,1.);
#3633 = DIRECTION('',(1.,-1.005617750588E-16));
#3634 = ( GEOMETRIC_REPRESENTATION_CONTEXT(2) 
PARAMETRIC_REPRESENTATION_CONTEXT() REPRESENTATION_CONTEXT('2D SPACE',''
  ) );
#3635 = ORIENTED_EDGE('',*,*,#3636,.T.);
#3636 = EDGE_CURVE('',#3609,#3637,#3639,.T.);
#3637 = VERTEX_POINT('',#3638);
#3638 = CARTESIAN_POINT('',(2.498901708166,0.45485932476,0.5));
#3639 = SURFACE_CURVE('',#3640,(#3644,#3651),.PCURVE_S1.);
#3640 = LINE('',#3641,#3642);
#3641 = CARTESIAN_POINT('',(2.936254471275,-4.753435823096,0.5));
#3642 = VECTOR('',#3643,1.);
#3643 = DIRECTION('',(-8.367784333233E-02,0.99649285925,
    -1.20880511921E-16));
#3644 = PCURVE('',#402,#3645);
#3645 = DEFINITIONAL_REPRESENTATION('',(#3646),#3650);
#3646 = LINE('',#3647,#3648);
#3647 = CARTESIAN_POINT('',(-2.936254471275,-0.246564176904));
#3648 = VECTOR('',#3649,1.);
#3649 = DIRECTION('',(8.367784333233E-02,-0.99649285925));
#3650 = ( GEOMETRIC_REPRESENTATION_CONTEXT(2) 
PARAMETRIC_REPRESENTATION_CONTEXT() REPRESENTATION_CONTEXT('2D SPACE',''
  ) );
#3651 = PCURVE('',#3652,#3657);
#3652 = PLANE('',#3653);
#3653 = AXIS2_PLACEMENT_3D('',#3654,#3655,#3656);
#3654 = CARTESIAN_POINT('',(2.509388889506,0.329970813025,5.));
#3655 = DIRECTION('',(0.99649285925,8.367784333233E-02,
    1.127450722135E-16));
#3656 = DIRECTION('',(-8.367784333233E-02,0.99649285925,
    -1.106329316213E-16));
#3657 = DEFINITIONAL_REPRESENTATION('',(#3658),#3662);
#3658 = LINE('',#3659,#3660);
#3659 = CARTESIAN_POINT('',(-5.101297604831,-4.5));
#3660 = VECTOR('',#3661,1.);
#3661 = DIRECTION('',(1.,-1.024758029965E-17));
#3662 = ( GEOMETRIC_REPRESENTATION_CONTEXT(2) 
PARAMETRIC_REPRESENTATION_CONTEXT() REPRESENTATION_CONTEXT('2D SPACE',''
  ) );
#3663 = ORIENTED_EDGE('',*,*,#3664,.T.);
#3664 = EDGE_CURVE('',#3637,#3665,#3667,.T.);
#3665 = VERTEX_POINT('',#3666);
#3666 = CARTESIAN_POINT('',(1.914695151547,0.686294265745,0.5));
#3667 = SURFACE_CURVE('',#3668,(#3673,#3680),.PCURVE_S1.);
#3668 = CIRCLE('',#3669,6.);
#3669 = AXIS2_PLACEMENT_3D('',#3670,#3671,#3672);
#3670 = CARTESIAN_POINT('',(5.510910596163E-16,-5.,0.5));
#3671 = DIRECTION('',(-1.224646799147E-16,1.110223024625E-16,1.));
#3672 = DIRECTION('',(-1.,-1.359631073447E-32,-1.224646799147E-16));
#3673 = PCURVE('',#402,#3674);
#3674 = DEFINITIONAL_REPRESENTATION('',(#3675),#3679);
#3675 = CIRCLE('',#3676,6.);
#3676 = AXIS2_PLACEMENT_2D('',#3677,#3678);
#3677 = CARTESIAN_POINT('',(-5.510910596163E-16,0.));
#3678 = DIRECTION('',(1.,0.));
#3679 = ( GEOMETRIC_REPRESENTATION_CONTEXT(2) 
PARAMETRIC_REPRESENTATION_CONTEXT() REPRESENTATION_CONTEXT('2D SPACE',''
  ) );
#3680 = PCURVE('',#3681,#3686);
#3681 = CYLINDRICAL_SURFACE('',#3682,6.);
#3682 = AXIS2_PLACEMENT_3D('',#3683,#3684,#3685);
#3683 = CARTESIAN_POINT('',(0.,-5.,5.));
#3684 = DIRECTION('',(-1.224646799147E-16,1.110223024625E-16,1.));
#3685 = DIRECTION('',(-1.,-1.359631073447E-32,-1.224646799147E-16));
#3686 = DEFINITIONAL_REPRESENTATION('',(#3687),#3691);
#3687 = LINE('',#3688,#3689);
#3688 = CARTESIAN_POINT('',(0.,-4.5));
#3689 = VECTOR('',#3690,1.);
#3690 = DIRECTION('',(1.,0.));
#3691 = ( GEOMETRIC_REPRESENTATION_CONTEXT(2) 
PARAMETRIC_REPRESENTATION_CONTEXT() REPRESENTATION_CONTEXT('2D SPACE',''
  ) );
#3692 = ORIENTED_EDGE('',*,*,#3693,.T.);
#3693 = EDGE_CURVE('',#3665,#3694,#3696,.T.);
#3694 = VERTEX_POINT('',#3695);
#3695 = CARTESIAN_POINT('',(1.821579131794,0.602452224971,0.5));
#3696 = SURFACE_CURVE('',#3697,(#3701,#3708),.PCURVE_S1.);
#3697 = LINE('',#3698,#3699);
#3698 = CARTESIAN_POINT('',(-1.97029457053,-2.811766192069,0.5));
#3699 = VECTOR('',#3700,1.);
#3700 = DIRECTION('',(-0.743144825477,-0.669130606359,
    -1.672057261628E-17));
#3701 = PCURVE('',#402,#3702);
#3702 = DEFINITIONAL_REPRESENTATION('',(#3703),#3707);
#3703 = LINE('',#3704,#3705);
#3704 = CARTESIAN_POINT('',(1.97029457053,-2.188233807931));
#3705 = VECTOR('',#3706,1.);
#3706 = DIRECTION('',(0.743144825477,0.669130606359));
#3707 = ( GEOMETRIC_REPRESENTATION_CONTEXT(2) 
PARAMETRIC_REPRESENTATION_CONTEXT() REPRESENTATION_CONTEXT('2D SPACE',''
  ) );
#3708 = PCURVE('',#3709,#3714);
#3709 = PLANE('',#3710);
#3710 = AXIS2_PLACEMENT_3D('',#3711,#3712,#3713);
#3711 = CARTESIAN_POINT('',(1.821579131794,0.602452224971,5.));
#3712 = DIRECTION('',(-0.669130606359,0.743144825477,-1.644505151165E-16
    ));
#3713 = DIRECTION('',(-0.743144825477,-0.669130606359,7.42884205661E-17)
  );
#3714 = DEFINITIONAL_REPRESENTATION('',(#3715),#3719);
#3715 = LINE('',#3716,#3717);
#3716 = CARTESIAN_POINT('',(5.102469360382,-4.5));
#3717 = VECTOR('',#3718,1.);
#3718 = DIRECTION('',(1.,-9.100899318238E-17));
#3719 = ( GEOMETRIC_REPRESENTATION_CONTEXT(2) 
PARAMETRIC_REPRESENTATION_CONTEXT() REPRESENTATION_CONTEXT('2D SPACE',''
  ) );
#3720 = ORIENTED_EDGE('',*,*,#3721,.T.);
#3721 = EDGE_CURVE('',#3694,#3722,#3724,.T.);
#3722 = VERTEX_POINT('',#3723);
#3723 = CARTESIAN_POINT('',(1.795521964001,0.725041561141,0.5));
#3724 = SURFACE_CURVE('',#3725,(#3729,#3736),.PCURVE_S1.);
#3725 = LINE('',#3726,#3727);
#3726 = CARTESIAN_POINT('',(2.88219854218,-4.387369787824,0.5));
#3727 = VECTOR('',#3728,1.);
#3728 = DIRECTION('',(-0.207911690818,0.978147600734,-1.340580374482E-16
    ));
#3729 = PCURVE('',#402,#3730);
#3730 = DEFINITIONAL_REPRESENTATION('',(#3731),#3735);
#3731 = LINE('',#3732,#3733);
#3732 = CARTESIAN_POINT('',(-2.88219854218,-0.612630212176));
#3733 = VECTOR('',#3734,1.);
#3734 = DIRECTION('',(0.207911690818,-0.978147600734));
#3735 = ( GEOMETRIC_REPRESENTATION_CONTEXT(2) 
PARAMETRIC_REPRESENTATION_CONTEXT() REPRESENTATION_CONTEXT('2D SPACE',''
  ) );
#3736 = PCURVE('',#3737,#3742);
#3737 = PLANE('',#3738);
#3738 = AXIS2_PLACEMENT_3D('',#3739,#3740,#3741);
#3739 = CARTESIAN_POINT('',(1.821579131794,0.602452224971,5.));
#3740 = DIRECTION('',(0.978147600734,0.207911690818,9.670569820977E-17)
  );
#3741 = DIRECTION('',(-0.207911690818,0.978147600734,-1.085961987817E-16
    ));
#3742 = DEFINITIONAL_REPRESENTATION('',(#3743),#3747);
#3743 = LINE('',#3744,#3745);
#3744 = CARTESIAN_POINT('',(-5.101297604831,-4.5));
#3745 = VECTOR('',#3746,1.);
#3746 = DIRECTION('',(1.,-2.546183866653E-17));
#3747 = ( GEOMETRIC_REPRESENTATION_CONTEXT(2) 
PARAMETRIC_REPRESENTATION_CONTEXT() REPRESENTATION_CONTEXT('2D SPACE',''
  ) );
#3748 = ORIENTED_EDGE('',*,*,#3749,.T.);
#3749 = EDGE_CURVE('',#3722,#3750,#3752,.T.);
#3750 = VERTEX_POINT('',#3751);
#3751 = CARTESIAN_POINT('',(1.186915561061,0.881431071679,0.5));
#3752 = SURFACE_CURVE('',#3753,(#3758,#3765),.PCURVE_S1.);
#3753 = CIRCLE('',#3754,6.);
#3754 = AXIS2_PLACEMENT_3D('',#3755,#3756,#3757);
#3755 = CARTESIAN_POINT('',(5.510910596163E-16,-5.,0.5));
#3756 = DIRECTION('',(-1.224646799147E-16,1.110223024625E-16,1.));
#3757 = DIRECTION('',(-1.,-1.359631073447E-32,-1.224646799147E-16));
#3758 = PCURVE('',#402,#3759);
#3759 = DEFINITIONAL_REPRESENTATION('',(#3760),#3764);
#3760 = CIRCLE('',#3761,6.);
#3761 = AXIS2_PLACEMENT_2D('',#3762,#3763);
#3762 = CARTESIAN_POINT('',(-5.510910596163E-16,0.));
#3763 = DIRECTION('',(1.,0.));
#3764 = ( GEOMETRIC_REPRESENTATION_CONTEXT(2) 
PARAMETRIC_REPRESENTATION_CONTEXT() REPRESENTATION_CONTEXT('2D SPACE',''
  ) );
#3765 = PCURVE('',#3766,#3771);
#3766 = CYLINDRICAL_SURFACE('',#3767,6.);
#3767 = AXIS2_PLACEMENT_3D('',#3768,#3769,#3770);
#3768 = CARTESIAN_POINT('',(0.,-5.,5.));
#3769 = DIRECTION('',(-1.224646799147E-16,1.110223024625E-16,1.));
#3770 = DIRECTION('',(-1.,-1.359631073447E-32,-1.224646799147E-16));
#3771 = DEFINITIONAL_REPRESENTATION('',(#3772),#3776);
#3772 = LINE('',#3773,#3774);
#3773 = CARTESIAN_POINT('',(0.,-4.5));
#3774 = VECTOR('',#3775,1.);
#3775 = DIRECTION('',(1.,0.));
#3776 = ( GEOMETRIC_REPRESENTATION_CONTEXT(2) 
PARAMETRIC_REPRESENTATION_CONTEXT() REPRESENTATION_CONTEXT('2D SPACE',''
  ) );
#3777 = ORIENTED_EDGE('',*,*,#3778,.T.);
#3778 = EDGE_CURVE('',#3750,#3779,#3781,.T.);
#3779 = VERTEX_POINT('',#3780);
#3780 = CARTESIAN_POINT('',(1.105041983016,0.786579618587,0.5));
#3781 = SURFACE_CURVE('',#3782,(#3786,#3793),.PCURVE_S1.);
#3782 = LINE('',#3783,#3784);
#3783 = CARTESIAN_POINT('',(-2.229016628286,-3.075964458837,0.5));
#3784 = VECTOR('',#3785,1.);
#3785 = DIRECTION('',(-0.65342060399,-0.756995055652,4.022388913858E-18)
  );
#3786 = PCURVE('',#402,#3787);
#3787 = DEFINITIONAL_REPRESENTATION('',(#3788),#3792);
#3788 = LINE('',#3789,#3790);
#3789 = CARTESIAN_POINT('',(2.229016628286,-1.924035541163));
#3790 = VECTOR('',#3791,1.);
#3791 = DIRECTION('',(0.65342060399,0.756995055652));
#3792 = ( GEOMETRIC_REPRESENTATION_CONTEXT(2) 
PARAMETRIC_REPRESENTATION_CONTEXT() REPRESENTATION_CONTEXT('2D SPACE',''
  ) );
#3793 = PCURVE('',#3794,#3799);
#3794 = PLANE('',#3795);
#3795 = AXIS2_PLACEMENT_3D('',#3796,#3797,#3798);
#3796 = CARTESIAN_POINT('',(1.105041983016,0.786579618587,5.));
#3797 = DIRECTION('',(-0.756995055652,0.65342060399,-1.652494171189E-16)
  );
#3798 = DIRECTION('',(-0.65342060399,-0.756995055652,8.40433340312E-17)
  );
#3799 = DEFINITIONAL_REPRESENTATION('',(#3800),#3804);
#3800 = LINE('',#3801,#3802);
#3801 = CARTESIAN_POINT('',(5.102469360382,-4.5));
#3802 = VECTOR('',#3803,1.);
#3803 = DIRECTION('',(1.,-8.002094511734E-17));
#3804 = ( GEOMETRIC_REPRESENTATION_CONTEXT(2) 
PARAMETRIC_REPRESENTATION_CONTEXT() REPRESENTATION_CONTEXT('2D SPACE',''
  ) );
#3805 = ORIENTED_EDGE('',*,*,#3806,.T.);
#3806 = EDGE_CURVE('',#3779,#3807,#3809,.T.);
#3807 = VERTEX_POINT('',#3808);
#3808 = CARTESIAN_POINT('',(1.06382576587,0.904936472128,0.5));
#3809 = SURFACE_CURVE('',#3810,(#3814,#3821),.PCURVE_S1.);
#3810 = LINE('',#3811,#3812);
#3811 = CARTESIAN_POINT('',(2.782688620332,-4.030965296965,0.5));
#3812 = VECTOR('',#3813,1.);
#3813 = DIRECTION('',(-0.328866646739,0.944376370237,-1.451213876424E-16
    ));
#3814 = PCURVE('',#402,#3815);
#3815 = DEFINITIONAL_REPRESENTATION('',(#3816),#3820);
#3816 = LINE('',#3817,#3818);
#3817 = CARTESIAN_POINT('',(-2.782688620332,-0.969034703035));
#3818 = VECTOR('',#3819,1.);
#3819 = DIRECTION('',(0.328866646739,-0.944376370237));
#3820 = ( GEOMETRIC_REPRESENTATION_CONTEXT(2) 
PARAMETRIC_REPRESENTATION_CONTEXT() REPRESENTATION_CONTEXT('2D SPACE',''
  ) );
#3821 = PCURVE('',#3822,#3827);
#3822 = PLANE('',#3823);
#3823 = AXIS2_PLACEMENT_3D('',#3824,#3825,#3826);
#3824 = CARTESIAN_POINT('',(1.105041983016,0.786579618587,5.));
#3825 = DIRECTION('',(0.944376370237,0.328866646739,7.914121757613E-17)
  );
#3826 = DIRECTION('',(-0.328866646739,0.944376370237,-1.04846839015E-16)
  );
#3827 = DEFINITIONAL_REPRESENTATION('',(#3828),#3832);
#3828 = LINE('',#3829,#3830);
#3829 = CARTESIAN_POINT('',(-5.101297604831,-4.5));
#3830 = VECTOR('',#3831,1.);
#3831 = DIRECTION('',(1.,-4.027454862747E-17));
#3832 = ( GEOMETRIC_REPRESENTATION_CONTEXT(2) 
PARAMETRIC_REPRESENTATION_CONTEXT() REPRESENTATION_CONTEXT('2D SPACE',''
  ) );
#3833 = ORIENTED_EDGE('',*,*,#3834,.T.);
#3834 = EDGE_CURVE('',#3807,#3835,#3837,.T.);
#3835 = VERTEX_POINT('',#3836);
#3836 = CARTESIAN_POINT('',(0.440417603149,0.983814196216,0.5));
#3837 = SURFACE_CURVE('',#3838,(#3843,#3850),.PCURVE_S1.);
#3838 = CIRCLE('',#3839,6.);
#3839 = AXIS2_PLACEMENT_3D('',#3840,#3841,#3842);
#3840 = CARTESIAN_POINT('',(5.510910596163E-16,-5.,0.5));
#3841 = DIRECTION('',(-1.224646799147E-16,1.110223024625E-16,1.));
#3842 = DIRECTION('',(-1.,-1.359631073447E-32,-1.224646799147E-16));
#3843 = PCURVE('',#402,#3844);
#3844 = DEFINITIONAL_REPRESENTATION('',(#3845),#3849);
#3845 = CIRCLE('',#3846,6.);
#3846 = AXIS2_PLACEMENT_2D('',#3847,#3848);
#3847 = CARTESIAN_POINT('',(-5.510910596163E-16,0.));
#3848 = DIRECTION('',(1.,0.));
#3849 = ( GEOMETRIC_REPRESENTATION_CONTEXT(2) 
PARAMETRIC_REPRESENTATION_CONTEXT() REPRESENTATION_CONTEXT('2D SPACE',''
  ) );
#3850 = PCURVE('',#3851,#3856);
#3851 = CYLINDRICAL_SURFACE('',#3852,6.);
#3852 = AXIS2_PLACEMENT_3D('',#3853,#3854,#3855);
#3853 = CARTESIAN_POINT('',(0.,-5.,5.));
#3854 = DIRECTION('',(-1.224646799147E-16,1.110223024625E-16,1.));
#3855 = DIRECTION('',(-1.,-1.359631073447E-32,-1.224646799147E-16));
#3856 = DEFINITIONAL_REPRESENTATION('',(#3857),#3861);
#3857 = LINE('',#3858,#3859);
#3858 = CARTESIAN_POINT('',(0.,-4.5));
#3859 = VECTOR('',#3860,1.);
#3860 = DIRECTION('',(1.,0.));
#3861 = ( GEOMETRIC_REPRESENTATION_CONTEXT(2) 
PARAMETRIC_REPRESENTATION_CONTEXT() REPRESENTATION_CONTEXT('2D SPACE',''
  ) );
#3862 = ORIENTED_EDGE('',*,*,#3863,.T.);
#3863 = EDGE_CURVE('',#3835,#3864,#3866,.T.);
#3864 = VERTEX_POINT('',#3865);
#3865 = CARTESIAN_POINT('',(0.371077662045,0.879449194882,0.5));
#3866 = SURFACE_CURVE('',#3867,(#3871,#3878),.PCURVE_S1.);
#3867 = LINE('',#3868,#3869);
#3868 = CARTESIAN_POINT('',(-2.452585762264,-3.370505915452,0.5));
#3869 = VECTOR('',#3870,1.);
#3870 = DIRECTION('',(-0.553391549243,-0.83292124071,2.470191496797E-17)
  );
#3871 = PCURVE('',#402,#3872);
#3872 = DEFINITIONAL_REPRESENTATION('',(#3873),#3877);
#3873 = LINE('',#3874,#3875);
#3874 = CARTESIAN_POINT('',(2.452585762264,-1.629494084548));
#3875 = VECTOR('',#3876,1.);
#3876 = DIRECTION('',(0.553391549243,0.83292124071));
#3877 = ( GEOMETRIC_REPRESENTATION_CONTEXT(2) 
PARAMETRIC_REPRESENTATION_CONTEXT() REPRESENTATION_CONTEXT('2D SPACE',''
  ) );
#3878 = PCURVE('',#3879,#3884);
#3879 = PLANE('',#3880);
#3880 = AXIS2_PLACEMENT_3D('',#3881,#3882,#3883);
#3881 = CARTESIAN_POINT('',(0.371077662045,0.879449194882,5.));
#3882 = DIRECTION('',(-0.83292124071,0.553391549243,-1.63442237098E-16)
  );
#3883 = DIRECTION('',(-0.553391549243,-0.83292124071,9.247283391357E-17)
  );
#3884 = DEFINITIONAL_REPRESENTATION('',(#3885),#3889);
#3885 = LINE('',#3886,#3887);
#3886 = CARTESIAN_POINT('',(5.102469360382,-4.5));
#3887 = VECTOR('',#3888,1.);
#3888 = DIRECTION('',(1.,-6.77709189456E-17));
#3889 = ( GEOMETRIC_REPRESENTATION_CONTEXT(2) 
PARAMETRIC_REPRESENTATION_CONTEXT() REPRESENTATION_CONTEXT('2D SPACE',''
  ) );
#3890 = ORIENTED_EDGE('',*,*,#3891,.T.);
#3891 = EDGE_CURVE('',#3864,#3892,#3894,.T.);
#3892 = VERTEX_POINT('',#3893);
#3893 = CARTESIAN_POINT('',(0.315352399913,0.991707007512,0.5));
#3894 = SURFACE_CURVE('',#3895,(#3899,#3906),.PCURVE_S1.);
#3895 = LINE('',#3896,#3897);
#3896 = CARTESIAN_POINT('',(2.639294036645,-3.689843062246,0.5));
#3897 = VECTOR('',#3898,1.);
#3898 = DIRECTION('',(-0.444635179185,0.895711760239,-1.538960868622E-16
    ));
#3899 = PCURVE('',#402,#3900);
#3900 = DEFINITIONAL_REPRESENTATION('',(#3901),#3905);
#3901 = LINE('',#3902,#3903);
#3902 = CARTESIAN_POINT('',(-2.639294036645,-1.310156937754));
#3903 = VECTOR('',#3904,1.);
#3904 = DIRECTION('',(0.444635179185,-0.895711760239));
#3905 = ( GEOMETRIC_REPRESENTATION_CONTEXT(2) 
PARAMETRIC_REPRESENTATION_CONTEXT() REPRESENTATION_CONTEXT('2D SPACE',''
  ) );
#3906 = PCURVE('',#3907,#3912);
#3907 = PLANE('',#3908);
#3908 = AXIS2_PLACEMENT_3D('',#3909,#3910,#3911);
#3909 = CARTESIAN_POINT('',(0.371077662045,0.879449194882,5.));
#3910 = DIRECTION('',(0.895711760239,0.444635179185,6.032863266464E-17)
  );
#3911 = DIRECTION('',(-0.444635179185,0.895711760239,-9.944398196453E-17
    ));
#3912 = DEFINITIONAL_REPRESENTATION('',(#3913),#3917);
#3913 = LINE('',#3914,#3915);
#3914 = CARTESIAN_POINT('',(-5.101297604831,-4.5));
#3915 = VECTOR('',#3916,1.);
#3916 = DIRECTION('',(1.,-5.445210489771E-17));
#3917 = ( GEOMETRIC_REPRESENTATION_CONTEXT(2) 
PARAMETRIC_REPRESENTATION_CONTEXT() REPRESENTATION_CONTEXT('2D SPACE',''
  ) );
#3918 = ORIENTED_EDGE('',*,*,#3919,.T.);
#3919 = EDGE_CURVE('',#3892,#3920,#3922,.T.);
#3920 = VERTEX_POINT('',#3921);
#3921 = CARTESIAN_POINT('',(-0.313026003458,0.991828996321,0.5));
#3922 = SURFACE_CURVE('',#3923,(#3928,#3935),.PCURVE_S1.);
#3923 = CIRCLE('',#3924,6.);
#3924 = AXIS2_PLACEMENT_3D('',#3925,#3926,#3927);
#3925 = CARTESIAN_POINT('',(5.510910596163E-16,-5.,0.5));
#3926 = DIRECTION('',(-1.224646799147E-16,1.110223024625E-16,1.));
#3927 = DIRECTION('',(-1.,-1.359631073447E-32,-1.224646799147E-16));
#3928 = PCURVE('',#402,#3929);
#3929 = DEFINITIONAL_REPRESENTATION('',(#3930),#3934);
#3930 = CIRCLE('',#3931,6.);
#3931 = AXIS2_PLACEMENT_2D('',#3932,#3933);
#3932 = CARTESIAN_POINT('',(-5.510910596163E-16,0.));
#3933 = DIRECTION('',(1.,0.));
#3934 = ( GEOMETRIC_REPRESENTATION_CONTEXT(2) 
PARAMETRIC_REPRESENTATION_CONTEXT() REPRESENTATION_CONTEXT('2D SPACE',''
  ) );
#3935 = PCURVE('',#3936,#3941);
#3936 = CYLINDRICAL_SURFACE('',#3937,6.);
#3937 = AXIS2_PLACEMENT_3D('',#3938,#3939,#3940);
#3938 = CARTESIAN_POINT('',(0.,-5.,5.));
#3939 = DIRECTION('',(-1.224646799147E-16,1.110223024625E-16,1.));
#3940 = DIRECTION('',(-1.,-1.359631073447E-32,-1.224646799147E-16));
#3941 = DEFINITIONAL_REPRESENTATION('',(#3942),#3946);
#3942 = LINE('',#3943,#3944);
#3943 = CARTESIAN_POINT('',(0.,-4.5));
#3944 = VECTOR('',#3945,1.);
#3945 = DIRECTION('',(1.,0.));
#3946 = ( GEOMETRIC_REPRESENTATION_CONTEXT(2) 
PARAMETRIC_REPRESENTATION_CONTEXT() REPRESENTATION_CONTEXT('2D SPACE',''
  ) );
#3947 = ORIENTED_EDGE('',*,*,#3948,.T.);
#3948 = EDGE_CURVE('',#3920,#3949,#3951,.T.);
#3949 = VERTEX_POINT('',#3950);
#3950 = CARTESIAN_POINT('',(-0.368738775328,0.879596345162,0.5));
#3951 = SURFACE_CURVE('',#3952,(#3956,#3963),.PCURVE_S1.);
#3952 = LINE('',#3953,#3954);
#3953 = CARTESIAN_POINT('',(-2.637476153667,-3.690745467194,0.5));
#3954 = VECTOR('',#3955,1.);
#3955 = DIRECTION('',(-0.444635179185,-0.895711760239,4.499187706682E-17
    ));
#3956 = PCURVE('',#402,#3957);
#3957 = DEFINITIONAL_REPRESENTATION('',(#3958),#3962);
#3958 = LINE('',#3959,#3960);
#3959 = CARTESIAN_POINT('',(2.637476153667,-1.309254532806));
#3960 = VECTOR('',#3961,1.);
#3961 = DIRECTION('',(0.444635179185,0.895711760239));
#3962 = ( GEOMETRIC_REPRESENTATION_CONTEXT(2) 
PARAMETRIC_REPRESENTATION_CONTEXT() REPRESENTATION_CONTEXT('2D SPACE',''
  ) );
#3963 = PCURVE('',#3964,#3969);
#3964 = PLANE('',#3965);
#3965 = AXIS2_PLACEMENT_3D('',#3966,#3967,#3968);
#3966 = CARTESIAN_POINT('',(-0.368738775328,0.879596345162,5.));
#3967 = DIRECTION('',(-0.895711760239,0.444635179185,-1.590574753625E-16
    ));
#3968 = DIRECTION('',(-0.444635179185,-0.895711760239,9.944398196453E-17
    ));
#3969 = DEFINITIONAL_REPRESENTATION('',(#3970),#3974);
#3970 = LINE('',#3971,#3972);
#3971 = CARTESIAN_POINT('',(5.102469360382,-4.5));
#3972 = VECTOR('',#3973,1.);
#3973 = DIRECTION('',(1.,-5.445210489771E-17));
#3974 = ( GEOMETRIC_REPRESENTATION_CONTEXT(2) 
PARAMETRIC_REPRESENTATION_CONTEXT() REPRESENTATION_CONTEXT('2D SPACE',''
  ) );
#3975 = ORIENTED_EDGE('',*,*,#3976,.T.);
#3976 = EDGE_CURVE('',#3949,#3977,#3979,.T.);
#3977 = VERTEX_POINT('',#3978);
#3978 = CARTESIAN_POINT('',(-0.438094261772,0.983984744115,0.5));
#3979 = SURFACE_CURVE('',#3980,(#3984,#3991),.PCURVE_S1.);
#3980 = LINE('',#3981,#3982);
#3981 = CARTESIAN_POINT('',(2.454276209361,-3.369382785086,0.5));
#3982 = VECTOR('',#3983,1.);
#3983 = DIRECTION('',(-0.553391549243,0.83292124071,-1.602437528592E-16)
  );
#3984 = PCURVE('',#402,#3985);
#3985 = DEFINITIONAL_REPRESENTATION('',(#3986),#3990);
#3986 = LINE('',#3987,#3988);
#3987 = CARTESIAN_POINT('',(-2.454276209361,-1.630617214914));
#3988 = VECTOR('',#3989,1.);
#3989 = DIRECTION('',(0.553391549243,-0.83292124071));
#3990 = ( GEOMETRIC_REPRESENTATION_CONTEXT(2) 
PARAMETRIC_REPRESENTATION_CONTEXT() REPRESENTATION_CONTEXT('2D SPACE',''
  ) );
#3991 = PCURVE('',#3992,#3997);
#3992 = PLANE('',#3993);
#3993 = AXIS2_PLACEMENT_3D('',#3994,#3995,#3996);
#3994 = CARTESIAN_POINT('',(-0.368738775328,0.879596345162,5.));
#3995 = DIRECTION('',(0.83292124071,0.553391549243,4.056462917745E-17));
#3996 = DIRECTION('',(-0.553391549243,0.83292124071,-9.247283391357E-17)
  );
#3997 = DEFINITIONAL_REPRESENTATION('',(#3998),#4002);
#3998 = LINE('',#3999,#4000);
#3999 = CARTESIAN_POINT('',(-5.101297604831,-4.5));
#4000 = VECTOR('',#4001,1.);
#4001 = DIRECTION('',(1.,-6.777091894561E-17));
#4002 = ( GEOMETRIC_REPRESENTATION_CONTEXT(2) 
PARAMETRIC_REPRESENTATION_CONTEXT() REPRESENTATION_CONTEXT('2D SPACE',''
  ) );
#4003 = ORIENTED_EDGE('',*,*,#4004,.T.);
#4004 = EDGE_CURVE('',#3977,#4005,#4007,.T.);
#4005 = VERTEX_POINT('',#4006);
#4006 = CARTESIAN_POINT('',(-1.061533002998,0.90534907381,0.5));
#4007 = SURFACE_CURVE('',#4008,(#4013,#4020),.PCURVE_S1.);
#4008 = CIRCLE('',#4009,6.);
#4009 = AXIS2_PLACEMENT_3D('',#4010,#4011,#4012);
#4010 = CARTESIAN_POINT('',(5.510910596163E-16,-5.,0.5));
#4011 = DIRECTION('',(-1.224646799147E-16,1.110223024625E-16,1.));
#4012 = DIRECTION('',(-1.,-1.359631073447E-32,-1.224646799147E-16));
#4013 = PCURVE('',#402,#4014);
#4014 = DEFINITIONAL_REPRESENTATION('',(#4015),#4019);
#4015 = CIRCLE('',#4016,6.);
#4016 = AXIS2_PLACEMENT_2D('',#4017,#4018);
#4017 = CARTESIAN_POINT('',(-5.510910596163E-16,0.));
#4018 = DIRECTION('',(1.,0.));
#4019 = ( GEOMETRIC_REPRESENTATION_CONTEXT(2) 
PARAMETRIC_REPRESENTATION_CONTEXT() REPRESENTATION_CONTEXT('2D SPACE',''
  ) );
#4020 = PCURVE('',#4021,#4026);
#4021 = CYLINDRICAL_SURFACE('',#4022,6.);
#4022 = AXIS2_PLACEMENT_3D('',#4023,#4024,#4025);
#4023 = CARTESIAN_POINT('',(0.,-5.,5.));
#4024 = DIRECTION('',(-1.224646799147E-16,1.110223024625E-16,1.));
#4025 = DIRECTION('',(-1.,-1.359631073447E-32,-1.224646799147E-16));
#4026 = DEFINITIONAL_REPRESENTATION('',(#4027),#4031);
#4027 = LINE('',#4028,#4029);
#4028 = CARTESIAN_POINT('',(0.,-4.5));
#4029 = VECTOR('',#4030,1.);
#4030 = DIRECTION('',(1.,0.));
#4031 = ( GEOMETRIC_REPRESENTATION_CONTEXT(2) 
PARAMETRIC_REPRESENTATION_CONTEXT() REPRESENTATION_CONTEXT('2D SPACE',''
  ) );
#4032 = ORIENTED_EDGE('',*,*,#4033,.T.);
#4033 = EDGE_CURVE('',#4005,#4034,#4036,.T.);
#4034 = VERTEX_POINT('',#4035);
#4035 = CARTESIAN_POINT('',(-1.102739981939,0.787018748778,0.5));
#4036 = SURFACE_CURVE('',#4037,(#4041,#4048),.PCURVE_S1.);
#4037 = LINE('',#4038,#4039);
#4038 = CARTESIAN_POINT('',(-2.780771970574,-4.031632745028,0.5));
#4039 = VECTOR('',#4040,1.);
#4040 = DIRECTION('',(-0.328866646739,-0.944376370237,6.457229038749E-17
    ));
#4041 = PCURVE('',#402,#4042);
#4042 = DEFINITIONAL_REPRESENTATION('',(#4043),#4047);
#4043 = LINE('',#4044,#4045);
#4044 = CARTESIAN_POINT('',(2.780771970574,-0.968367254972));
#4045 = VECTOR('',#4046,1.);
#4046 = DIRECTION('',(0.328866646739,0.944376370237));
#4047 = ( GEOMETRIC_REPRESENTATION_CONTEXT(2) 
PARAMETRIC_REPRESENTATION_CONTEXT() REPRESENTATION_CONTEXT('2D SPACE',''
  ) );
#4048 = PCURVE('',#4049,#4054);
#4049 = PLANE('',#4050);
#4050 = AXIS2_PLACEMENT_3D('',#4051,#4052,#4053);
#4051 = CARTESIAN_POINT('',(-1.102739981939,0.787018748778,5.));
#4052 = DIRECTION('',(-0.944376370237,0.328866646739,-1.521642822242E-16
    ));
#4053 = DIRECTION('',(-0.328866646739,-0.944376370237,1.04846839015E-16)
  );
#4054 = DEFINITIONAL_REPRESENTATION('',(#4055),#4059);
#4055 = LINE('',#4056,#4057);
#4056 = CARTESIAN_POINT('',(5.102469360382,-4.5));
#4057 = VECTOR('',#4058,1.);
#4058 = DIRECTION('',(1.,-4.027454862747E-17));
#4059 = ( GEOMETRIC_REPRESENTATION_CONTEXT(2) 
PARAMETRIC_REPRESENTATION_CONTEXT() REPRESENTATION_CONTEXT('2D SPACE',''
  ) );
#4060 = ORIENTED_EDGE('',*,*,#4061,.T.);
#4061 = EDGE_CURVE('',#4034,#4062,#4064,.T.);
#4062 = VERTEX_POINT('',#4063);
#4063 = CARTESIAN_POINT('',(-1.184631915245,0.881891466644,0.5));
#4064 = SURFACE_CURVE('',#4065,(#4069,#4076),.PCURVE_S1.);
#4065 = LINE('',#4066,#4067);
#4066 = CARTESIAN_POINT('',(2.230552980143,-3.074638315488,0.5));
#4067 = VECTOR('',#4068,1.);
#4068 = DIRECTION('',(-0.65342060399,0.756995055652,-1.640642791485E-16)
  );
#4069 = PCURVE('',#402,#4070);
#4070 = DEFINITIONAL_REPRESENTATION('',(#4071),#4075);
#4071 = LINE('',#4072,#4073);
#4072 = CARTESIAN_POINT('',(-2.230552980143,-1.925361684512));
#4073 = VECTOR('',#4074,1.);
#4074 = DIRECTION('',(0.65342060399,-0.756995055652));
#4075 = ( GEOMETRIC_REPRESENTATION_CONTEXT(2) 
PARAMETRIC_REPRESENTATION_CONTEXT() REPRESENTATION_CONTEXT('2D SPACE',''
  ) );
#4076 = PCURVE('',#4077,#4082);
#4077 = PLANE('',#4078);
#4078 = AXIS2_PLACEMENT_3D('',#4079,#4080,#4081);
#4079 = CARTESIAN_POINT('',(-1.102739981939,0.787018748778,5.));
#4080 = DIRECTION('',(0.756995055652,0.65342060399,2.0160897256E-17));
#4081 = DIRECTION('',(-0.65342060399,0.756995055652,-8.40433340312E-17)
  );
#4082 = DEFINITIONAL_REPRESENTATION('',(#4083),#4087);
#4083 = LINE('',#4084,#4085);
#4084 = CARTESIAN_POINT('',(-5.101297604831,-4.5));
#4085 = VECTOR('',#4086,1.);
#4086 = DIRECTION('',(1.,-8.002094511734E-17));
#4087 = ( GEOMETRIC_REPRESENTATION_CONTEXT(2) 
PARAMETRIC_REPRESENTATION_CONTEXT() REPRESENTATION_CONTEXT('2D SPACE',''
  ) );
#4088 = ORIENTED_EDGE('',*,*,#4089,.T.);
#4089 = EDGE_CURVE('',#4062,#4090,#4092,.T.);
#4090 = VERTEX_POINT('',#4091);
#4091 = CARTESIAN_POINT('',(-1.793298992951,0.72573826872,0.5));
#4092 = SURFACE_CURVE('',#4093,(#4098,#4105),.PCURVE_S1.);
#4093 = CIRCLE('',#4094,6.);
#4094 = AXIS2_PLACEMENT_3D('',#4095,#4096,#4097);
#4095 = CARTESIAN_POINT('',(5.510910596163E-16,-5.,0.5));
#4096 = DIRECTION('',(-1.224646799147E-16,1.110223024625E-16,1.));
#4097 = DIRECTION('',(-1.,-1.359631073447E-32,-1.224646799147E-16));
#4098 = PCURVE('',#402,#4099);
#4099 = DEFINITIONAL_REPRESENTATION('',(#4100),#4104);
#4100 = CIRCLE('',#4101,6.);
#4101 = AXIS2_PLACEMENT_2D('',#4102,#4103);
#4102 = CARTESIAN_POINT('',(-5.510910596163E-16,0.));
#4103 = DIRECTION('',(1.,0.));
#4104 = ( GEOMETRIC_REPRESENTATION_CONTEXT(2) 
PARAMETRIC_REPRESENTATION_CONTEXT() REPRESENTATION_CONTEXT('2D SPACE',''
  ) );
#4105 = PCURVE('',#4106,#4111);
#4106 = CYLINDRICAL_SURFACE('',#4107,6.);
#4107 = AXIS2_PLACEMENT_3D('',#4108,#4109,#4110);
#4108 = CARTESIAN_POINT('',(0.,-5.,5.));
#4109 = DIRECTION('',(-1.224646799147E-16,1.110223024625E-16,1.));
#4110 = DIRECTION('',(-1.,-1.359631073447E-32,-1.224646799147E-16));
#4111 = DEFINITIONAL_REPRESENTATION('',(#4112),#4116);
#4112 = LINE('',#4113,#4114);
#4113 = CARTESIAN_POINT('',(0.,-4.5));
#4114 = VECTOR('',#4115,1.);
#4115 = DIRECTION('',(1.,0.));
#4116 = ( GEOMETRIC_REPRESENTATION_CONTEXT(2) 
PARAMETRIC_REPRESENTATION_CONTEXT() REPRESENTATION_CONTEXT('2D SPACE',''
  ) );
#4117 = ORIENTED_EDGE('',*,*,#4118,.T.);
#4118 = EDGE_CURVE('',#4090,#4119,#4121,.T.);
#4119 = VERTEX_POINT('',#4120);
#4120 = CARTESIAN_POINT('',(-1.819350320291,0.603176409728,0.5));
#4121 = SURFACE_CURVE('',#4122,(#4126,#4133),.PCURVE_S1.);
#4122 = LINE('',#4123,#4124);
#4123 = CARTESIAN_POINT('',(-2.880213352353,-4.387791752948,0.5));
#4124 = VECTOR('',#4125,1.);
#4125 = DIRECTION('',(-0.207911690818,-0.978147600734,8.313436011513E-17
    ));
#4126 = PCURVE('',#402,#4127);
#4127 = DEFINITIONAL_REPRESENTATION('',(#4128),#4132);
#4128 = LINE('',#4129,#4130);
#4129 = CARTESIAN_POINT('',(2.880213352353,-0.612208247052));
#4130 = VECTOR('',#4131,1.);
#4131 = DIRECTION('',(0.207911690818,0.978147600734));
#4132 = ( GEOMETRIC_REPRESENTATION_CONTEXT(2) 
PARAMETRIC_REPRESENTATION_CONTEXT() REPRESENTATION_CONTEXT('2D SPACE',''
  ) );
#4133 = PCURVE('',#4134,#4139);
#4134 = PLANE('',#4135);
#4135 = AXIS2_PLACEMENT_3D('',#4136,#4137,#4138);
#4136 = CARTESIAN_POINT('',(-1.819350320291,0.603176409728,5.));
#4137 = DIRECTION('',(-0.978147600734,0.207911690818,-1.428713674567E-16
    ));
#4138 = DIRECTION('',(-0.207911690818,-0.978147600734,1.085961987817E-16
    ));
#4139 = DEFINITIONAL_REPRESENTATION('',(#4140),#4144);
#4140 = LINE('',#4141,#4142);
#4141 = CARTESIAN_POINT('',(5.102469360382,-4.5));
#4142 = VECTOR('',#4143,1.);
#4143 = DIRECTION('',(1.,-2.546183866653E-17));
#4144 = ( GEOMETRIC_REPRESENTATION_CONTEXT(2) 
PARAMETRIC_REPRESENTATION_CONTEXT() REPRESENTATION_CONTEXT('2D SPACE',''
  ) );
#4145 = ORIENTED_EDGE('',*,*,#4146,.T.);
#4146 = EDGE_CURVE('',#4119,#4147,#4149,.T.);
#4147 = VERTEX_POINT('',#4148);
#4148 = CARTESIAN_POINT('',(-1.91248721575,0.687037247073,0.5));
#4149 = SURFACE_CURVE('',#4150,(#4154,#4161),.PCURVE_S1.);
#4150 = LINE('',#4151,#4152);
#4151 = CARTESIAN_POINT('',(1.97165259796,-2.81025794981,0.5));
#4152 = VECTOR('',#4153,1.);
#4153 = DIRECTION('',(-0.743144825477,0.669130606359,-1.652974137485E-16
    ));
#4154 = PCURVE('',#402,#4155);
#4155 = DEFINITIONAL_REPRESENTATION('',(#4156),#4160);
#4156 = LINE('',#4157,#4158);
#4157 = CARTESIAN_POINT('',(-1.97165259796,-2.18974205019));
#4158 = VECTOR('',#4159,1.);
#4159 = DIRECTION('',(0.743144825477,-0.669130606359));
#4160 = ( GEOMETRIC_REPRESENTATION_CONTEXT(2) 
PARAMETRIC_REPRESENTATION_CONTEXT() REPRESENTATION_CONTEXT('2D SPACE',''
  ) );
#4161 = PCURVE('',#4162,#4167);
#4162 = PLANE('',#4163);
#4163 = AXIS2_PLACEMENT_3D('',#4164,#4165,#4166);
#4164 = CARTESIAN_POINT('',(-1.819350320291,0.603176409728,5.));
#4165 = DIRECTION('',(0.669130606359,0.743144825477,-5.607840587165E-19)
  );
#4166 = DIRECTION('',(-0.743144825477,0.669130606359,-7.42884205661E-17)
  );
#4167 = DEFINITIONAL_REPRESENTATION('',(#4168),#4172);
#4168 = LINE('',#4169,#4170);
#4169 = CARTESIAN_POINT('',(-5.101297604831,-4.5));
#4170 = VECTOR('',#4171,1.);
#4171 = DIRECTION('',(1.,-9.100899318238E-17));
#4172 = ( GEOMETRIC_REPRESENTATION_CONTEXT(2) 
PARAMETRIC_REPRESENTATION_CONTEXT() REPRESENTATION_CONTEXT('2D SPACE',''
  ) );
#4173 = ORIENTED_EDGE('',*,*,#4174,.T.);
#4174 = EDGE_CURVE('',#4147,#4175,#4177,.T.);
#4175 = VERTEX_POINT('',#4176);
#4176 = CARTESIAN_POINT('',(-2.496783586521,0.455829150741,0.5));
#4177 = SURFACE_CURVE('',#4178,(#4183,#4190),.PCURVE_S1.);
#4178 = CIRCLE('',#4179,6.);
#4179 = AXIS2_PLACEMENT_3D('',#4180,#4181,#4182);
#4180 = CARTESIAN_POINT('',(5.510910596163E-16,-5.,0.5));
#4181 = DIRECTION('',(-1.224646799147E-16,1.110223024625E-16,1.));
#4182 = DIRECTION('',(-1.,-1.359631073447E-32,-1.224646799147E-16));
#4183 = PCURVE('',#402,#4184);
#4184 = DEFINITIONAL_REPRESENTATION('',(#4185),#4189);
#4185 = CIRCLE('',#4186,6.);
#4186 = AXIS2_PLACEMENT_2D('',#4187,#4188);
#4187 = CARTESIAN_POINT('',(-5.510910596163E-16,0.));
#4188 = DIRECTION('',(1.,0.));
#4189 = ( GEOMETRIC_REPRESENTATION_CONTEXT(2) 
PARAMETRIC_REPRESENTATION_CONTEXT() REPRESENTATION_CONTEXT('2D SPACE',''
  ) );
#4190 = PCURVE('',#4191,#4196);
#4191 = CYLINDRICAL_SURFACE('',#4192,6.);
#4192 = AXIS2_PLACEMENT_3D('',#4193,#4194,#4195);
#4193 = CARTESIAN_POINT('',(0.,-5.,5.));
#4194 = DIRECTION('',(-1.224646799147E-16,1.110223024625E-16,1.));
#4195 = DIRECTION('',(-1.,-1.359631073447E-32,-1.224646799147E-16));
#4196 = DEFINITIONAL_REPRESENTATION('',(#4197),#4201);
#4197 = LINE('',#4198,#4199);
#4198 = CARTESIAN_POINT('',(0.,-4.5));
#4199 = VECTOR('',#4200,1.);
#4200 = DIRECTION('',(1.,0.));
#4201 = ( GEOMETRIC_REPRESENTATION_CONTEXT(2) 
PARAMETRIC_REPRESENTATION_CONTEXT() REPRESENTATION_CONTEXT('2D SPACE',''
  ) );
#4202 = ORIENTED_EDGE('',*,*,#4203,.T.);
#4203 = EDGE_CURVE('',#4175,#4204,#4206,.T.);
#4204 = VERTEX_POINT('',#4205);
#4205 = CARTESIAN_POINT('',(-2.507268417264,0.330968631521,0.5));
#4206 = SURFACE_CURVE('',#4207,(#4211,#4218),.PCURVE_S1.);
#4207 = LINE('',#4208,#4209);
#4208 = CARTESIAN_POINT('',(-2.93423204901,-4.753605650639,0.5));
#4209 = VECTOR('',#4210,1.);
#4210 = DIRECTION('',(-8.36778433323E-02,-0.99649285925,
    1.003853513217E-16));
#4211 = PCURVE('',#402,#4212);
#4212 = DEFINITIONAL_REPRESENTATION('',(#4213),#4217);
#4213 = LINE('',#4214,#4215);
#4214 = CARTESIAN_POINT('',(2.93423204901,-0.246394349361));
#4215 = VECTOR('',#4216,1.);
#4216 = DIRECTION('',(8.36778433323E-02,0.99649285925));
#4217 = ( GEOMETRIC_REPRESENTATION_CONTEXT(2) 
PARAMETRIC_REPRESENTATION_CONTEXT() REPRESENTATION_CONTEXT('2D SPACE',''
  ) );
#4218 = PCURVE('',#4219,#4224);
#4219 = PLANE('',#4220);
#4220 = AXIS2_PLACEMENT_3D('',#4221,#4222,#4223);
#4221 = CARTESIAN_POINT('',(-2.507268417264,0.330968631521,5.));
#4222 = DIRECTION('',(-0.99649285925,8.36778433323E-02,
    -1.313252858772E-16));
#4223 = DIRECTION('',(-8.36778433323E-02,-0.99649285925,
    1.106329316213E-16));
#4224 = DEFINITIONAL_REPRESENTATION('',(#4225),#4229);
#4225 = LINE('',#4226,#4227);
#4226 = CARTESIAN_POINT('',(5.102469360382,-4.5));
#4227 = VECTOR('',#4228,1.);
#4228 = DIRECTION('',(1.,-1.024758029965E-17));
#4229 = ( GEOMETRIC_REPRESENTATION_CONTEXT(2) 
PARAMETRIC_REPRESENTATION_CONTEXT() REPRESENTATION_CONTEXT('2D SPACE',''
  ) );
#4230 = ORIENTED_EDGE('',*,*,#4231,.T.);
#4231 = EDGE_CURVE('',#4204,#4232,#4234,.T.);
#4232 = VERTEX_POINT('',#4233);
#4233 = CARTESIAN_POINT('',(-2.610181450398,0.402495052844,0.5));
#4234 = SURFACE_CURVE('',#4235,(#4239,#4246),.PCURVE_S1.);
#4235 = LINE('',#4236,#4237);
#4236 = CARTESIAN_POINT('',(1.681658076499,-2.580411124352,0.5));
#4237 = VECTOR('',#4238,1.);
#4238 = DIRECTION('',(-0.821149209134,0.570713567684,-1.639237093897E-16
    ));
#4239 = PCURVE('',#402,#4240);
#4240 = DEFINITIONAL_REPRESENTATION('',(#4241),#4245);
#4241 = LINE('',#4242,#4243);
#4242 = CARTESIAN_POINT('',(-1.681658076499,-2.419588875648));
#4243 = VECTOR('',#4244,1.);
#4244 = DIRECTION('',(0.821149209134,-0.570713567684));
#4245 = ( GEOMETRIC_REPRESENTATION_CONTEXT(2) 
PARAMETRIC_REPRESENTATION_CONTEXT() REPRESENTATION_CONTEXT('2D SPACE',''
  ) );
#4246 = PCURVE('',#4247,#4252);
#4247 = PLANE('',#4248);
#4248 = AXIS2_PLACEMENT_3D('',#4249,#4250,#4251);
#4249 = CARTESIAN_POINT('',(-2.507268417264,0.330968631521,5.));
#4250 = DIRECTION('',(0.570713567684,0.821149209134,-2.127362147383E-17)
  );
#4251 = DIRECTION('',(-0.821149209134,0.570713567684,-6.336193433092E-17
    ));
#4252 = DEFINITIONAL_REPRESENTATION('',(#4253),#4257);
#4253 = LINE('',#4254,#4255);
#4254 = CARTESIAN_POINT('',(-5.101297604831,-4.5));
#4255 = VECTOR('',#4256,1.);
#4256 = DIRECTION('',(1.,-1.005617750588E-16));
#4257 = ( GEOMETRIC_REPRESENTATION_CONTEXT(2) 
PARAMETRIC_REPRESENTATION_CONTEXT() REPRESENTATION_CONTEXT('2D SPACE',''
  ) );
#4258 = ORIENTED_EDGE('',*,*,#4259,.T.);
#4259 = EDGE_CURVE('',#4232,#4260,#4262,.T.);
#4260 = VERTEX_POINT('',#4261);
#4261 = CARTESIAN_POINT('',(-3.160892411425,9.987834790161E-02,0.5));
#4262 = SURFACE_CURVE('',#4263,(#4268,#4275),.PCURVE_S1.);
#4263 = CIRCLE('',#4264,6.);
#4264 = AXIS2_PLACEMENT_3D('',#4265,#4266,#4267);
#4265 = CARTESIAN_POINT('',(5.510910596163E-16,-5.,0.5));
#4266 = DIRECTION('',(-1.224646799147E-16,1.110223024625E-16,1.));
#4267 = DIRECTION('',(-1.,-1.359631073447E-32,-1.224646799147E-16));
#4268 = PCURVE('',#402,#4269);
#4269 = DEFINITIONAL_REPRESENTATION('',(#4270),#4274);
#4270 = CIRCLE('',#4271,6.);
#4271 = AXIS2_PLACEMENT_2D('',#4272,#4273);
#4272 = CARTESIAN_POINT('',(-5.510910596163E-16,0.));
#4273 = DIRECTION('',(1.,0.));
#4274 = ( GEOMETRIC_REPRESENTATION_CONTEXT(2) 
PARAMETRIC_REPRESENTATION_CONTEXT() REPRESENTATION_CONTEXT('2D SPACE',''
  ) );
#4275 = PCURVE('',#4276,#4281);
#4276 = CYLINDRICAL_SURFACE('',#4277,6.);
#4277 = AXIS2_PLACEMENT_3D('',#4278,#4279,#4280);
#4278 = CARTESIAN_POINT('',(0.,-5.,5.));
#4279 = DIRECTION('',(-1.224646799147E-16,1.110223024625E-16,1.));
#4280 = DIRECTION('',(-1.,-1.359631073447E-32,-1.224646799147E-16));
#4281 = DEFINITIONAL_REPRESENTATION('',(#4282),#4286);
#4282 = LINE('',#4283,#4284);
#4283 = CARTESIAN_POINT('',(0.,-4.5));
#4284 = VECTOR('',#4285,1.);
#4285 = DIRECTION('',(1.,0.));
#4286 = ( GEOMETRIC_REPRESENTATION_CONTEXT(2) 
PARAMETRIC_REPRESENTATION_CONTEXT() REPRESENTATION_CONTEXT('2D SPACE',''
  ) );
#4287 = ORIENTED_EDGE('',*,*,#4288,.T.);
#4288 = EDGE_CURVE('',#4260,#4289,#4291,.T.);
#4289 = VERTEX_POINT('',#4290);
#4290 = CARTESIAN_POINT('',(-3.155645393527,-2.531170657101E-02,0.5));
#4291 = SURFACE_CURVE('',#4292,(#4296,#4303),.PCURVE_S1.);
#4292 = LINE('',#4293,#4294);
#4293 = CARTESIAN_POINT('',(-2.941976153428,-5.123305334409,0.5));
#4294 = VECTOR('',#4295,1.);
#4295 = DIRECTION('',(4.187565372921E-02,-0.999122830099,
    1.160532055706E-16));
#4296 = PCURVE('',#402,#4297);
#4297 = DEFINITIONAL_REPRESENTATION('',(#4298),#4302);
#4298 = LINE('',#4299,#4300);
#4299 = CARTESIAN_POINT('',(2.941976153428,0.123305334409));
#4300 = VECTOR('',#4301,1.);
#4301 = DIRECTION('',(-4.187565372921E-02,0.999122830099));
#4302 = ( GEOMETRIC_REPRESENTATION_CONTEXT(2) 
PARAMETRIC_REPRESENTATION_CONTEXT() REPRESENTATION_CONTEXT('2D SPACE',''
  ) );
#4303 = PCURVE('',#4304,#4309);
#4304 = PLANE('',#4305);
#4305 = AXIS2_PLACEMENT_3D('',#4306,#4307,#4308);
#4306 = CARTESIAN_POINT('',(-3.155645393527,-2.531170657101E-02,5.));
#4307 = DIRECTION('',(-0.999122830099,-4.187565372921E-02,
    -1.177081260894E-16));
#4308 = DIRECTION('',(4.187565372921E-02,-0.999122830099,
    1.109249170404E-16));
#4309 = DEFINITIONAL_REPRESENTATION('',(#4310),#4314);
#4310 = LINE('',#4311,#4312);
#4311 = CARTESIAN_POINT('',(5.102469360382,-4.5));
#4312 = VECTOR('',#4313,1.);
#4313 = DIRECTION('',(1.,5.128288530168E-18));
#4314 = ( GEOMETRIC_REPRESENTATION_CONTEXT(2) 
PARAMETRIC_REPRESENTATION_CONTEXT() REPRESENTATION_CONTEXT('2D SPACE',''
  ) );
#4315 = ORIENTED_EDGE('',*,*,#4316,.T.);
#4316 = EDGE_CURVE('',#4289,#4317,#4319,.T.);
#4317 = VERTEX_POINT('',#4318);
#4318 = CARTESIAN_POINT('',(-3.266711564326,3.275228433685E-02,0.5));
#4319 = SURFACE_CURVE('',#4320,(#4324,#4331),.PCURVE_S1.);
#4320 = LINE('',#4321,#4322);
#4321 = CARTESIAN_POINT('',(1.365142802598,-2.388722660856,0.5));
#4322 = VECTOR('',#4323,1.);
#4323 = DIRECTION('',(-0.886203579231,0.46329603512,-1.599648302106E-16)
  );
#4324 = PCURVE('',#402,#4325);
#4325 = DEFINITIONAL_REPRESENTATION('',(#4326),#4330);
#4326 = LINE('',#4327,#4328);
#4327 = CARTESIAN_POINT('',(-1.365142802598,-2.611277339144));
#4328 = VECTOR('',#4329,1.);
#4329 = DIRECTION('',(0.886203579231,-0.46329603512));
#4330 = ( GEOMETRIC_REPRESENTATION_CONTEXT(2) 
PARAMETRIC_REPRESENTATION_CONTEXT() REPRESENTATION_CONTEXT('2D SPACE',''
  ) );
#4331 = PCURVE('',#4332,#4337);
#4332 = PLANE('',#4333);
#4333 = AXIS2_PLACEMENT_3D('',#4334,#4335,#4336);
#4334 = CARTESIAN_POINT('',(-3.155645393527,-2.531170657101E-02,5.));
#4335 = DIRECTION('',(0.46329603512,0.886203579231,-4.165096117005E-17)
  );
#4336 = DIRECTION('',(-0.886203579231,0.46329603512,-5.143619254076E-17)
  );
#4337 = DEFINITIONAL_REPRESENTATION('',(#4338),#4342);
#4338 = LINE('',#4339,#4340);
#4339 = CARTESIAN_POINT('',(-5.101297604831,-4.5));
#4340 = VECTOR('',#4341,1.);
#4341 = DIRECTION('',(1.,-1.085286376698E-16));
#4342 = ( GEOMETRIC_REPRESENTATION_CONTEXT(2) 
PARAMETRIC_REPRESENTATION_CONTEXT() REPRESENTATION_CONTEXT('2D SPACE',''
  ) );
#4343 = ORIENTED_EDGE('',*,*,#4344,.T.);
#4344 = EDGE_CURVE('',#4317,#4345,#4347,.T.);
#4345 = VERTEX_POINT('',#4346);
#4346 = CARTESIAN_POINT('',(-3.775152074775,-0.336500583004,0.5));
#4347 = SURFACE_CURVE('',#4348,(#4353,#4360),.PCURVE_S1.);
#4348 = CIRCLE('',#4349,6.);
#4349 = AXIS2_PLACEMENT_3D('',#4350,#4351,#4352);
#4350 = CARTESIAN_POINT('',(5.510910596163E-16,-5.,0.5));
#4351 = DIRECTION('',(-1.224646799147E-16,1.110223024625E-16,1.));
#4352 = DIRECTION('',(-1.,-1.359631073447E-32,-1.224646799147E-16));
#4353 = PCURVE('',#402,#4354);
#4354 = DEFINITIONAL_REPRESENTATION('',(#4355),#4359);
#4355 = CIRCLE('',#4356,6.);
#4356 = AXIS2_PLACEMENT_2D('',#4357,#4358);
#4357 = CARTESIAN_POINT('',(-5.510910596163E-16,0.));
#4358 = DIRECTION('',(1.,0.));
#4359 = ( GEOMETRIC_REPRESENTATION_CONTEXT(2) 
PARAMETRIC_REPRESENTATION_CONTEXT() REPRESENTATION_CONTEXT('2D SPACE',''
  ) );
#4360 = PCURVE('',#4361,#4366);
#4361 = CYLINDRICAL_SURFACE('',#4362,6.);
#4362 = AXIS2_PLACEMENT_3D('',#4363,#4364,#4365);
#4363 = CARTESIAN_POINT('',(0.,-5.,5.));
#4364 = DIRECTION('',(-1.224646799147E-16,1.110223024625E-16,1.));
#4365 = DIRECTION('',(-1.,-1.359631073447E-32,-1.224646799147E-16));
#4366 = DEFINITIONAL_REPRESENTATION('',(#4367),#4371);
#4367 = LINE('',#4368,#4369);
#4368 = CARTESIAN_POINT('',(0.,-4.5));
#4369 = VECTOR('',#4370,1.);
#4370 = DIRECTION('',(1.,0.));
#4371 = ( GEOMETRIC_REPRESENTATION_CONTEXT(2) 
PARAMETRIC_REPRESENTATION_CONTEXT() REPRESENTATION_CONTEXT('2D SPACE',''
  ) );
#4372 = ORIENTED_EDGE('',*,*,#4373,.T.);
#4373 = EDGE_CURVE('',#4345,#4374,#4376,.T.);
#4374 = VERTEX_POINT('',#4375);
#4375 = CARTESIAN_POINT('',(-3.754255956844,-0.460045850785,0.5));
#4376 = SURFACE_CURVE('',#4377,(#4381,#4388),.PCURVE_S1.);
#4377 = LINE('',#4378,#4379);
#4378 = CARTESIAN_POINT('',(-2.903323536456,-5.491060419395,0.5));
#4379 = VECTOR('',#4380,1.);
#4380 = DIRECTION('',(0.166768746716,-0.985996037071,1.298908314409E-16)
  );
#4381 = PCURVE('',#402,#4382);
#4382 = DEFINITIONAL_REPRESENTATION('',(#4383),#4387);
#4383 = LINE('',#4384,#4385);
#4384 = CARTESIAN_POINT('',(2.903323536456,0.491060419395));
#4385 = VECTOR('',#4386,1.);
#4386 = DIRECTION('',(-0.166768746716,0.985996037071));
#4387 = ( GEOMETRIC_REPRESENTATION_CONTEXT(2) 
PARAMETRIC_REPRESENTATION_CONTEXT() REPRESENTATION_CONTEXT('2D SPACE',''
  ) );
#4388 = PCURVE('',#4389,#4394);
#4389 = PLANE('',#4390);
#4390 = AXIS2_PLACEMENT_3D('',#4391,#4392,#4393);
#4391 = CARTESIAN_POINT('',(-3.754255956844,-0.460045850785,5.));
#4392 = DIRECTION('',(-0.985996037071,-0.166768746716,
    -1.022346388378E-16));
#4393 = DIRECTION('',(0.166768746716,-0.985996037071,1.094675502545E-16)
  );
#4394 = DEFINITIONAL_REPRESENTATION('',(#4395),#4399);
#4395 = LINE('',#4396,#4397);
#4396 = CARTESIAN_POINT('',(5.102469360382,-4.5));
#4397 = VECTOR('',#4398,1.);
#4398 = DIRECTION('',(1.,2.042328118637E-17));
#4399 = ( GEOMETRIC_REPRESENTATION_CONTEXT(2) 
PARAMETRIC_REPRESENTATION_CONTEXT() REPRESENTATION_CONTEXT('2D SPACE',''
  ) );
#4400 = ORIENTED_EDGE('',*,*,#4401,.T.);
#4401 = EDGE_CURVE('',#4374,#4402,#4404,.T.);
#4402 = VERTEX_POINT('',#4403);
#4403 = CARTESIAN_POINT('',(-3.871723685446,-0.416359994114,0.5));
#4404 = SURFACE_CURVE('',#4405,(#4409,#4416),.PCURVE_S1.);
#4405 = LINE('',#4406,#4407);
#4406 = CARTESIAN_POINT('',(1.027098411203,-2.238215600899,0.5));
#4407 = VECTOR('',#4408,1.);
#4408 = DIRECTION('',(-0.937281989492,0.348572047322,-1.534832101007E-16
    ));
#4409 = PCURVE('',#402,#4410);
#4410 = DEFINITIONAL_REPRESENTATION('',(#4411),#4415);
#4411 = LINE('',#4412,#4413);
#4412 = CARTESIAN_POINT('',(-1.027098411203,-2.761784399101));
#4413 = VECTOR('',#4414,1.);
#4414 = DIRECTION('',(0.937281989492,-0.348572047322));
#4415 = ( GEOMETRIC_REPRESENTATION_CONTEXT(2) 
PARAMETRIC_REPRESENTATION_CONTEXT() REPRESENTATION_CONTEXT('2D SPACE',''
  ) );
#4416 = PCURVE('',#4417,#4422);
#4417 = PLANE('',#4418);
#4418 = AXIS2_PLACEMENT_3D('',#4419,#4420,#4421);
#4419 = CARTESIAN_POINT('',(-3.754255956844,-0.460045850785,5.));
#4420 = DIRECTION('',(0.348572047322,0.937281989492,-6.137144032755E-17)
  );
#4421 = DIRECTION('',(-0.937281989492,0.348572047322,-3.869927126774E-17
    ));
#4422 = DEFINITIONAL_REPRESENTATION('',(#4423),#4427);
#4423 = LINE('',#4424,#4425);
#4424 = CARTESIAN_POINT('',(-5.101297604831,-4.5));
#4425 = VECTOR('',#4426,1.);
#4426 = DIRECTION('',(1.,-1.14783938833E-16));
#4427 = ( GEOMETRIC_REPRESENTATION_CONTEXT(2) 
PARAMETRIC_REPRESENTATION_CONTEXT() REPRESENTATION_CONTEXT('2D SPACE',''
  ) );
#4428 = ORIENTED_EDGE('',*,*,#4429,.T.);
#4429 = EDGE_CURVE('',#4402,#4430,#4432,.T.);
#4430 = VERTEX_POINT('',#4431);
#4431 = CARTESIAN_POINT('',(-4.32987533474,-0.846425685556,0.5));
#4432 = SURFACE_CURVE('',#4433,(#4438,#4445),.PCURVE_S1.);
#4433 = CIRCLE('',#4434,6.);
#4434 = AXIS2_PLACEMENT_3D('',#4435,#4436,#4437);
#4435 = CARTESIAN_POINT('',(5.510910596163E-16,-5.,0.5));
#4436 = DIRECTION('',(-1.224646799147E-16,1.110223024625E-16,1.));
#4437 = DIRECTION('',(-1.,-1.359631073447E-32,-1.224646799147E-16));
#4438 = PCURVE('',#402,#4439);
#4439 = DEFINITIONAL_REPRESENTATION('',(#4440),#4444);
#4440 = CIRCLE('',#4441,6.);
#4441 = AXIS2_PLACEMENT_2D('',#4442,#4443);
#4442 = CARTESIAN_POINT('',(-5.510910596163E-16,0.));
#4443 = DIRECTION('',(1.,0.));
#4444 = ( GEOMETRIC_REPRESENTATION_CONTEXT(2) 
PARAMETRIC_REPRESENTATION_CONTEXT() REPRESENTATION_CONTEXT('2D SPACE',''
  ) );
#4445 = PCURVE('',#4446,#4451);
#4446 = CYLINDRICAL_SURFACE('',#4447,6.);
#4447 = AXIS2_PLACEMENT_3D('',#4448,#4449,#4450);
#4448 = CARTESIAN_POINT('',(0.,-5.,5.));
#4449 = DIRECTION('',(-1.224646799147E-16,1.110223024625E-16,1.));
#4450 = DIRECTION('',(-1.,-1.359631073447E-32,-1.224646799147E-16));
#4451 = DEFINITIONAL_REPRESENTATION('',(#4452),#4456);
#4452 = LINE('',#4453,#4454);
#4453 = CARTESIAN_POINT('',(0.,-4.5));
#4454 = VECTOR('',#4455,1.);
#4455 = DIRECTION('',(1.,0.));
#4456 = ( GEOMETRIC_REPRESENTATION_CONTEXT(2) 
PARAMETRIC_REPRESENTATION_CONTEXT() REPRESENTATION_CONTEXT('2D SPACE',''
  ) );
#4457 = ORIENTED_EDGE('',*,*,#4458,.T.);
#4458 = EDGE_CURVE('',#4430,#4459,#4461,.T.);
#4459 = VERTEX_POINT('',#4460);
#4460 = CARTESIAN_POINT('',(-4.293659661037,-0.96637778397,0.5));
#4461 = SURFACE_CURVE('',#4462,(#4466,#4473),.PCURVE_S1.);
#4462 = LINE('',#4463,#4464);
#4463 = CARTESIAN_POINT('',(-2.818883772952,-5.851071188223,0.5));
#4464 = VECTOR('',#4465,1.);
#4465 = DIRECTION('',(0.289031796944,-0.957319497532,1.416800013063E-16)
  );
#4466 = PCURVE('',#402,#4467);
#4467 = DEFINITIONAL_REPRESENTATION('',(#4468),#4472);
#4468 = LINE('',#4469,#4470);
#4469 = CARTESIAN_POINT('',(2.818883772952,0.851071188223));
#4470 = VECTOR('',#4471,1.);
#4471 = DIRECTION('',(-0.289031796944,0.957319497532));
#4472 = ( GEOMETRIC_REPRESENTATION_CONTEXT(2) 
PARAMETRIC_REPRESENTATION_CONTEXT() REPRESENTATION_CONTEXT('2D SPACE',''
  ) );
#4473 = PCURVE('',#4474,#4479);
#4474 = PLANE('',#4475);
#4475 = AXIS2_PLACEMENT_3D('',#4476,#4477,#4478);
#4476 = CARTESIAN_POINT('',(-4.293659661037,-0.96637778397,5.));
#4477 = DIRECTION('',(-0.957319497532,-0.289031796944,
    -8.514885025974E-17));
#4478 = DIRECTION('',(0.289031796944,-0.957319497532,1.062838148083E-16)
  );
#4479 = DEFINITIONAL_REPRESENTATION('',(#4480),#4484);
#4480 = LINE('',#4481,#4482);
#4481 = CARTESIAN_POINT('',(5.102469360382,-4.5));
#4482 = VECTOR('',#4483,1.);
#4483 = DIRECTION('',(1.,3.539618649799E-17));
#4484 = ( GEOMETRIC_REPRESENTATION_CONTEXT(2) 
PARAMETRIC_REPRESENTATION_CONTEXT() REPRESENTATION_CONTEXT('2D SPACE',''
  ) );
#4485 = ORIENTED_EDGE('',*,*,#4486,.T.);
#4486 = EDGE_CURVE('',#4459,#4487,#4489,.T.);
#4487 = VERTEX_POINT('',#4488);
#4488 = CARTESIAN_POINT('',(-4.415676411191,-0.937759013592,0.5));
#4489 = SURFACE_CURVE('',#4490,(#4494,#4501),.PCURVE_S1.);
#4490 = LINE('',#4491,#4492);
#4491 = CARTESIAN_POINT('',(0.672856064304,-2.131263530726,0.5));
#4492 = VECTOR('',#4493,1.);
#4493 = DIRECTION('',(-0.973578902873,0.228350870111,-1.445810680811E-16
    ));
#4494 = PCURVE('',#402,#4495);
#4495 = DEFINITIONAL_REPRESENTATION('',(#4496),#4500);
#4496 = LINE('',#4497,#4498);
#4497 = CARTESIAN_POINT('',(-0.672856064304,-2.868736469274));
#4498 = VECTOR('',#4499,1.);
#4499 = DIRECTION('',(0.973578902873,-0.228350870111));
#4500 = ( GEOMETRIC_REPRESENTATION_CONTEXT(2) 
PARAMETRIC_REPRESENTATION_CONTEXT() REPRESENTATION_CONTEXT('2D SPACE',''
  ) );
#4501 = PCURVE('',#4502,#4507);
#4502 = PLANE('',#4503);
#4503 = AXIS2_PLACEMENT_3D('',#4504,#4505,#4506);
#4504 = CARTESIAN_POINT('',(-4.293659661037,-0.96637778397,5.));
#4505 = DIRECTION('',(0.228350870111,0.973578902873,-8.012405520956E-17)
  );
#4506 = DIRECTION('',(-0.973578902873,0.228350870111,-2.5352039369E-17)
  );
#4507 = DEFINITIONAL_REPRESENTATION('',(#4508),#4512);
#4508 = LINE('',#4509,#4510);
#4509 = CARTESIAN_POINT('',(-5.101297604831,-4.5));
#4510 = VECTOR('',#4511,1.);
#4511 = DIRECTION('',(1.,-1.192290287121E-16));
#4512 = ( GEOMETRIC_REPRESENTATION_CONTEXT(2) 
PARAMETRIC_REPRESENTATION_CONTEXT() REPRESENTATION_CONTEXT('2D SPACE',''
  ) );
#4513 = ORIENTED_EDGE('',*,*,#4514,.T.);
#4514 = EDGE_CURVE('',#4487,#4515,#4517,.T.);
#4515 = VERTEX_POINT('',#4516);
#4516 = CARTESIAN_POINT('',(-4.816313874133,-1.421855136271,0.5));
#4517 = SURFACE_CURVE('',#4518,(#4523,#4530),.PCURVE_S1.);
#4518 = CIRCLE('',#4519,6.);
#4519 = AXIS2_PLACEMENT_3D('',#4520,#4521,#4522);
#4520 = CARTESIAN_POINT('',(5.510910596163E-16,-5.,0.5));
#4521 = DIRECTION('',(-1.224646799147E-16,1.110223024625E-16,1.));
#4522 = DIRECTION('',(-1.,-1.359631073447E-32,-1.224646799147E-16));
#4523 = PCURVE('',#402,#4524);
#4524 = DEFINITIONAL_REPRESENTATION('',(#4525),#4529);
#4525 = CIRCLE('',#4526,6.);
#4526 = AXIS2_PLACEMENT_2D('',#4527,#4528);
#4527 = CARTESIAN_POINT('',(-5.510910596163E-16,0.));
#4528 = DIRECTION('',(1.,0.));
#4529 = ( GEOMETRIC_REPRESENTATION_CONTEXT(2) 
PARAMETRIC_REPRESENTATION_CONTEXT() REPRESENTATION_CONTEXT('2D SPACE',''
  ) );
#4530 = PCURVE('',#4531,#4536);
#4531 = CYLINDRICAL_SURFACE('',#4532,6.);
#4532 = AXIS2_PLACEMENT_3D('',#4533,#4534,#4535);
#4533 = CARTESIAN_POINT('',(0.,-5.,5.));
#4534 = DIRECTION('',(-1.224646799147E-16,1.110223024625E-16,1.));
#4535 = DIRECTION('',(-1.,-1.359631073447E-32,-1.224646799147E-16));
#4536 = DEFINITIONAL_REPRESENTATION('',(#4537),#4541);
#4537 = LINE('',#4538,#4539);
#4538 = CARTESIAN_POINT('',(0.,-4.5));
#4539 = VECTOR('',#4540,1.);
#4540 = DIRECTION('',(1.,0.));
#4541 = ( GEOMETRIC_REPRESENTATION_CONTEXT(2) 
PARAMETRIC_REPRESENTATION_CONTEXT() REPRESENTATION_CONTEXT('2D SPACE',''
  ) );
#4542 = ORIENTED_EDGE('',*,*,#4543,.T.);
#4543 = EDGE_CURVE('',#4515,#4544,#4546,.T.);
#4544 = VERTEX_POINT('',#4545);
#4545 = CARTESIAN_POINT('',(-4.765349787468,-1.53632234907,0.5));
#4546 = SURFACE_CURVE('',#4547,(#4551,#4558),.PCURVE_S1.);
#4547 = LINE('',#4548,#4549);
#4548 = CARTESIAN_POINT('',(-2.689988528429,-6.197660056007,0.5));
#4549 = VECTOR('',#4550,1.);
#4550 = DIRECTION('',(0.406736643076,-0.913545457643,1.512347929155E-16)
  );
#4551 = PCURVE('',#402,#4552);
#4552 = DEFINITIONAL_REPRESENTATION('',(#4553),#4557);
#4553 = LINE('',#4554,#4555);
#4554 = CARTESIAN_POINT('',(2.689988528429,1.197660056007));
#4555 = VECTOR('',#4556,1.);
#4556 = DIRECTION('',(-0.406736643076,0.913545457643));
#4557 = ( GEOMETRIC_REPRESENTATION_CONTEXT(2) 
PARAMETRIC_REPRESENTATION_CONTEXT() REPRESENTATION_CONTEXT('2D SPACE',''
  ) );
#4558 = PCURVE('',#4559,#4564);
#4559 = PLANE('',#4560);
#4560 = AXIS2_PLACEMENT_3D('',#4561,#4562,#4563);
#4561 = CARTESIAN_POINT('',(-4.765349787468,-1.53632234907,5.));
#4562 = DIRECTION('',(-0.913545457643,-0.406736643076,
    -6.672021344761E-17));
#4563 = DIRECTION('',(0.406736643076,-0.913545457643,1.014239201117E-16)
  );
#4564 = DEFINITIONAL_REPRESENTATION('',(#4565),#4569);
#4565 = LINE('',#4566,#4567);
#4566 = CARTESIAN_POINT('',(5.102469360382,-4.5));
#4567 = VECTOR('',#4568,1.);
#4568 = DIRECTION('',(1.,4.981087280387E-17));
#4569 = ( GEOMETRIC_REPRESENTATION_CONTEXT(2) 
PARAMETRIC_REPRESENTATION_CONTEXT() REPRESENTATION_CONTEXT('2D SPACE',''
  ) );
#4570 = ORIENTED_EDGE('',*,*,#4571,.T.);
#4571 = EDGE_CURVE('',#4544,#4572,#4574,.T.);
#4572 = VERTEX_POINT('',#4573);
#4573 = CARTESIAN_POINT('',(-4.889991282134,-1.523222000091,0.5));
#4574 = SURFACE_CURVE('',#4575,(#4579,#4586),.PCURVE_S1.);
#4575 = LINE('',#4576,#4577);
#4576 = CARTESIAN_POINT('',(0.308002375327,-2.069553148374,0.5));
#4577 = VECTOR('',#4578,1.);
#4578 = DIRECTION('',(-0.994521895368,0.104528463268,-1.333987962493E-16
    ));
#4579 = PCURVE('',#402,#4580);
#4580 = DEFINITIONAL_REPRESENTATION('',(#4581),#4585);
#4581 = LINE('',#4582,#4583);
#4582 = CARTESIAN_POINT('',(-0.308002375327,-2.930446851626));
#4583 = VECTOR('',#4584,1.);
#4584 = DIRECTION('',(0.994521895368,-0.104528463268));
#4585 = ( GEOMETRIC_REPRESENTATION_CONTEXT(2) 
PARAMETRIC_REPRESENTATION_CONTEXT() REPRESENTATION_CONTEXT('2D SPACE',''
  ) );
#4586 = PCURVE('',#4587,#4592);
#4587 = PLANE('',#4588);
#4588 = AXIS2_PLACEMENT_3D('',#4589,#4590,#4591);
#4589 = CARTESIAN_POINT('',(-4.765349787468,-1.53632234907,5.));
#4590 = DIRECTION('',(0.104528463268,0.994521895368,-9.761306587712E-17)
  );
#4591 = DIRECTION('',(-0.994521895368,0.104528463268,-1.160499066484E-17
    ));
#4592 = DEFINITIONAL_REPRESENTATION('',(#4593),#4597);
#4593 = LINE('',#4594,#4595);
#4594 = CARTESIAN_POINT('',(-5.101297604831,-4.5));
#4595 = VECTOR('',#4596,1.);
#4596 = DIRECTION('',(1.,-1.217938055845E-16));
#4597 = ( GEOMETRIC_REPRESENTATION_CONTEXT(2) 
PARAMETRIC_REPRESENTATION_CONTEXT() REPRESENTATION_CONTEXT('2D SPACE',''
  ) );
#4598 = ORIENTED_EDGE('',*,*,#4599,.T.);
#4599 = EDGE_CURVE('',#4572,#4600,#4602,.T.);
#4600 = VERTEX_POINT('',#4601);
#4601 = CARTESIAN_POINT('',(-5.226796266605,-2.053714068967,0.5));
#4602 = SURFACE_CURVE('',#4603,(#4608,#4615),.PCURVE_S1.);
#4603 = CIRCLE('',#4604,6.);
#4604 = AXIS2_PLACEMENT_3D('',#4605,#4606,#4607);
#4605 = CARTESIAN_POINT('',(5.510910596163E-16,-5.,0.5));
#4606 = DIRECTION('',(-1.224646799147E-16,1.110223024625E-16,1.));
#4607 = DIRECTION('',(-1.,-1.359631073447E-32,-1.224646799147E-16));
#4608 = PCURVE('',#402,#4609);
#4609 = DEFINITIONAL_REPRESENTATION('',(#4610),#4614);
#4610 = CIRCLE('',#4611,6.);
#4611 = AXIS2_PLACEMENT_2D('',#4612,#4613);
#4612 = CARTESIAN_POINT('',(-5.510910596163E-16,0.));
#4613 = DIRECTION('',(1.,0.));
#4614 = ( GEOMETRIC_REPRESENTATION_CONTEXT(2) 
PARAMETRIC_REPRESENTATION_CONTEXT() REPRESENTATION_CONTEXT('2D SPACE',''
  ) );
#4615 = PCURVE('',#4616,#4621);
#4616 = CYLINDRICAL_SURFACE('',#4617,6.);
#4617 = AXIS2_PLACEMENT_3D('',#4618,#4619,#4620);
#4618 = CARTESIAN_POINT('',(0.,-5.,5.));
#4619 = DIRECTION('',(-1.224646799147E-16,1.110223024625E-16,1.));
#4620 = DIRECTION('',(-1.,-1.359631073447E-32,-1.224646799147E-16));
#4621 = DEFINITIONAL_REPRESENTATION('',(#4622),#4626);
#4622 = LINE('',#4623,#4624);
#4623 = CARTESIAN_POINT('',(0.,-4.5));
#4624 = VECTOR('',#4625,1.);
#4625 = DIRECTION('',(1.,0.));
#4626 = ( GEOMETRIC_REPRESENTATION_CONTEXT(2) 
PARAMETRIC_REPRESENTATION_CONTEXT() REPRESENTATION_CONTEXT('2D SPACE',''
  ) );
#4627 = ORIENTED_EDGE('',*,*,#4628,.T.);
#4628 = EDGE_CURVE('',#4600,#4629,#4631,.T.);
#4629 = VERTEX_POINT('',#4630);
#4630 = CARTESIAN_POINT('',(-5.161887501068,-2.160891179826,0.5));
#4631 = SURFACE_CURVE('',#4632,(#4636,#4643),.PCURVE_S1.);
#4632 = LINE('',#4633,#4634);
#4633 = CARTESIAN_POINT('',(-2.518670557891,-6.525361109261,0.5));
#4634 = VECTOR('',#4635,1.);
#4635 = DIRECTION('',(0.518027009373,-0.855364260161,1.584045214972E-16)
  );
#4636 = PCURVE('',#402,#4637);
#4637 = DEFINITIONAL_REPRESENTATION('',(#4638),#4642);
#4638 = LINE('',#4639,#4640);
#4639 = CARTESIAN_POINT('',(2.518670557891,1.525361109261));
#4640 = VECTOR('',#4641,1.);
#4641 = DIRECTION('',(-0.518027009373,0.855364260161));
#4642 = ( GEOMETRIC_REPRESENTATION_CONTEXT(2) 
PARAMETRIC_REPRESENTATION_CONTEXT() REPRESENTATION_CONTEXT('2D SPACE',''
  ) );
#4643 = PCURVE('',#4644,#4649);
#4644 = PLANE('',#4645);
#4645 = AXIS2_PLACEMENT_3D('',#4646,#4647,#4648);
#4646 = CARTESIAN_POINT('',(-5.161887501068,-2.160891179826,5.));
#4647 = DIRECTION('',(-0.855364260161,-0.518027009373,
    -4.723935901268E-17));
#4648 = DIRECTION('',(0.518027009373,-0.855364260161,9.496450960716E-17)
  );
#4649 = DEFINITIONAL_REPRESENTATION('',(#4650),#4654);
#4650 = LINE('',#4651,#4652);
#4651 = CARTESIAN_POINT('',(5.102469360382,-4.5));
#4652 = VECTOR('',#4653,1.);
#4653 = DIRECTION('',(1.,6.344001189007E-17));
#4654 = ( GEOMETRIC_REPRESENTATION_CONTEXT(2) 
PARAMETRIC_REPRESENTATION_CONTEXT() REPRESENTATION_CONTEXT('2D SPACE',''
  ) );
#4655 = ORIENTED_EDGE('',*,*,#4656,.T.);
#4656 = EDGE_CURVE('',#4629,#4657,#4659,.T.);
#4657 = VERTEX_POINT('',#4658);
#4658 = CARTESIAN_POINT('',(-5.287188069419,-2.163515852574,0.5));
#4659 = SURFACE_CURVE('',#4660,(#4664,#4671),.PCURVE_S1.);
#4660 = LINE('',#4661,#4662);
#4661 = CARTESIAN_POINT('',(-6.170869510111E-02,-2.054057663436,0.5));
#4662 = VECTOR('',#4663,1.);
#4663 = DIRECTION('',(-0.999780683475,-2.094241988337E-02,
    -1.201127457121E-16));
#4664 = PCURVE('',#402,#4665);
#4665 = DEFINITIONAL_REPRESENTATION('',(#4666),#4670);
#4666 = LINE('',#4667,#4668);
#4667 = CARTESIAN_POINT('',(6.170869510111E-02,-2.945942336564));
#4668 = VECTOR('',#4669,1.);
#4669 = DIRECTION('',(0.999780683475,2.094241988337E-02));
#4670 = ( GEOMETRIC_REPRESENTATION_CONTEXT(2) 
PARAMETRIC_REPRESENTATION_CONTEXT() REPRESENTATION_CONTEXT('2D SPACE',''
  ) );
#4671 = PCURVE('',#4672,#4677);
#4672 = PLANE('',#4673);
#4673 = AXIS2_PLACEMENT_3D('',#4674,#4675,#4676);
#4674 = CARTESIAN_POINT('',(-5.161887501068,-2.160891179826,5.));
#4675 = DIRECTION('',(-2.094241988337E-02,0.999780683475,
    -1.135626601846E-16));
#4676 = DIRECTION('',(-0.999780683475,-2.094241988337E-02,
    2.325075674589E-18));
#4677 = DEFINITIONAL_REPRESENTATION('',(#4678),#4682);
#4678 = LINE('',#4679,#4680);
#4679 = CARTESIAN_POINT('',(-5.101297604831,-4.5));
#4680 = VECTOR('',#4681,1.);
#4681 = DIRECTION('',(1.,-1.224378213867E-16));
#4682 = ( GEOMETRIC_REPRESENTATION_CONTEXT(2) 
PARAMETRIC_REPRESENTATION_CONTEXT() REPRESENTATION_CONTEXT('2D SPACE',''
  ) );
#4683 = ORIENTED_EDGE('',*,*,#4684,.T.);
#4684 = EDGE_CURVE('',#4657,#4685,#4687,.T.);
#4685 = VERTEX_POINT('',#4686);
#4686 = CARTESIAN_POINT('',(-5.554848959616,-2.732037690822,0.5));
#4687 = SURFACE_CURVE('',#4688,(#4693,#4700),.PCURVE_S1.);
#4688 = CIRCLE('',#4689,6.);
#4689 = AXIS2_PLACEMENT_3D('',#4690,#4691,#4692);
#4690 = CARTESIAN_POINT('',(5.510910596163E-16,-5.,0.5));
#4691 = DIRECTION('',(-1.224646799147E-16,1.110223024625E-16,1.));
#4692 = DIRECTION('',(-1.,-1.359631073447E-32,-1.224646799147E-16));
#4693 = PCURVE('',#402,#4694);
#4694 = DEFINITIONAL_REPRESENTATION('',(#4695),#4699);
#4695 = CIRCLE('',#4696,6.);
#4696 = AXIS2_PLACEMENT_2D('',#4697,#4698);
#4697 = CARTESIAN_POINT('',(-5.510910596163E-16,0.));
#4698 = DIRECTION('',(1.,0.));
#4699 = ( GEOMETRIC_REPRESENTATION_CONTEXT(2) 
PARAMETRIC_REPRESENTATION_CONTEXT() REPRESENTATION_CONTEXT('2D SPACE',''
  ) );
#4700 = PCURVE('',#4701,#4706);
#4701 = CYLINDRICAL_SURFACE('',#4702,6.);
#4702 = AXIS2_PLACEMENT_3D('',#4703,#4704,#4705);
#4703 = CARTESIAN_POINT('',(0.,-5.,5.));
#4704 = DIRECTION('',(-1.224646799147E-16,1.110223024625E-16,1.));
#4705 = DIRECTION('',(-1.,-1.359631073447E-32,-1.224646799147E-16));
#4706 = DEFINITIONAL_REPRESENTATION('',(#4707),#4711);
#4707 = LINE('',#4708,#4709);
#4708 = CARTESIAN_POINT('',(0.,-4.5));
#4709 = VECTOR('',#4710,1.);
#4710 = DIRECTION('',(1.,0.));
#4711 = ( GEOMETRIC_REPRESENTATION_CONTEXT(2) 
PARAMETRIC_REPRESENTATION_CONTEXT() REPRESENTATION_CONTEXT('2D SPACE',''
  ) );
#4712 = ORIENTED_EDGE('',*,*,#4713,.T.);
#4713 = EDGE_CURVE('',#4685,#4714,#4716,.T.);
#4714 = VERTEX_POINT('',#4715);
#4715 = CARTESIAN_POINT('',(-5.477019165214,-2.830234452678,0.5));
#4716 = SURFACE_CURVE('',#4717,(#4721,#4728),.PCURVE_S1.);
#4717 = LINE('',#4718,#4719);
#4718 = CARTESIAN_POINT('',(-2.307631648075,-6.829006306615,0.5));
#4719 = VECTOR('',#4720,1.);
#4720 = DIRECTION('',(0.621147780278,-0.783693457326,1.630761161487E-16)
  );
#4721 = PCURVE('',#402,#4722);
#4722 = DEFINITIONAL_REPRESENTATION('',(#4723),#4727);
#4723 = LINE('',#4724,#4725);
#4724 = CARTESIAN_POINT('',(2.307631648075,1.829006306615));
#4725 = VECTOR('',#4726,1.);
#4726 = DIRECTION('',(-0.621147780278,0.783693457326));
#4727 = ( GEOMETRIC_REPRESENTATION_CONTEXT(2) 
PARAMETRIC_REPRESENTATION_CONTEXT() REPRESENTATION_CONTEXT('2D SPACE',''
  ) );
#4728 = PCURVE('',#4729,#4734);
#4729 = PLANE('',#4730);
#4730 = AXIS2_PLACEMENT_3D('',#4731,#4732,#4733);
#4731 = CARTESIAN_POINT('',(-5.477019165214,-2.830234452678,5.));
#4732 = DIRECTION('',(-0.783693457326,-0.621147780278,-2.70135116667E-17
    ));
#4733 = DIRECTION('',(0.621147780278,-0.783693457326,8.700745205712E-17)
  );
#4734 = DEFINITIONAL_REPRESENTATION('',(#4735),#4739);
#4735 = LINE('',#4736,#4737);
#4736 = CARTESIAN_POINT('',(5.102469360382,-4.5));
#4737 = VECTOR('',#4738,1.);
#4738 = DIRECTION('',(1.,7.606866409153E-17));
#4739 = ( GEOMETRIC_REPRESENTATION_CONTEXT(2) 
PARAMETRIC_REPRESENTATION_CONTEXT() REPRESENTATION_CONTEXT('2D SPACE',''
  ) );
#4740 = ORIENTED_EDGE('',*,*,#4741,.T.);
#4741 = EDGE_CURVE('',#4714,#4742,#4744,.T.);
#4742 = VERTEX_POINT('',#4743);
#4743 = CARTESIAN_POINT('',(-5.601002742435,-2.848542754496,0.5));
#4744 = SURFACE_CURVE('',#4745,(#4749,#4756),.PCURVE_S1.);
#4745 = LINE('',#4746,#4747);
#4746 = CARTESIAN_POINT('',(-0.430446582544,-2.085021448966,0.5));
#4747 = VECTOR('',#4748,1.);
#4748 = DIRECTION('',(-0.989272332963,-0.146083028562,
    -1.049324454231E-16));
#4749 = PCURVE('',#402,#4750);
#4750 = DEFINITIONAL_REPRESENTATION('',(#4751),#4755);
#4751 = LINE('',#4752,#4753);
#4752 = CARTESIAN_POINT('',(0.430446582544,-2.914978551034));
#4753 = VECTOR('',#4754,1.);
#4754 = DIRECTION('',(0.989272332963,0.146083028562));
#4755 = ( GEOMETRIC_REPRESENTATION_CONTEXT(2) 
PARAMETRIC_REPRESENTATION_CONTEXT() REPRESENTATION_CONTEXT('2D SPACE',''
  ) );
#4756 = PCURVE('',#4757,#4762);
#4757 = PLANE('',#4758);
#4758 = AXIS2_PLACEMENT_3D('',#4759,#4760,#4761);
#4759 = CARTESIAN_POINT('',(-5.477019165214,-2.830234452678,5.));
#4760 = DIRECTION('',(-0.146083028562,0.989272332963,-1.277213035019E-16
    ));
#4761 = DIRECTION('',(-0.989272332963,-0.146083028562,1.62184741817E-17)
  );
#4762 = DEFINITIONAL_REPRESENTATION('',(#4763),#4767);
#4763 = LINE('',#4764,#4765);
#4764 = CARTESIAN_POINT('',(-5.101297604831,-4.5));
#4765 = VECTOR('',#4766,1.);
#4766 = DIRECTION('',(1.,-1.211509196048E-16));
#4767 = ( GEOMETRIC_REPRESENTATION_CONTEXT(2) 
PARAMETRIC_REPRESENTATION_CONTEXT() REPRESENTATION_CONTEXT('2D SPACE',''
  ) );
#4768 = ORIENTED_EDGE('',*,*,#4769,.T.);
#4769 = EDGE_CURVE('',#4742,#4770,#4772,.T.);
#4770 = VERTEX_POINT('',#4771);
#4771 = CARTESIAN_POINT('',(-5.795298366228,-3.446128433107,0.5));
#4772 = SURFACE_CURVE('',#4773,(#4778,#4785),.PCURVE_S1.);
#4773 = CIRCLE('',#4774,6.);
#4774 = AXIS2_PLACEMENT_3D('',#4775,#4776,#4777);
#4775 = CARTESIAN_POINT('',(5.510910596163E-16,-5.,0.5));
#4776 = DIRECTION('',(-1.224646799147E-16,1.110223024625E-16,1.));
#4777 = DIRECTION('',(-1.,-1.359631073447E-32,-1.224646799147E-16));
#4778 = PCURVE('',#402,#4779);
#4779 = DEFINITIONAL_REPRESENTATION('',(#4780),#4784);
#4780 = CIRCLE('',#4781,6.);
#4781 = AXIS2_PLACEMENT_2D('',#4782,#4783);
#4782 = CARTESIAN_POINT('',(-5.510910596163E-16,0.));
#4783 = DIRECTION('',(1.,0.));
#4784 = ( GEOMETRIC_REPRESENTATION_CONTEXT(2) 
PARAMETRIC_REPRESENTATION_CONTEXT() REPRESENTATION_CONTEXT('2D SPACE',''
  ) );
#4785 = PCURVE('',#4786,#4791);
#4786 = CYLINDRICAL_SURFACE('',#4787,6.);
#4787 = AXIS2_PLACEMENT_3D('',#4788,#4789,#4790);
#4788 = CARTESIAN_POINT('',(0.,-5.,5.));
#4789 = DIRECTION('',(-1.224646799147E-16,1.110223024625E-16,1.));
#4790 = DIRECTION('',(-1.,-1.359631073447E-32,-1.224646799147E-16));
#4791 = DEFINITIONAL_REPRESENTATION('',(#4792),#4796);
#4792 = LINE('',#4793,#4794);
#4793 = CARTESIAN_POINT('',(0.,-4.5));
#4794 = VECTOR('',#4795,1.);
#4795 = DIRECTION('',(1.,0.));
#4796 = ( GEOMETRIC_REPRESENTATION_CONTEXT(2) 
PARAMETRIC_REPRESENTATION_CONTEXT() REPRESENTATION_CONTEXT('2D SPACE',''
  ) );
#4797 = ORIENTED_EDGE('',*,*,#4798,.T.);
#4798 = EDGE_CURVE('',#4770,#4799,#4801,.T.);
#4799 = VERTEX_POINT('',#4800);
#4800 = CARTESIAN_POINT('',(-5.705774965313,-3.533796224366,0.5));
#4801 = SURFACE_CURVE('',#4802,(#4806,#4813),.PCURVE_S1.);
#4802 = LINE('',#4803,#4804);
#4803 = CARTESIAN_POINT('',(-2.060200008656,-7.103806981918,0.5));
#4804 = VECTOR('',#4805,1.);
#4805 = DIRECTION('',(0.714472679633,-0.699663340513,1.651759030315E-16)
  );
#4806 = PCURVE('',#402,#4807);
#4807 = DEFINITIONAL_REPRESENTATION('',(#4808),#4812);
#4808 = LINE('',#4809,#4810);
#4809 = CARTESIAN_POINT('',(2.060200008656,2.103806981918));
#4810 = VECTOR('',#4811,1.);
#4811 = DIRECTION('',(-0.714472679633,0.699663340513));
#4812 = ( GEOMETRIC_REPRESENTATION_CONTEXT(2) 
PARAMETRIC_REPRESENTATION_CONTEXT() REPRESENTATION_CONTEXT('2D SPACE',''
  ) );
#4813 = PCURVE('',#4814,#4819);
#4814 = PLANE('',#4815);
#4815 = AXIS2_PLACEMENT_3D('',#4816,#4817,#4818);
#4816 = CARTESIAN_POINT('',(-5.705774965313,-3.533796224366,5.));
#4817 = DIRECTION('',(-0.699663340513,-0.714472679633,
    -6.361645104644E-18));
#4818 = DIRECTION('',(0.714472679633,-0.699663340513,7.767823501241E-17)
  );
#4819 = DEFINITIONAL_REPRESENTATION('',(#4820),#4824);
#4820 = LINE('',#4821,#4822);
#4821 = CARTESIAN_POINT('',(5.102469360382,-4.5));
#4822 = VECTOR('',#4823,1.);
#4823 = DIRECTION('',(1.,8.749766801906E-17));
#4824 = ( GEOMETRIC_REPRESENTATION_CONTEXT(2) 
PARAMETRIC_REPRESENTATION_CONTEXT() REPRESENTATION_CONTEXT('2D SPACE',''
  ) );
#4825 = ORIENTED_EDGE('',*,*,#4826,.T.);
#4826 = EDGE_CURVE('',#4799,#4827,#4829,.T.);
#4827 = VERTEX_POINT('',#4828);
#4828 = CARTESIAN_POINT('',(-5.826486256327,-3.567499422398,0.5));
#4829 = SURFACE_CURVE('',#4830,(#4834,#4841),.PCURVE_S1.);
#4830 = LINE('',#4831,#4832);
#4831 = CARTESIAN_POINT('',(-0.792396070244,-2.16195618757,0.5));
#4832 = VECTOR('',#4833,1.);
#4833 = DIRECTION('',(-0.963162566798,-0.268919820615,
    -8.809729778621E-17));
#4834 = PCURVE('',#402,#4835);
#4835 = DEFINITIONAL_REPRESENTATION('',(#4836),#4840);
#4836 = LINE('',#4837,#4838);
#4837 = CARTESIAN_POINT('',(0.792396070244,-2.83804381243));
#4838 = VECTOR('',#4839,1.);
#4839 = DIRECTION('',(0.963162566798,0.268919820615));
#4840 = ( GEOMETRIC_REPRESENTATION_CONTEXT(2) 
PARAMETRIC_REPRESENTATION_CONTEXT() REPRESENTATION_CONTEXT('2D SPACE',''
  ) );
#4841 = PCURVE('',#4842,#4847);
#4842 = PLANE('',#4843);
#4843 = AXIS2_PLACEMENT_3D('',#4844,#4845,#4846);
#4844 = CARTESIAN_POINT('',(-5.705774965313,-3.533796224366,5.));
#4845 = DIRECTION('',(-0.268919820615,0.963162566798,-1.39865705566E-16)
  );
#4846 = DIRECTION('',(-0.963162566798,-0.268919820615,2.985609766252E-17
    ));
#4847 = DEFINITIONAL_REPRESENTATION('',(#4848),#4852);
#4848 = LINE('',#4849,#4850);
#4849 = CARTESIAN_POINT('',(-5.101297604831,-4.5));
#4850 = VECTOR('',#4851,1.);
#4851 = DIRECTION('',(1.,-1.179533954487E-16));
#4852 = ( GEOMETRIC_REPRESENTATION_CONTEXT(2) 
PARAMETRIC_REPRESENTATION_CONTEXT() REPRESENTATION_CONTEXT('2D SPACE',''
  ) );
#4853 = ORIENTED_EDGE('',*,*,#4854,.T.);
#4854 = EDGE_CURVE('',#4827,#632,#4855,.T.);
#4855 = SURFACE_CURVE('',#4856,(#4861,#4868),.PCURVE_S1.);
#4856 = CIRCLE('',#4857,6.);
#4857 = AXIS2_PLACEMENT_3D('',#4858,#4859,#4860);
#4858 = CARTESIAN_POINT('',(5.510910596163E-16,-5.,0.5));
#4859 = DIRECTION('',(-1.224646799147E-16,1.110223024625E-16,1.));
#4860 = DIRECTION('',(-1.,-1.359631073447E-32,-1.224646799147E-16));
#4861 = PCURVE('',#402,#4862);
#4862 = DEFINITIONAL_REPRESENTATION('',(#4863),#4867);
#4863 = CIRCLE('',#4864,6.);
#4864 = AXIS2_PLACEMENT_2D('',#4865,#4866);
#4865 = CARTESIAN_POINT('',(-5.510910596163E-16,0.));
#4866 = DIRECTION('',(1.,0.));
#4867 = ( GEOMETRIC_REPRESENTATION_CONTEXT(2) 
PARAMETRIC_REPRESENTATION_CONTEXT() REPRESENTATION_CONTEXT('2D SPACE',''
  ) );
#4868 = PCURVE('',#4869,#4874);
#4869 = CYLINDRICAL_SURFACE('',#4870,6.);
#4870 = AXIS2_PLACEMENT_3D('',#4871,#4872,#4873);
#4871 = CARTESIAN_POINT('',(0.,-5.,5.));
#4872 = DIRECTION('',(-1.224646799147E-16,1.110223024625E-16,1.));
#4873 = DIRECTION('',(-1.,-1.359631073447E-32,-1.224646799147E-16));
#4874 = DEFINITIONAL_REPRESENTATION('',(#4875),#4879);
#4875 = LINE('',#4876,#4877);
#4876 = CARTESIAN_POINT('',(0.,-4.5));
#4877 = VECTOR('',#4878,1.);
#4878 = DIRECTION('',(1.,0.));
#4879 = ( GEOMETRIC_REPRESENTATION_CONTEXT(2) 
PARAMETRIC_REPRESENTATION_CONTEXT() REPRESENTATION_CONTEXT('2D SPACE',''
  ) );
#4880 = ADVANCED_FACE('',(#4881),#706,.T.);
#4881 = FACE_BOUND('',#4882,.T.);
#4882 = EDGE_LOOP('',(#4883,#4884,#4907,#4935));
#4883 = ORIENTED_EDGE('',*,*,#689,.F.);
#4884 = ORIENTED_EDGE('',*,*,#4885,.T.);
#4885 = EDGE_CURVE('',#662,#4886,#4888,.T.);
#4886 = VERTEX_POINT('',#4887);
#4887 = CARTESIAN_POINT('',(-5.960082601383,-4.309047480143,-2.));
#4888 = SURFACE_CURVE('',#4889,(#4893,#4900),.PCURVE_S1.);
#4889 = LINE('',#4890,#4891);
#4890 = CARTESIAN_POINT('',(-5.960082601383,-4.309047480143,5.));
#4891 = VECTOR('',#4892,1.);
#4892 = DIRECTION('',(1.224646799147E-16,-1.110223024625E-16,-1.));
#4893 = PCURVE('',#706,#4894);
#4894 = DEFINITIONAL_REPRESENTATION('',(#4895),#4899);
#4895 = LINE('',#4896,#4897);
#4896 = CARTESIAN_POINT('',(6.167770492439,0.));
#4897 = VECTOR('',#4898,1.);
#4898 = DIRECTION('',(0.,-1.));
#4899 = ( GEOMETRIC_REPRESENTATION_CONTEXT(2) 
PARAMETRIC_REPRESENTATION_CONTEXT() REPRESENTATION_CONTEXT('2D SPACE',''
  ) );
#4900 = PCURVE('',#677,#4901);
#4901 = DEFINITIONAL_REPRESENTATION('',(#4902),#4906);
#4902 = LINE('',#4903,#4904);
#4903 = CARTESIAN_POINT('',(0.125328054864,-5.391972943647E-18));
#4904 = VECTOR('',#4905,1.);
#4905 = DIRECTION('',(-1.128956757845E-16,-1.));
#4906 = ( GEOMETRIC_REPRESENTATION_CONTEXT(2) 
PARAMETRIC_REPRESENTATION_CONTEXT() REPRESENTATION_CONTEXT('2D SPACE',''
  ) );
#4907 = ORIENTED_EDGE('',*,*,#4908,.T.);
#4908 = EDGE_CURVE('',#4886,#4909,#4911,.T.);
#4909 = VERTEX_POINT('',#4910);
#4910 = CARTESIAN_POINT('',(-5.999660555884,-4.936178262535,-2.));
#4911 = SURFACE_CURVE('',#4912,(#4917,#4924),.PCURVE_S1.);
#4912 = CIRCLE('',#4913,6.);
#4913 = AXIS2_PLACEMENT_3D('',#4914,#4915,#4916);
#4914 = CARTESIAN_POINT('',(8.572527594031E-16,-5.,-2.));
#4915 = DIRECTION('',(-1.224646799147E-16,1.110223024625E-16,1.));
#4916 = DIRECTION('',(-1.,-1.359631073447E-32,-1.224646799147E-16));
#4917 = PCURVE('',#706,#4918);
#4918 = DEFINITIONAL_REPRESENTATION('',(#4919),#4923);
#4919 = LINE('',#4920,#4921);
#4920 = CARTESIAN_POINT('',(0.,-7.));
#4921 = VECTOR('',#4922,1.);
#4922 = DIRECTION('',(1.,0.));
#4923 = ( GEOMETRIC_REPRESENTATION_CONTEXT(2) 
PARAMETRIC_REPRESENTATION_CONTEXT() REPRESENTATION_CONTEXT('2D SPACE',''
  ) );
#4924 = PCURVE('',#338,#4925);
#4925 = DEFINITIONAL_REPRESENTATION('',(#4926),#4934);
#4926 = ( BOUNDED_CURVE() B_SPLINE_CURVE(2,(#4927,#4928,#4929,#4930,
#4931,#4932,#4933),.UNSPECIFIED.,.T.,.F.) B_SPLINE_CURVE_WITH_KNOTS((1,2
    ,2,2,2,1),(-2.094395102393,0.,2.094395102393,4.188790204786,
6.28318530718,8.377580409573),.UNSPECIFIED.) CURVE() 
GEOMETRIC_REPRESENTATION_ITEM() RATIONAL_B_SPLINE_CURVE((1.,0.5,1.,0.5,
1.,0.5,1.)) REPRESENTATION_ITEM('') );
#4927 = CARTESIAN_POINT('',(-6.,0.));
#4928 = CARTESIAN_POINT('',(-6.,10.392304845413));
#4929 = CARTESIAN_POINT('',(3.,5.196152422707));
#4930 = CARTESIAN_POINT('',(12.,1.469576158977E-15));
#4931 = CARTESIAN_POINT('',(3.,-5.196152422707));
#4932 = CARTESIAN_POINT('',(-6.,-10.39230484541));
#4933 = CARTESIAN_POINT('',(-6.,0.));
#4934 = ( GEOMETRIC_REPRESENTATION_CONTEXT(2) 
PARAMETRIC_REPRESENTATION_CONTEXT() REPRESENTATION_CONTEXT('2D SPACE',''
  ) );
#4935 = ORIENTED_EDGE('',*,*,#4936,.T.);
#4936 = EDGE_CURVE('',#4909,#690,#4937,.T.);
#4937 = SURFACE_CURVE('',#4938,(#4942,#4949),.PCURVE_S1.);
#4938 = LINE('',#4939,#4940);
#4939 = CARTESIAN_POINT('',(-5.999660555884,-4.936178262535,5.));
#4940 = VECTOR('',#4941,1.);
#4941 = DIRECTION('',(-1.224646799147E-16,1.110223024625E-16,1.));
#4942 = PCURVE('',#706,#4943);
#4943 = DEFINITIONAL_REPRESENTATION('',(#4944),#4948);
#4944 = LINE('',#4945,#4946);
#4945 = CARTESIAN_POINT('',(6.272548150339,0.));
#4946 = VECTOR('',#4947,1.);
#4947 = DIRECTION('',(0.,1.));
#4948 = ( GEOMETRIC_REPRESENTATION_CONTEXT(2) 
PARAMETRIC_REPRESENTATION_CONTEXT() REPRESENTATION_CONTEXT('2D SPACE',''
  ) );
#4949 = PCURVE('',#734,#4950);
#4950 = DEFINITIONAL_REPRESENTATION('',(#4951),#4955);
#4951 = LINE('',#4952,#4953);
#4952 = CARTESIAN_POINT('',(-0.12529996383,6.955545241411E-18));
#4953 = VECTOR('',#4954,1.);
#4954 = DIRECTION('',(-1.060575238725E-16,1.));
#4955 = ( GEOMETRIC_REPRESENTATION_CONTEXT(2) 
PARAMETRIC_REPRESENTATION_CONTEXT() REPRESENTATION_CONTEXT('2D SPACE',''
  ) );
#4956 = ADVANCED_FACE('',(#4957),#4869,.T.);
#4957 = FACE_BOUND('',#4958,.T.);
#4958 = EDGE_LOOP('',(#4959,#4989,#5010,#5011));
#4959 = ORIENTED_EDGE('',*,*,#4960,.T.);
#4960 = EDGE_CURVE('',#4961,#4963,#4965,.T.);
#4961 = VERTEX_POINT('',#4962);
#4962 = CARTESIAN_POINT('',(-5.826486256327,-3.567499422398,-2.));
#4963 = VERTEX_POINT('',#4964);
#4964 = CARTESIAN_POINT('',(-5.944352455661,-4.18472465824,-2.));
#4965 = SURFACE_CURVE('',#4966,(#4971,#4978),.PCURVE_S1.);
#4966 = CIRCLE('',#4967,6.);
#4967 = AXIS2_PLACEMENT_3D('',#4968,#4969,#4970);
#4968 = CARTESIAN_POINT('',(8.572527594031E-16,-5.,-2.));
#4969 = DIRECTION('',(-1.224646799147E-16,1.110223024625E-16,1.));
#4970 = DIRECTION('',(-1.,-1.359631073447E-32,-1.224646799147E-16));
#4971 = PCURVE('',#4869,#4972);
#4972 = DEFINITIONAL_REPRESENTATION('',(#4973),#4977);
#4973 = LINE('',#4974,#4975);
#4974 = CARTESIAN_POINT('',(0.,-7.));
#4975 = VECTOR('',#4976,1.);
#4976 = DIRECTION('',(1.,0.));
#4977 = ( GEOMETRIC_REPRESENTATION_CONTEXT(2) 
PARAMETRIC_REPRESENTATION_CONTEXT() REPRESENTATION_CONTEXT('2D SPACE',''
  ) );
#4978 = PCURVE('',#338,#4979);
#4979 = DEFINITIONAL_REPRESENTATION('',(#4980),#4988);
#4980 = ( BOUNDED_CURVE() B_SPLINE_CURVE(2,(#4981,#4982,#4983,#4984,
#4985,#4986,#4987),.UNSPECIFIED.,.T.,.F.) B_SPLINE_CURVE_WITH_KNOTS((1,2
    ,2,2,2,1),(-2.094395102393,0.,2.094395102393,4.188790204786,
6.28318530718,8.377580409573),.UNSPECIFIED.) CURVE() 
GEOMETRIC_REPRESENTATION_ITEM() RATIONAL_B_SPLINE_CURVE((1.,0.5,1.,0.5,
1.,0.5,1.)) REPRESENTATION_ITEM('') );
#4981 = CARTESIAN_POINT('',(-6.,0.));
#4982 = CARTESIAN_POINT('',(-6.,10.392304845413));
#4983 = CARTESIAN_POINT('',(3.,5.196152422707));
#4984 = CARTESIAN_POINT('',(12.,1.469576158977E-15));
#4985 = CARTESIAN_POINT('',(3.,-5.196152422707));
#4986 = CARTESIAN_POINT('',(-6.,-10.39230484541));
#4987 = CARTESIAN_POINT('',(-6.,0.));
#4988 = ( GEOMETRIC_REPRESENTATION_CONTEXT(2) 
PARAMETRIC_REPRESENTATION_CONTEXT() REPRESENTATION_CONTEXT('2D SPACE',''
  ) );
#4989 = ORIENTED_EDGE('',*,*,#4990,.T.);
#4990 = EDGE_CURVE('',#4963,#632,#4991,.T.);
#4991 = SURFACE_CURVE('',#4992,(#4996,#5003),.PCURVE_S1.);
#4992 = LINE('',#4993,#4994);
#4993 = CARTESIAN_POINT('',(-5.944352455661,-4.18472465824,5.));
#4994 = VECTOR('',#4995,1.);
#4995 = DIRECTION('',(-1.224646799147E-16,1.110223024625E-16,1.));
#4996 = PCURVE('',#4869,#4997);
#4997 = DEFINITIONAL_REPRESENTATION('',(#4998),#5002);
#4998 = LINE('',#4999,#5000);
#4999 = CARTESIAN_POINT('',(6.146884444195,0.));
#5000 = VECTOR('',#5001,1.);
#5001 = DIRECTION('',(0.,1.));
#5002 = ( GEOMETRIC_REPRESENTATION_CONTEXT(2) 
PARAMETRIC_REPRESENTATION_CONTEXT() REPRESENTATION_CONTEXT('2D SPACE',''
  ) );
#5003 = PCURVE('',#649,#5004);
#5004 = DEFINITIONAL_REPRESENTATION('',(#5005),#5009);
#5005 = LINE('',#5006,#5007);
#5006 = CARTESIAN_POINT('',(-0.12529996383,8.410632992685E-18));
#5007 = VECTOR('',#5008,1.);
#5008 = DIRECTION('',(-9.754678145334E-17,1.));
#5009 = ( GEOMETRIC_REPRESENTATION_CONTEXT(2) 
PARAMETRIC_REPRESENTATION_CONTEXT() REPRESENTATION_CONTEXT('2D SPACE',''
  ) );
#5010 = ORIENTED_EDGE('',*,*,#4854,.F.);
#5011 = ORIENTED_EDGE('',*,*,#5012,.T.);
#5012 = EDGE_CURVE('',#4827,#4961,#5013,.T.);
#5013 = SURFACE_CURVE('',#5014,(#5018,#5025),.PCURVE_S1.);
#5014 = LINE('',#5015,#5016);
#5015 = CARTESIAN_POINT('',(-5.826486256327,-3.567499422398,5.));
#5016 = VECTOR('',#5017,1.);
#5017 = DIRECTION('',(1.224646799147E-16,-1.110223024625E-16,-1.));
#5018 = PCURVE('',#4869,#5019);
#5019 = DEFINITIONAL_REPRESENTATION('',(#5020),#5024);
#5020 = LINE('',#5021,#5022);
#5021 = CARTESIAN_POINT('',(6.042106786295,0.));
#5022 = VECTOR('',#5023,1.);
#5023 = DIRECTION('',(0.,-1.));
#5024 = ( GEOMETRIC_REPRESENTATION_CONTEXT(2) 
PARAMETRIC_REPRESENTATION_CONTEXT() REPRESENTATION_CONTEXT('2D SPACE',''
  ) );
#5025 = PCURVE('',#4842,#5026);
#5026 = DEFINITIONAL_REPRESENTATION('',(#5027),#5031);
#5027 = LINE('',#5028,#5029);
#5028 = CARTESIAN_POINT('',(0.125328054864,-3.741806645878E-18));
#5029 = VECTOR('',#5030,1.);
#5030 = DIRECTION('',(-1.179533954487E-16,-1.));
#5031 = ( GEOMETRIC_REPRESENTATION_CONTEXT(2) 
PARAMETRIC_REPRESENTATION_CONTEXT() REPRESENTATION_CONTEXT('2D SPACE',''
  ) );
#5032 = ADVANCED_FACE('',(#5033,#5062),#338,.T.);
#5033 = FACE_BOUND('',#5034,.T.);
#5034 = EDGE_LOOP('',(#5035,#5036));
#5035 = ORIENTED_EDGE('',*,*,#321,.T.);
#5036 = ORIENTED_EDGE('',*,*,#5037,.T.);
#5037 = EDGE_CURVE('',#294,#322,#5038,.T.);
#5038 = SURFACE_CURVE('',#5039,(#5044,#5055),.PCURVE_S1.);
#5039 = CIRCLE('',#5040,3.);
#5040 = AXIS2_PLACEMENT_3D('',#5041,#5042,#5043);
#5041 = CARTESIAN_POINT('',(8.572527594031E-16,-5.,-2.));
#5042 = DIRECTION('',(-1.224646799147E-16,1.110223024625E-16,1.));
#5043 = DIRECTION('',(-1.,-1.359631073447E-32,-1.224646799147E-16));
#5044 = PCURVE('',#338,#5045);
#5045 = DEFINITIONAL_REPRESENTATION('',(#5046),#5054);
#5046 = ( BOUNDED_CURVE() B_SPLINE_CURVE(2,(#5047,#5048,#5049,#5050,
#5051,#5052,#5053),.UNSPECIFIED.,.T.,.F.) B_SPLINE_CURVE_WITH_KNOTS((1,2
    ,2,2,2,1),(-2.094395102393,0.,2.094395102393,4.188790204786,
6.28318530718,8.377580409573),.UNSPECIFIED.) CURVE() 
GEOMETRIC_REPRESENTATION_ITEM() RATIONAL_B_SPLINE_CURVE((1.,0.5,1.,0.5,
1.,0.5,1.)) REPRESENTATION_ITEM('') );
#5047 = CARTESIAN_POINT('',(-3.,0.));
#5048 = CARTESIAN_POINT('',(-3.,5.196152422707));
#5049 = CARTESIAN_POINT('',(1.5,2.598076211353));
#5050 = CARTESIAN_POINT('',(6.,7.347880794884E-16));
#5051 = CARTESIAN_POINT('',(1.5,-2.598076211353));
#5052 = CARTESIAN_POINT('',(-3.,-5.196152422707));
#5053 = CARTESIAN_POINT('',(-3.,0.));
#5054 = ( GEOMETRIC_REPRESENTATION_CONTEXT(2) 
PARAMETRIC_REPRESENTATION_CONTEXT() REPRESENTATION_CONTEXT('2D SPACE',''
  ) );
#5055 = PCURVE('',#309,#5056);
#5056 = DEFINITIONAL_REPRESENTATION('',(#5057),#5061);
#5057 = LINE('',#5058,#5059);
#5058 = CARTESIAN_POINT('',(0.,0.));
#5059 = VECTOR('',#5060,1.);
#5060 = DIRECTION('',(1.,0.));
#5061 = ( GEOMETRIC_REPRESENTATION_CONTEXT(2) 
PARAMETRIC_REPRESENTATION_CONTEXT() REPRESENTATION_CONTEXT('2D SPACE',''
  ) );
#5062 = FACE_BOUND('',#5063,.T.);
#5063 = EDGE_LOOP('',(#5064,#5065,#5088,#5109,#5110,#5133,#5156,#5184,
    #5207,#5230,#5258,#5281,#5304,#5332,#5355,#5378,#5406,#5429,#5452,
    #5480,#5503,#5526,#5554,#5577,#5600,#5628,#5651,#5674,#5702,#5725,
    #5748,#5776,#5799,#5822,#5850,#5873,#5896,#5924,#5947,#5970,#5998,
    #6021,#6044,#6072,#6095,#6118,#6146,#6169,#6192,#6220,#6243,#6266,
    #6294,#6317,#6340,#6368,#6391,#6414,#6442,#6465,#6488,#6516,#6539,
    #6562,#6590,#6613,#6636,#6664,#6687,#6710,#6738,#6761,#6784,#6812,
    #6835,#6858,#6886,#6909,#6932,#6960,#6983,#7006,#7034,#7057,#7080,
    #7108,#7131,#7154,#7182,#7205,#7228,#7256,#7279,#7302,#7330,#7353,
    #7376,#7404,#7427,#7450,#7478,#7501,#7524,#7552,#7575,#7598,#7626,
    #7649,#7672,#7700,#7723,#7746,#7774,#7797,#7820,#7848,#7871,#7894,
    #7922,#7945,#7968,#7996,#8019,#8042,#8070,#8093,#8116,#8144,#8167,
    #8190,#8218,#8241,#8264,#8292,#8315,#8338,#8366,#8389,#8412,#8440,
    #8463,#8486,#8514,#8537,#8560,#8588,#8611,#8634,#8662,#8685));
#5064 = ORIENTED_EDGE('',*,*,#4908,.F.);
#5065 = ORIENTED_EDGE('',*,*,#5066,.T.);
#5066 = EDGE_CURVE('',#4886,#5067,#5069,.T.);
#5067 = VERTEX_POINT('',#5068);
#5068 = CARTESIAN_POINT('',(-5.844547285743,-4.260480905464,-2.));
#5069 = SURFACE_CURVE('',#5070,(#5074,#5081),.PCURVE_S1.);
#5070 = LINE('',#5071,#5072);
#5071 = CARTESIAN_POINT('',(-1.141848998562,-2.283648572461,-2.));
#5072 = VECTOR('',#5073,1.);
#5073 = DIRECTION('',(0.921863151588,0.387515586452,6.987280313645E-17)
  );
#5074 = PCURVE('',#338,#5075);
#5075 = DEFINITIONAL_REPRESENTATION('',(#5076),#5080);
#5076 = LINE('',#5077,#5078);
#5077 = CARTESIAN_POINT('',(-1.141848998562,-2.716351427539));
#5078 = VECTOR('',#5079,1.);
#5079 = DIRECTION('',(0.921863151588,-0.387515586452));
#5080 = ( GEOMETRIC_REPRESENTATION_CONTEXT(2) 
PARAMETRIC_REPRESENTATION_CONTEXT() REPRESENTATION_CONTEXT('2D SPACE',''
  ) );
#5081 = PCURVE('',#677,#5082);
#5082 = DEFINITIONAL_REPRESENTATION('',(#5083),#5087);
#5083 = LINE('',#5084,#5085);
#5084 = CARTESIAN_POINT('',(-5.101297604831,-7.));
#5085 = VECTOR('',#5086,1.);
#5086 = DIRECTION('',(-1.,1.128956757845E-16));
#5087 = ( GEOMETRIC_REPRESENTATION_CONTEXT(2) 
PARAMETRIC_REPRESENTATION_CONTEXT() REPRESENTATION_CONTEXT('2D SPACE',''
  ) );
#5088 = ORIENTED_EDGE('',*,*,#5089,.T.);
#5089 = EDGE_CURVE('',#5067,#4963,#5090,.T.);
#5090 = SURFACE_CURVE('',#5091,(#5095,#5102),.PCURVE_S1.);
#5091 = LINE('',#5092,#5093);
#5092 = CARTESIAN_POINT('',(-5.844547285743,-4.260480905464,-2.));
#5093 = VECTOR('',#5094,1.);
#5094 = DIRECTION('',(-0.796529918024,0.604599114862,-5.861324337967E-17
    ));
#5095 = PCURVE('',#338,#5096);
#5096 = DEFINITIONAL_REPRESENTATION('',(#5097),#5101);
#5097 = LINE('',#5098,#5099);
#5098 = CARTESIAN_POINT('',(-5.844547285743,-0.739519094536));
#5099 = VECTOR('',#5100,1.);
#5100 = DIRECTION('',(-0.796529918024,-0.604599114862));
#5101 = ( GEOMETRIC_REPRESENTATION_CONTEXT(2) 
PARAMETRIC_REPRESENTATION_CONTEXT() REPRESENTATION_CONTEXT('2D SPACE',''
  ) );
#5102 = PCURVE('',#649,#5103);
#5103 = DEFINITIONAL_REPRESENTATION('',(#5104),#5108);
#5104 = LINE('',#5105,#5106);
#5105 = CARTESIAN_POINT('',(7.745846696334E-16,-7.));
#5106 = VECTOR('',#5107,1.);
#5107 = DIRECTION('',(-1.,8.510742419146E-18));
#5108 = ( GEOMETRIC_REPRESENTATION_CONTEXT(2) 
PARAMETRIC_REPRESENTATION_CONTEXT() REPRESENTATION_CONTEXT('2D SPACE',''
  ) );
#5109 = ORIENTED_EDGE('',*,*,#4960,.F.);
#5110 = ORIENTED_EDGE('',*,*,#5111,.T.);
#5111 = EDGE_CURVE('',#4961,#5112,#5114,.T.);
#5112 = VERTEX_POINT('',#5113);
#5113 = CARTESIAN_POINT('',(-5.705774965313,-3.533796224366,-2.));
#5114 = SURFACE_CURVE('',#5115,(#5119,#5126),.PCURVE_S1.);
#5115 = LINE('',#5116,#5117);
#5116 = CARTESIAN_POINT('',(-0.792396070244,-2.16195618757,-2.));
#5117 = VECTOR('',#5118,1.);
#5118 = DIRECTION('',(0.963162566798,0.268919820615,8.809729778621E-17)
  );
#5119 = PCURVE('',#338,#5120);
#5120 = DEFINITIONAL_REPRESENTATION('',(#5121),#5125);
#5121 = LINE('',#5122,#5123);
#5122 = CARTESIAN_POINT('',(-0.792396070244,-2.83804381243));
#5123 = VECTOR('',#5124,1.);
#5124 = DIRECTION('',(0.963162566798,-0.268919820615));
#5125 = ( GEOMETRIC_REPRESENTATION_CONTEXT(2) 
PARAMETRIC_REPRESENTATION_CONTEXT() REPRESENTATION_CONTEXT('2D SPACE',''
  ) );
#5126 = PCURVE('',#4842,#5127);
#5127 = DEFINITIONAL_REPRESENTATION('',(#5128),#5132);
#5128 = LINE('',#5129,#5130);
#5129 = CARTESIAN_POINT('',(-5.101297604831,-7.));
#5130 = VECTOR('',#5131,1.);
#5131 = DIRECTION('',(-1.,1.179533954487E-16));
#5132 = ( GEOMETRIC_REPRESENTATION_CONTEXT(2) 
PARAMETRIC_REPRESENTATION_CONTEXT() REPRESENTATION_CONTEXT('2D SPACE',''
  ) );
#5133 = ORIENTED_EDGE('',*,*,#5134,.T.);
#5134 = EDGE_CURVE('',#5112,#5135,#5137,.T.);
#5135 = VERTEX_POINT('',#5136);
#5136 = CARTESIAN_POINT('',(-5.795298366228,-3.446128433107,-2.));
#5137 = SURFACE_CURVE('',#5138,(#5142,#5149),.PCURVE_S1.);
#5138 = LINE('',#5139,#5140);
#5139 = CARTESIAN_POINT('',(-5.705774965313,-3.533796224366,-2.));
#5140 = VECTOR('',#5141,1.);
#5141 = DIRECTION('',(-0.714472679633,0.699663340513,-5.911837915897E-17
    ));
#5142 = PCURVE('',#338,#5143);
#5143 = DEFINITIONAL_REPRESENTATION('',(#5144),#5148);
#5144 = LINE('',#5145,#5146);
#5145 = CARTESIAN_POINT('',(-5.705774965313,-1.466203775634));
#5146 = VECTOR('',#5147,1.);
#5147 = DIRECTION('',(-0.714472679633,-0.699663340513));
#5148 = ( GEOMETRIC_REPRESENTATION_CONTEXT(2) 
PARAMETRIC_REPRESENTATION_CONTEXT() REPRESENTATION_CONTEXT('2D SPACE',''
  ) );
#5149 = PCURVE('',#4814,#5150);
#5150 = DEFINITIONAL_REPRESENTATION('',(#5151),#5155);
#5151 = LINE('',#5152,#5153);
#5152 = CARTESIAN_POINT('',(7.122574505276E-16,-7.));
#5153 = VECTOR('',#5154,1.);
#5154 = DIRECTION('',(-1.,1.855985585344E-17));
#5155 = ( GEOMETRIC_REPRESENTATION_CONTEXT(2) 
PARAMETRIC_REPRESENTATION_CONTEXT() REPRESENTATION_CONTEXT('2D SPACE',''
  ) );
#5156 = ORIENTED_EDGE('',*,*,#5157,.F.);
#5157 = EDGE_CURVE('',#5158,#5135,#5160,.T.);
#5158 = VERTEX_POINT('',#5159);
#5159 = CARTESIAN_POINT('',(-5.601002742435,-2.848542754496,-2.));
#5160 = SURFACE_CURVE('',#5161,(#5166,#5177),.PCURVE_S1.);
#5161 = CIRCLE('',#5162,6.);
#5162 = AXIS2_PLACEMENT_3D('',#5163,#5164,#5165);
#5163 = CARTESIAN_POINT('',(8.572527594031E-16,-5.,-2.));
#5164 = DIRECTION('',(-1.224646799147E-16,1.110223024625E-16,1.));
#5165 = DIRECTION('',(-1.,-1.359631073447E-32,-1.224646799147E-16));
#5166 = PCURVE('',#338,#5167);
#5167 = DEFINITIONAL_REPRESENTATION('',(#5168),#5176);
#5168 = ( BOUNDED_CURVE() B_SPLINE_CURVE(2,(#5169,#5170,#5171,#5172,
#5173,#5174,#5175),.UNSPECIFIED.,.T.,.F.) B_SPLINE_CURVE_WITH_KNOTS((1,2
    ,2,2,2,1),(-2.094395102393,0.,2.094395102393,4.188790204786,
6.28318530718,8.377580409573),.UNSPECIFIED.) CURVE() 
GEOMETRIC_REPRESENTATION_ITEM() RATIONAL_B_SPLINE_CURVE((1.,0.5,1.,0.5,
1.,0.5,1.)) REPRESENTATION_ITEM('') );
#5169 = CARTESIAN_POINT('',(-6.,0.));
#5170 = CARTESIAN_POINT('',(-6.,10.392304845413));
#5171 = CARTESIAN_POINT('',(3.,5.196152422707));
#5172 = CARTESIAN_POINT('',(12.,1.469576158977E-15));
#5173 = CARTESIAN_POINT('',(3.,-5.196152422707));
#5174 = CARTESIAN_POINT('',(-6.,-10.39230484541));
#5175 = CARTESIAN_POINT('',(-6.,0.));
#5176 = ( GEOMETRIC_REPRESENTATION_CONTEXT(2) 
PARAMETRIC_REPRESENTATION_CONTEXT() REPRESENTATION_CONTEXT('2D SPACE',''
  ) );
#5177 = PCURVE('',#4786,#5178);
#5178 = DEFINITIONAL_REPRESENTATION('',(#5179),#5183);
#5179 = LINE('',#5180,#5181);
#5180 = CARTESIAN_POINT('',(0.,-7.));
#5181 = VECTOR('',#5182,1.);
#5182 = DIRECTION('',(1.,0.));
#5183 = ( GEOMETRIC_REPRESENTATION_CONTEXT(2) 
PARAMETRIC_REPRESENTATION_CONTEXT() REPRESENTATION_CONTEXT('2D SPACE',''
  ) );
#5184 = ORIENTED_EDGE('',*,*,#5185,.T.);
#5185 = EDGE_CURVE('',#5158,#5186,#5188,.T.);
#5186 = VERTEX_POINT('',#5187);
#5187 = CARTESIAN_POINT('',(-5.477019165214,-2.830234452678,-2.));
#5188 = SURFACE_CURVE('',#5189,(#5193,#5200),.PCURVE_S1.);
#5189 = LINE('',#5190,#5191);
#5190 = CARTESIAN_POINT('',(-0.430446582544,-2.085021448966,-2.));
#5191 = VECTOR('',#5192,1.);
#5192 = DIRECTION('',(0.989272332963,0.146083028562,1.049324454231E-16)
  );
#5193 = PCURVE('',#338,#5194);
#5194 = DEFINITIONAL_REPRESENTATION('',(#5195),#5199);
#5195 = LINE('',#5196,#5197);
#5196 = CARTESIAN_POINT('',(-0.430446582544,-2.914978551034));
#5197 = VECTOR('',#5198,1.);
#5198 = DIRECTION('',(0.989272332963,-0.146083028562));
#5199 = ( GEOMETRIC_REPRESENTATION_CONTEXT(2) 
PARAMETRIC_REPRESENTATION_CONTEXT() REPRESENTATION_CONTEXT('2D SPACE',''
  ) );
#5200 = PCURVE('',#4757,#5201);
#5201 = DEFINITIONAL_REPRESENTATION('',(#5202),#5206);
#5202 = LINE('',#5203,#5204);
#5203 = CARTESIAN_POINT('',(-5.101297604831,-7.));
#5204 = VECTOR('',#5205,1.);
#5205 = DIRECTION('',(-1.,1.211509196048E-16));
#5206 = ( GEOMETRIC_REPRESENTATION_CONTEXT(2) 
PARAMETRIC_REPRESENTATION_CONTEXT() REPRESENTATION_CONTEXT('2D SPACE',''
  ) );
#5207 = ORIENTED_EDGE('',*,*,#5208,.T.);
#5208 = EDGE_CURVE('',#5186,#5209,#5211,.T.);
#5209 = VERTEX_POINT('',#5210);
#5210 = CARTESIAN_POINT('',(-5.554848959616,-2.732037690822,-2.));
#5211 = SURFACE_CURVE('',#5212,(#5216,#5223),.PCURVE_S1.);
#5212 = LINE('',#5213,#5214);
#5213 = CARTESIAN_POINT('',(-5.477019165214,-2.830234452678,-2.));
#5214 = VECTOR('',#5215,1.);
#5215 = DIRECTION('',(-0.621147780278,0.783693457326,-5.701859227617E-17
    ));
#5216 = PCURVE('',#338,#5217);
#5217 = DEFINITIONAL_REPRESENTATION('',(#5218),#5222);
#5218 = LINE('',#5219,#5220);
#5219 = CARTESIAN_POINT('',(-5.477019165214,-2.169765547322));
#5220 = VECTOR('',#5221,1.);
#5221 = DIRECTION('',(-0.621147780278,-0.783693457326));
#5222 = ( GEOMETRIC_REPRESENTATION_CONTEXT(2) 
PARAMETRIC_REPRESENTATION_CONTEXT() REPRESENTATION_CONTEXT('2D SPACE',''
  ) );
#5223 = PCURVE('',#4729,#5224);
#5224 = DEFINITIONAL_REPRESENTATION('',(#5225),#5229);
#5225 = LINE('',#5226,#5227);
#5226 = CARTESIAN_POINT('',(6.38697505945E-16,-7.));
#5227 = VECTOR('',#5228,1.);
#5228 = DIRECTION('',(-1.,2.998885978096E-17));
#5229 = ( GEOMETRIC_REPRESENTATION_CONTEXT(2) 
PARAMETRIC_REPRESENTATION_CONTEXT() REPRESENTATION_CONTEXT('2D SPACE',''
  ) );
#5230 = ORIENTED_EDGE('',*,*,#5231,.F.);
#5231 = EDGE_CURVE('',#5232,#5209,#5234,.T.);
#5232 = VERTEX_POINT('',#5233);
#5233 = CARTESIAN_POINT('',(-5.287188069419,-2.163515852574,-2.));
#5234 = SURFACE_CURVE('',#5235,(#5240,#5251),.PCURVE_S1.);
#5235 = CIRCLE('',#5236,6.);
#5236 = AXIS2_PLACEMENT_3D('',#5237,#5238,#5239);
#5237 = CARTESIAN_POINT('',(8.572527594031E-16,-5.,-2.));
#5238 = DIRECTION('',(-1.224646799147E-16,1.110223024625E-16,1.));
#5239 = DIRECTION('',(-1.,-1.359631073447E-32,-1.224646799147E-16));
#5240 = PCURVE('',#338,#5241);
#5241 = DEFINITIONAL_REPRESENTATION('',(#5242),#5250);
#5242 = ( BOUNDED_CURVE() B_SPLINE_CURVE(2,(#5243,#5244,#5245,#5246,
#5247,#5248,#5249),.UNSPECIFIED.,.T.,.F.) B_SPLINE_CURVE_WITH_KNOTS((1,2
    ,2,2,2,1),(-2.094395102393,0.,2.094395102393,4.188790204786,
6.28318530718,8.377580409573),.UNSPECIFIED.) CURVE() 
GEOMETRIC_REPRESENTATION_ITEM() RATIONAL_B_SPLINE_CURVE((1.,0.5,1.,0.5,
1.,0.5,1.)) REPRESENTATION_ITEM('') );
#5243 = CARTESIAN_POINT('',(-6.,0.));
#5244 = CARTESIAN_POINT('',(-6.,10.392304845413));
#5245 = CARTESIAN_POINT('',(3.,5.196152422707));
#5246 = CARTESIAN_POINT('',(12.,1.469576158977E-15));
#5247 = CARTESIAN_POINT('',(3.,-5.196152422707));
#5248 = CARTESIAN_POINT('',(-6.,-10.39230484541));
#5249 = CARTESIAN_POINT('',(-6.,0.));
#5250 = ( GEOMETRIC_REPRESENTATION_CONTEXT(2) 
PARAMETRIC_REPRESENTATION_CONTEXT() REPRESENTATION_CONTEXT('2D SPACE',''
  ) );
#5251 = PCURVE('',#4701,#5252);
#5252 = DEFINITIONAL_REPRESENTATION('',(#5253),#5257);
#5253 = LINE('',#5254,#5255);
#5254 = CARTESIAN_POINT('',(0.,-7.));
#5255 = VECTOR('',#5256,1.);
#5256 = DIRECTION('',(1.,0.));
#5257 = ( GEOMETRIC_REPRESENTATION_CONTEXT(2) 
PARAMETRIC_REPRESENTATION_CONTEXT() REPRESENTATION_CONTEXT('2D SPACE',''
  ) );
#5258 = ORIENTED_EDGE('',*,*,#5259,.T.);
#5259 = EDGE_CURVE('',#5232,#5260,#5262,.T.);
#5260 = VERTEX_POINT('',#5261);
#5261 = CARTESIAN_POINT('',(-5.161887501068,-2.160891179826,-2.));
#5262 = SURFACE_CURVE('',#5263,(#5267,#5274),.PCURVE_S1.);
#5263 = LINE('',#5264,#5265);
#5264 = CARTESIAN_POINT('',(-6.170869510111E-02,-2.054057663436,-2.));
#5265 = VECTOR('',#5266,1.);
#5266 = DIRECTION('',(0.999780683475,2.094241988337E-02,
    1.201127457121E-16));
#5267 = PCURVE('',#338,#5268);
#5268 = DEFINITIONAL_REPRESENTATION('',(#5269),#5273);
#5269 = LINE('',#5270,#5271);
#5270 = CARTESIAN_POINT('',(-6.170869510111E-02,-2.945942336564));
#5271 = VECTOR('',#5272,1.);
#5272 = DIRECTION('',(0.999780683475,-2.094241988337E-02));
#5273 = ( GEOMETRIC_REPRESENTATION_CONTEXT(2) 
PARAMETRIC_REPRESENTATION_CONTEXT() REPRESENTATION_CONTEXT('2D SPACE',''
  ) );
#5274 = PCURVE('',#4672,#5275);
#5275 = DEFINITIONAL_REPRESENTATION('',(#5276),#5280);
#5276 = LINE('',#5277,#5278);
#5277 = CARTESIAN_POINT('',(-5.101297604831,-7.));
#5278 = VECTOR('',#5279,1.);
#5279 = DIRECTION('',(-1.,1.224378213867E-16));
#5280 = ( GEOMETRIC_REPRESENTATION_CONTEXT(2) 
PARAMETRIC_REPRESENTATION_CONTEXT() REPRESENTATION_CONTEXT('2D SPACE',''
  ) );
#5281 = ORIENTED_EDGE('',*,*,#5282,.T.);
#5282 = EDGE_CURVE('',#5260,#5283,#5285,.T.);
#5283 = VERTEX_POINT('',#5284);
#5284 = CARTESIAN_POINT('',(-5.226796266605,-2.053714068967,-2.));
#5285 = SURFACE_CURVE('',#5286,(#5290,#5297),.PCURVE_S1.);
#5286 = LINE('',#5287,#5288);
#5287 = CARTESIAN_POINT('',(-5.161887501068,-2.160891179826,-2.));
#5288 = VECTOR('',#5289,1.);
#5289 = DIRECTION('',(-0.518027009373,0.855364260161,-5.234699762474E-17
    ));
#5290 = PCURVE('',#338,#5291);
#5291 = DEFINITIONAL_REPRESENTATION('',(#5292),#5296);
#5292 = LINE('',#5293,#5294);
#5293 = CARTESIAN_POINT('',(-5.161887501068,-2.839108820174));
#5294 = VECTOR('',#5295,1.);
#5295 = DIRECTION('',(-0.518027009373,-0.855364260161));
#5296 = ( GEOMETRIC_REPRESENTATION_CONTEXT(2) 
PARAMETRIC_REPRESENTATION_CONTEXT() REPRESENTATION_CONTEXT('2D SPACE',''
  ) );
#5297 = PCURVE('',#4644,#5298);
#5298 = DEFINITIONAL_REPRESENTATION('',(#5299),#5303);
#5299 = LINE('',#5300,#5301);
#5300 = CARTESIAN_POINT('',(5.550649201542E-16,-7.));
#5301 = VECTOR('',#5302,1.);
#5302 = DIRECTION('',(-1.,4.261751198242E-17));
#5303 = ( GEOMETRIC_REPRESENTATION_CONTEXT(2) 
PARAMETRIC_REPRESENTATION_CONTEXT() REPRESENTATION_CONTEXT('2D SPACE',''
  ) );
#5304 = ORIENTED_EDGE('',*,*,#5305,.F.);
#5305 = EDGE_CURVE('',#5306,#5283,#5308,.T.);
#5306 = VERTEX_POINT('',#5307);
#5307 = CARTESIAN_POINT('',(-4.889991282134,-1.523222000091,-2.));
#5308 = SURFACE_CURVE('',#5309,(#5314,#5325),.PCURVE_S1.);
#5309 = CIRCLE('',#5310,6.);
#5310 = AXIS2_PLACEMENT_3D('',#5311,#5312,#5313);
#5311 = CARTESIAN_POINT('',(8.572527594031E-16,-5.,-2.));
#5312 = DIRECTION('',(-1.224646799147E-16,1.110223024625E-16,1.));
#5313 = DIRECTION('',(-1.,-1.359631073447E-32,-1.224646799147E-16));
#5314 = PCURVE('',#338,#5315);
#5315 = DEFINITIONAL_REPRESENTATION('',(#5316),#5324);
#5316 = ( BOUNDED_CURVE() B_SPLINE_CURVE(2,(#5317,#5318,#5319,#5320,
#5321,#5322,#5323),.UNSPECIFIED.,.T.,.F.) B_SPLINE_CURVE_WITH_KNOTS((1,2
    ,2,2,2,1),(-2.094395102393,0.,2.094395102393,4.188790204786,
6.28318530718,8.377580409573),.UNSPECIFIED.) CURVE() 
GEOMETRIC_REPRESENTATION_ITEM() RATIONAL_B_SPLINE_CURVE((1.,0.5,1.,0.5,
1.,0.5,1.)) REPRESENTATION_ITEM('') );
#5317 = CARTESIAN_POINT('',(-6.,0.));
#5318 = CARTESIAN_POINT('',(-6.,10.392304845413));
#5319 = CARTESIAN_POINT('',(3.,5.196152422707));
#5320 = CARTESIAN_POINT('',(12.,1.469576158977E-15));
#5321 = CARTESIAN_POINT('',(3.,-5.196152422707));
#5322 = CARTESIAN_POINT('',(-6.,-10.39230484541));
#5323 = CARTESIAN_POINT('',(-6.,0.));
#5324 = ( GEOMETRIC_REPRESENTATION_CONTEXT(2) 
PARAMETRIC_REPRESENTATION_CONTEXT() REPRESENTATION_CONTEXT('2D SPACE',''
  ) );
#5325 = PCURVE('',#4616,#5326);
#5326 = DEFINITIONAL_REPRESENTATION('',(#5327),#5331);
#5327 = LINE('',#5328,#5329);
#5328 = CARTESIAN_POINT('',(0.,-7.));
#5329 = VECTOR('',#5330,1.);
#5330 = DIRECTION('',(1.,0.));
#5331 = ( GEOMETRIC_REPRESENTATION_CONTEXT(2) 
PARAMETRIC_REPRESENTATION_CONTEXT() REPRESENTATION_CONTEXT('2D SPACE',''
  ) );
#5332 = ORIENTED_EDGE('',*,*,#5333,.T.);
#5333 = EDGE_CURVE('',#5306,#5334,#5336,.T.);
#5334 = VERTEX_POINT('',#5335);
#5335 = CARTESIAN_POINT('',(-4.765349787468,-1.53632234907,-2.));
#5336 = SURFACE_CURVE('',#5337,(#5341,#5348),.PCURVE_S1.);
#5337 = LINE('',#5338,#5339);
#5338 = CARTESIAN_POINT('',(0.308002375327,-2.069553148374,-2.));
#5339 = VECTOR('',#5340,1.);
#5340 = DIRECTION('',(0.994521895368,-0.104528463268,1.333987962493E-16)
  );
#5341 = PCURVE('',#338,#5342);
#5342 = DEFINITIONAL_REPRESENTATION('',(#5343),#5347);
#5343 = LINE('',#5344,#5345);
#5344 = CARTESIAN_POINT('',(0.308002375327,-2.930446851626));
#5345 = VECTOR('',#5346,1.);
#5346 = DIRECTION('',(0.994521895368,0.104528463268));
#5347 = ( GEOMETRIC_REPRESENTATION_CONTEXT(2) 
PARAMETRIC_REPRESENTATION_CONTEXT() REPRESENTATION_CONTEXT('2D SPACE',''
  ) );
#5348 = PCURVE('',#4587,#5349);
#5349 = DEFINITIONAL_REPRESENTATION('',(#5350),#5354);
#5350 = LINE('',#5351,#5352);
#5351 = CARTESIAN_POINT('',(-5.101297604831,-7.));
#5352 = VECTOR('',#5353,1.);
#5353 = DIRECTION('',(-1.,1.217938055845E-16));
#5354 = ( GEOMETRIC_REPRESENTATION_CONTEXT(2) 
PARAMETRIC_REPRESENTATION_CONTEXT() REPRESENTATION_CONTEXT('2D SPACE',''
  ) );
#5355 = ORIENTED_EDGE('',*,*,#5356,.T.);
#5356 = EDGE_CURVE('',#5334,#5357,#5359,.T.);
#5357 = VERTEX_POINT('',#5358);
#5358 = CARTESIAN_POINT('',(-4.816313874133,-1.421855136271,-2.));
#5359 = SURFACE_CURVE('',#5360,(#5364,#5371),.PCURVE_S1.);
#5360 = LINE('',#5361,#5362);
#5361 = CARTESIAN_POINT('',(-4.765349787468,-1.53632234907,-2.));
#5362 = VECTOR('',#5363,1.);
#5363 = DIRECTION('',(-0.406736643076,0.913545457643,-4.517726904304E-17
    ));
#5364 = PCURVE('',#338,#5365);
#5365 = DEFINITIONAL_REPRESENTATION('',(#5366),#5370);
#5366 = LINE('',#5367,#5368);
#5367 = CARTESIAN_POINT('',(-4.765349787468,-3.46367765093));
#5368 = VECTOR('',#5369,1.);
#5369 = DIRECTION('',(-0.406736643076,-0.913545457643));
#5370 = ( GEOMETRIC_REPRESENTATION_CONTEXT(2) 
PARAMETRIC_REPRESENTATION_CONTEXT() REPRESENTATION_CONTEXT('2D SPACE',''
  ) );
#5371 = PCURVE('',#4559,#5372);
#5372 = DEFINITIONAL_REPRESENTATION('',(#5373),#5377);
#5373 = LINE('',#5374,#5375);
#5374 = CARTESIAN_POINT('',(4.626786289929E-16,-7.));
#5375 = VECTOR('',#5376,1.);
#5376 = DIRECTION('',(-1.,5.624665106862E-17));
#5377 = ( GEOMETRIC_REPRESENTATION_CONTEXT(2) 
PARAMETRIC_REPRESENTATION_CONTEXT() REPRESENTATION_CONTEXT('2D SPACE',''
  ) );
#5378 = ORIENTED_EDGE('',*,*,#5379,.F.);
#5379 = EDGE_CURVE('',#5380,#5357,#5382,.T.);
#5380 = VERTEX_POINT('',#5381);
#5381 = CARTESIAN_POINT('',(-4.415676411191,-0.937759013592,-2.));
#5382 = SURFACE_CURVE('',#5383,(#5388,#5399),.PCURVE_S1.);
#5383 = CIRCLE('',#5384,6.);
#5384 = AXIS2_PLACEMENT_3D('',#5385,#5386,#5387);
#5385 = CARTESIAN_POINT('',(8.572527594031E-16,-5.,-2.));
#5386 = DIRECTION('',(-1.224646799147E-16,1.110223024625E-16,1.));
#5387 = DIRECTION('',(-1.,-1.359631073447E-32,-1.224646799147E-16));
#5388 = PCURVE('',#338,#5389);
#5389 = DEFINITIONAL_REPRESENTATION('',(#5390),#5398);
#5390 = ( BOUNDED_CURVE() B_SPLINE_CURVE(2,(#5391,#5392,#5393,#5394,
#5395,#5396,#5397),.UNSPECIFIED.,.T.,.F.) B_SPLINE_CURVE_WITH_KNOTS((1,2
    ,2,2,2,1),(-2.094395102393,0.,2.094395102393,4.188790204786,
6.28318530718,8.377580409573),.UNSPECIFIED.) CURVE() 
GEOMETRIC_REPRESENTATION_ITEM() RATIONAL_B_SPLINE_CURVE((1.,0.5,1.,0.5,
1.,0.5,1.)) REPRESENTATION_ITEM('') );
#5391 = CARTESIAN_POINT('',(-6.,0.));
#5392 = CARTESIAN_POINT('',(-6.,10.392304845413));
#5393 = CARTESIAN_POINT('',(3.,5.196152422707));
#5394 = CARTESIAN_POINT('',(12.,1.469576158977E-15));
#5395 = CARTESIAN_POINT('',(3.,-5.196152422707));
#5396 = CARTESIAN_POINT('',(-6.,-10.39230484541));
#5397 = CARTESIAN_POINT('',(-6.,0.));
#5398 = ( GEOMETRIC_REPRESENTATION_CONTEXT(2) 
PARAMETRIC_REPRESENTATION_CONTEXT() REPRESENTATION_CONTEXT('2D SPACE',''
  ) );
#5399 = PCURVE('',#4531,#5400);
#5400 = DEFINITIONAL_REPRESENTATION('',(#5401),#5405);
#5401 = LINE('',#5402,#5403);
#5402 = CARTESIAN_POINT('',(0.,-7.));
#5403 = VECTOR('',#5404,1.);
#5404 = DIRECTION('',(1.,0.));
#5405 = ( GEOMETRIC_REPRESENTATION_CONTEXT(2) 
PARAMETRIC_REPRESENTATION_CONTEXT() REPRESENTATION_CONTEXT('2D SPACE',''
  ) );
#5406 = ORIENTED_EDGE('',*,*,#5407,.T.);
#5407 = EDGE_CURVE('',#5380,#5408,#5410,.T.);
#5408 = VERTEX_POINT('',#5409);
#5409 = CARTESIAN_POINT('',(-4.293659661037,-0.96637778397,-2.));
#5410 = SURFACE_CURVE('',#5411,(#5415,#5422),.PCURVE_S1.);
#5411 = LINE('',#5412,#5413);
#5412 = CARTESIAN_POINT('',(0.672856064304,-2.131263530726,-2.));
#5413 = VECTOR('',#5414,1.);
#5414 = DIRECTION('',(0.973578902873,-0.228350870111,1.445810680811E-16)
  );
#5415 = PCURVE('',#338,#5416);
#5416 = DEFINITIONAL_REPRESENTATION('',(#5417),#5421);
#5417 = LINE('',#5418,#5419);
#5418 = CARTESIAN_POINT('',(0.672856064304,-2.868736469274));
#5419 = VECTOR('',#5420,1.);
#5420 = DIRECTION('',(0.973578902873,0.228350870111));
#5421 = ( GEOMETRIC_REPRESENTATION_CONTEXT(2) 
PARAMETRIC_REPRESENTATION_CONTEXT() REPRESENTATION_CONTEXT('2D SPACE',''
  ) );
#5422 = PCURVE('',#4502,#5423);
#5423 = DEFINITIONAL_REPRESENTATION('',(#5424),#5428);
#5424 = LINE('',#5425,#5426);
#5425 = CARTESIAN_POINT('',(-5.101297604831,-7.));
#5426 = VECTOR('',#5427,1.);
#5427 = DIRECTION('',(-1.,1.192290287121E-16));
#5428 = ( GEOMETRIC_REPRESENTATION_CONTEXT(2) 
PARAMETRIC_REPRESENTATION_CONTEXT() REPRESENTATION_CONTEXT('2D SPACE',''
  ) );
#5429 = ORIENTED_EDGE('',*,*,#5430,.T.);
#5430 = EDGE_CURVE('',#5408,#5431,#5433,.T.);
#5431 = VERTEX_POINT('',#5432);
#5432 = CARTESIAN_POINT('',(-4.32987533474,-0.846425685556,-2.));
#5433 = SURFACE_CURVE('',#5434,(#5438,#5445),.PCURVE_S1.);
#5434 = LINE('',#5435,#5436);
#5435 = CARTESIAN_POINT('',(-4.293659661037,-0.96637778397,-2.));
#5436 = VECTOR('',#5437,1.);
#5437 = DIRECTION('',(-0.289031796944,0.957319497532,-3.562247743376E-17
    ));
#5438 = PCURVE('',#338,#5439);
#5439 = DEFINITIONAL_REPRESENTATION('',(#5440),#5444);
#5440 = LINE('',#5441,#5442);
#5441 = CARTESIAN_POINT('',(-4.293659661037,-4.03362221603));
#5442 = VECTOR('',#5443,1.);
#5443 = DIRECTION('',(-0.289031796944,-0.957319497532));
#5444 = ( GEOMETRIC_REPRESENTATION_CONTEXT(2) 
PARAMETRIC_REPRESENTATION_CONTEXT() REPRESENTATION_CONTEXT('2D SPACE',''
  ) );
#5445 = PCURVE('',#4474,#5446);
#5446 = DEFINITIONAL_REPRESENTATION('',(#5447),#5451);
#5447 = LINE('',#5448,#5449);
#5448 = CARTESIAN_POINT('',(3.629956194615E-16,-7.));
#5449 = VECTOR('',#5450,1.);
#5450 = DIRECTION('',(-1.,7.06613373745E-17));
#5451 = ( GEOMETRIC_REPRESENTATION_CONTEXT(2) 
PARAMETRIC_REPRESENTATION_CONTEXT() REPRESENTATION_CONTEXT('2D SPACE',''
  ) );
#5452 = ORIENTED_EDGE('',*,*,#5453,.F.);
#5453 = EDGE_CURVE('',#5454,#5431,#5456,.T.);
#5454 = VERTEX_POINT('',#5455);
#5455 = CARTESIAN_POINT('',(-3.871723685446,-0.416359994114,-2.));
#5456 = SURFACE_CURVE('',#5457,(#5462,#5473),.PCURVE_S1.);
#5457 = CIRCLE('',#5458,6.);
#5458 = AXIS2_PLACEMENT_3D('',#5459,#5460,#5461);
#5459 = CARTESIAN_POINT('',(8.572527594031E-16,-5.,-2.));
#5460 = DIRECTION('',(-1.224646799147E-16,1.110223024625E-16,1.));
#5461 = DIRECTION('',(-1.,-1.359631073447E-32,-1.224646799147E-16));
#5462 = PCURVE('',#338,#5463);
#5463 = DEFINITIONAL_REPRESENTATION('',(#5464),#5472);
#5464 = ( BOUNDED_CURVE() B_SPLINE_CURVE(2,(#5465,#5466,#5467,#5468,
#5469,#5470,#5471),.UNSPECIFIED.,.T.,.F.) B_SPLINE_CURVE_WITH_KNOTS((1,2
    ,2,2,2,1),(-2.094395102393,0.,2.094395102393,4.188790204786,
6.28318530718,8.377580409573),.UNSPECIFIED.) CURVE() 
GEOMETRIC_REPRESENTATION_ITEM() RATIONAL_B_SPLINE_CURVE((1.,0.5,1.,0.5,
1.,0.5,1.)) REPRESENTATION_ITEM('') );
#5465 = CARTESIAN_POINT('',(-6.,0.));
#5466 = CARTESIAN_POINT('',(-6.,10.392304845413));
#5467 = CARTESIAN_POINT('',(3.,5.196152422707));
#5468 = CARTESIAN_POINT('',(12.,1.469576158977E-15));
#5469 = CARTESIAN_POINT('',(3.,-5.196152422707));
#5470 = CARTESIAN_POINT('',(-6.,-10.39230484541));
#5471 = CARTESIAN_POINT('',(-6.,0.));
#5472 = ( GEOMETRIC_REPRESENTATION_CONTEXT(2) 
PARAMETRIC_REPRESENTATION_CONTEXT() REPRESENTATION_CONTEXT('2D SPACE',''
  ) );
#5473 = PCURVE('',#4446,#5474);
#5474 = DEFINITIONAL_REPRESENTATION('',(#5475),#5479);
#5475 = LINE('',#5476,#5477);
#5476 = CARTESIAN_POINT('',(0.,-7.));
#5477 = VECTOR('',#5478,1.);
#5478 = DIRECTION('',(1.,0.));
#5479 = ( GEOMETRIC_REPRESENTATION_CONTEXT(2) 
PARAMETRIC_REPRESENTATION_CONTEXT() REPRESENTATION_CONTEXT('2D SPACE',''
  ) );
#5480 = ORIENTED_EDGE('',*,*,#5481,.T.);
#5481 = EDGE_CURVE('',#5454,#5482,#5484,.T.);
#5482 = VERTEX_POINT('',#5483);
#5483 = CARTESIAN_POINT('',(-3.754255956844,-0.460045850785,-2.));
#5484 = SURFACE_CURVE('',#5485,(#5489,#5496),.PCURVE_S1.);
#5485 = LINE('',#5486,#5487);
#5486 = CARTESIAN_POINT('',(1.027098411203,-2.238215600899,-2.));
#5487 = VECTOR('',#5488,1.);
#5488 = DIRECTION('',(0.937281989492,-0.348572047322,1.534832101007E-16)
  );
#5489 = PCURVE('',#338,#5490);
#5490 = DEFINITIONAL_REPRESENTATION('',(#5491),#5495);
#5491 = LINE('',#5492,#5493);
#5492 = CARTESIAN_POINT('',(1.027098411203,-2.761784399101));
#5493 = VECTOR('',#5494,1.);
#5494 = DIRECTION('',(0.937281989492,0.348572047322));
#5495 = ( GEOMETRIC_REPRESENTATION_CONTEXT(2) 
PARAMETRIC_REPRESENTATION_CONTEXT() REPRESENTATION_CONTEXT('2D SPACE',''
  ) );
#5496 = PCURVE('',#4417,#5497);
#5497 = DEFINITIONAL_REPRESENTATION('',(#5498),#5502);
#5498 = LINE('',#5499,#5500);
#5499 = CARTESIAN_POINT('',(-5.101297604831,-7.));
#5500 = VECTOR('',#5501,1.);
#5501 = DIRECTION('',(-1.,1.14783938833E-16));
#5502 = ( GEOMETRIC_REPRESENTATION_CONTEXT(2) 
PARAMETRIC_REPRESENTATION_CONTEXT() REPRESENTATION_CONTEXT('2D SPACE',''
  ) );
#5503 = ORIENTED_EDGE('',*,*,#5504,.T.);
#5504 = EDGE_CURVE('',#5482,#5505,#5507,.T.);
#5505 = VERTEX_POINT('',#5506);
#5506 = CARTESIAN_POINT('',(-3.775152074775,-0.336500583004,-2.));
#5507 = SURFACE_CURVE('',#5508,(#5512,#5519),.PCURVE_S1.);
#5508 = LINE('',#5509,#5510);
#5509 = CARTESIAN_POINT('',(-3.754255956844,-0.460045850785,-2.));
#5510 = VECTOR('',#5511,1.);
#5511 = DIRECTION('',(-0.166768746716,0.985996037071,-2.383330756836E-17
    ));
#5512 = PCURVE('',#338,#5513);
#5513 = DEFINITIONAL_REPRESENTATION('',(#5514),#5518);
#5514 = LINE('',#5515,#5516);
#5515 = CARTESIAN_POINT('',(-3.754255956844,-4.539954149215));
#5516 = VECTOR('',#5517,1.);
#5517 = DIRECTION('',(-0.166768746716,-0.985996037071));
#5518 = ( GEOMETRIC_REPRESENTATION_CONTEXT(2) 
PARAMETRIC_REPRESENTATION_CONTEXT() REPRESENTATION_CONTEXT('2D SPACE',''
  ) );
#5519 = PCURVE('',#4389,#5520);
#5520 = DEFINITIONAL_REPRESENTATION('',(#5521),#5525);
#5521 = LINE('',#5522,#5523);
#5522 = CARTESIAN_POINT('',(2.575879521682E-16,-7.));
#5523 = VECTOR('',#5524,1.);
#5524 = DIRECTION('',(-1.,8.563424268612E-17));
#5525 = ( GEOMETRIC_REPRESENTATION_CONTEXT(2) 
PARAMETRIC_REPRESENTATION_CONTEXT() REPRESENTATION_CONTEXT('2D SPACE',''
  ) );
#5526 = ORIENTED_EDGE('',*,*,#5527,.F.);
#5527 = EDGE_CURVE('',#5528,#5505,#5530,.T.);
#5528 = VERTEX_POINT('',#5529);
#5529 = CARTESIAN_POINT('',(-3.266711564326,3.275228433685E-02,-2.));
#5530 = SURFACE_CURVE('',#5531,(#5536,#5547),.PCURVE_S1.);
#5531 = CIRCLE('',#5532,6.);
#5532 = AXIS2_PLACEMENT_3D('',#5533,#5534,#5535);
#5533 = CARTESIAN_POINT('',(8.572527594031E-16,-5.,-2.));
#5534 = DIRECTION('',(-1.224646799147E-16,1.110223024625E-16,1.));
#5535 = DIRECTION('',(-1.,-1.359631073447E-32,-1.224646799147E-16));
#5536 = PCURVE('',#338,#5537);
#5537 = DEFINITIONAL_REPRESENTATION('',(#5538),#5546);
#5538 = ( BOUNDED_CURVE() B_SPLINE_CURVE(2,(#5539,#5540,#5541,#5542,
#5543,#5544,#5545),.UNSPECIFIED.,.T.,.F.) B_SPLINE_CURVE_WITH_KNOTS((1,2
    ,2,2,2,1),(-2.094395102393,0.,2.094395102393,4.188790204786,
6.28318530718,8.377580409573),.UNSPECIFIED.) CURVE() 
GEOMETRIC_REPRESENTATION_ITEM() RATIONAL_B_SPLINE_CURVE((1.,0.5,1.,0.5,
1.,0.5,1.)) REPRESENTATION_ITEM('') );
#5539 = CARTESIAN_POINT('',(-6.,0.));
#5540 = CARTESIAN_POINT('',(-6.,10.392304845413));
#5541 = CARTESIAN_POINT('',(3.,5.196152422707));
#5542 = CARTESIAN_POINT('',(12.,1.469576158977E-15));
#5543 = CARTESIAN_POINT('',(3.,-5.196152422707));
#5544 = CARTESIAN_POINT('',(-6.,-10.39230484541));
#5545 = CARTESIAN_POINT('',(-6.,0.));
#5546 = ( GEOMETRIC_REPRESENTATION_CONTEXT(2) 
PARAMETRIC_REPRESENTATION_CONTEXT() REPRESENTATION_CONTEXT('2D SPACE',''
  ) );
#5547 = PCURVE('',#4361,#5548);
#5548 = DEFINITIONAL_REPRESENTATION('',(#5549),#5553);
#5549 = LINE('',#5550,#5551);
#5550 = CARTESIAN_POINT('',(0.,-7.));
#5551 = VECTOR('',#5552,1.);
#5552 = DIRECTION('',(1.,0.));
#5553 = ( GEOMETRIC_REPRESENTATION_CONTEXT(2) 
PARAMETRIC_REPRESENTATION_CONTEXT() REPRESENTATION_CONTEXT('2D SPACE',''
  ) );
#5554 = ORIENTED_EDGE('',*,*,#5555,.T.);
#5555 = EDGE_CURVE('',#5528,#5556,#5558,.T.);
#5556 = VERTEX_POINT('',#5557);
#5557 = CARTESIAN_POINT('',(-3.155645393527,-2.531170657101E-02,-2.));
#5558 = SURFACE_CURVE('',#5559,(#5563,#5570),.PCURVE_S1.);
#5559 = LINE('',#5560,#5561);
#5560 = CARTESIAN_POINT('',(1.365142802598,-2.388722660856,-2.));
#5561 = VECTOR('',#5562,1.);
#5562 = DIRECTION('',(0.886203579231,-0.46329603512,1.599648302106E-16)
  );
#5563 = PCURVE('',#338,#5564);
#5564 = DEFINITIONAL_REPRESENTATION('',(#5565),#5569);
#5565 = LINE('',#5566,#5567);
#5566 = CARTESIAN_POINT('',(1.365142802598,-2.611277339144));
#5567 = VECTOR('',#5568,1.);
#5568 = DIRECTION('',(0.886203579231,0.46329603512));
#5569 = ( GEOMETRIC_REPRESENTATION_CONTEXT(2) 
PARAMETRIC_REPRESENTATION_CONTEXT() REPRESENTATION_CONTEXT('2D SPACE',''
  ) );
#5570 = PCURVE('',#4332,#5571);
#5571 = DEFINITIONAL_REPRESENTATION('',(#5572),#5576);
#5572 = LINE('',#5573,#5574);
#5573 = CARTESIAN_POINT('',(-5.101297604831,-7.));
#5574 = VECTOR('',#5575,1.);
#5575 = DIRECTION('',(-1.,1.085286376698E-16));
#5576 = ( GEOMETRIC_REPRESENTATION_CONTEXT(2) 
PARAMETRIC_REPRESENTATION_CONTEXT() REPRESENTATION_CONTEXT('2D SPACE',''
  ) );
#5577 = ORIENTED_EDGE('',*,*,#5578,.T.);
#5578 = EDGE_CURVE('',#5556,#5579,#5581,.T.);
#5579 = VERTEX_POINT('',#5580);
#5580 = CARTESIAN_POINT('',(-3.160892411425,9.987834790161E-02,-2.));
#5581 = SURFACE_CURVE('',#5582,(#5586,#5593),.PCURVE_S1.);
#5582 = LINE('',#5583,#5584);
#5583 = CARTESIAN_POINT('',(-3.155645393527,-2.531170657101E-02,-2.));
#5584 = VECTOR('',#5585,1.);
#5585 = DIRECTION('',(-4.187565372921E-02,0.999122830099,
    -9.995681698117E-18));
#5586 = PCURVE('',#338,#5587);
#5587 = DEFINITIONAL_REPRESENTATION('',(#5588),#5592);
#5588 = LINE('',#5589,#5590);
#5589 = CARTESIAN_POINT('',(-3.155645393527,-4.974688293429));
#5590 = VECTOR('',#5591,1.);
#5591 = DIRECTION('',(-4.187565372921E-02,-0.999122830099));
#5592 = ( GEOMETRIC_REPRESENTATION_CONTEXT(2) 
PARAMETRIC_REPRESENTATION_CONTEXT() REPRESENTATION_CONTEXT('2D SPACE',''
  ) );
#5593 = PCURVE('',#4304,#5594);
#5594 = DEFINITIONAL_REPRESENTATION('',(#5595),#5599);
#5595 = LINE('',#5596,#5597);
#5596 = CARTESIAN_POINT('',(1.481179689936E-16,-7.));
#5597 = VECTOR('',#5598,1.);
#5598 = DIRECTION('',(-1.,1.009292353423E-16));
#5599 = ( GEOMETRIC_REPRESENTATION_CONTEXT(2) 
PARAMETRIC_REPRESENTATION_CONTEXT() REPRESENTATION_CONTEXT('2D SPACE',''
  ) );
#5600 = ORIENTED_EDGE('',*,*,#5601,.F.);
#5601 = EDGE_CURVE('',#5602,#5579,#5604,.T.);
#5602 = VERTEX_POINT('',#5603);
#5603 = CARTESIAN_POINT('',(-2.610181450398,0.402495052844,-2.));
#5604 = SURFACE_CURVE('',#5605,(#5610,#5621),.PCURVE_S1.);
#5605 = CIRCLE('',#5606,6.);
#5606 = AXIS2_PLACEMENT_3D('',#5607,#5608,#5609);
#5607 = CARTESIAN_POINT('',(8.572527594031E-16,-5.,-2.));
#5608 = DIRECTION('',(-1.224646799147E-16,1.110223024625E-16,1.));
#5609 = DIRECTION('',(-1.,-1.359631073447E-32,-1.224646799147E-16));
#5610 = PCURVE('',#338,#5611);
#5611 = DEFINITIONAL_REPRESENTATION('',(#5612),#5620);
#5612 = ( BOUNDED_CURVE() B_SPLINE_CURVE(2,(#5613,#5614,#5615,#5616,
#5617,#5618,#5619),.UNSPECIFIED.,.T.,.F.) B_SPLINE_CURVE_WITH_KNOTS((1,2
    ,2,2,2,1),(-2.094395102393,0.,2.094395102393,4.188790204786,
6.28318530718,8.377580409573),.UNSPECIFIED.) CURVE() 
GEOMETRIC_REPRESENTATION_ITEM() RATIONAL_B_SPLINE_CURVE((1.,0.5,1.,0.5,
1.,0.5,1.)) REPRESENTATION_ITEM('') );
#5613 = CARTESIAN_POINT('',(-6.,0.));
#5614 = CARTESIAN_POINT('',(-6.,10.392304845413));
#5615 = CARTESIAN_POINT('',(3.,5.196152422707));
#5616 = CARTESIAN_POINT('',(12.,1.469576158977E-15));
#5617 = CARTESIAN_POINT('',(3.,-5.196152422707));
#5618 = CARTESIAN_POINT('',(-6.,-10.39230484541));
#5619 = CARTESIAN_POINT('',(-6.,0.));
#5620 = ( GEOMETRIC_REPRESENTATION_CONTEXT(2) 
PARAMETRIC_REPRESENTATION_CONTEXT() REPRESENTATION_CONTEXT('2D SPACE',''
  ) );
#5621 = PCURVE('',#4276,#5622);
#5622 = DEFINITIONAL_REPRESENTATION('',(#5623),#5627);
#5623 = LINE('',#5624,#5625);
#5624 = CARTESIAN_POINT('',(0.,-7.));
#5625 = VECTOR('',#5626,1.);
#5626 = DIRECTION('',(1.,0.));
#5627 = ( GEOMETRIC_REPRESENTATION_CONTEXT(2) 
PARAMETRIC_REPRESENTATION_CONTEXT() REPRESENTATION_CONTEXT('2D SPACE',''
  ) );
#5628 = ORIENTED_EDGE('',*,*,#5629,.T.);
#5629 = EDGE_CURVE('',#5602,#5630,#5632,.T.);
#5630 = VERTEX_POINT('',#5631);
#5631 = CARTESIAN_POINT('',(-2.507268417264,0.330968631521,-2.));
#5632 = SURFACE_CURVE('',#5633,(#5637,#5644),.PCURVE_S1.);
#5633 = LINE('',#5634,#5635);
#5634 = CARTESIAN_POINT('',(1.681658076499,-2.580411124352,-2.));
#5635 = VECTOR('',#5636,1.);
#5636 = DIRECTION('',(0.821149209134,-0.570713567684,1.639237093897E-16)
  );
#5637 = PCURVE('',#338,#5638);
#5638 = DEFINITIONAL_REPRESENTATION('',(#5639),#5643);
#5639 = LINE('',#5640,#5641);
#5640 = CARTESIAN_POINT('',(1.681658076499,-2.419588875648));
#5641 = VECTOR('',#5642,1.);
#5642 = DIRECTION('',(0.821149209134,0.570713567684));
#5643 = ( GEOMETRIC_REPRESENTATION_CONTEXT(2) 
PARAMETRIC_REPRESENTATION_CONTEXT() REPRESENTATION_CONTEXT('2D SPACE',''
  ) );
#5644 = PCURVE('',#4247,#5645);
#5645 = DEFINITIONAL_REPRESENTATION('',(#5646),#5650);
#5646 = LINE('',#5647,#5648);
#5647 = CARTESIAN_POINT('',(-5.101297604831,-7.));
#5648 = VECTOR('',#5649,1.);
#5649 = DIRECTION('',(-1.,1.005617750588E-16));
#5650 = ( GEOMETRIC_REPRESENTATION_CONTEXT(2) 
PARAMETRIC_REPRESENTATION_CONTEXT() REPRESENTATION_CONTEXT('2D SPACE',''
  ) );
#5651 = ORIENTED_EDGE('',*,*,#5652,.T.);
#5652 = EDGE_CURVE('',#5630,#5653,#5655,.T.);
#5653 = VERTEX_POINT('',#5654);
#5654 = CARTESIAN_POINT('',(-2.496783586521,0.455829150741,-2.));
#5655 = SURFACE_CURVE('',#5656,(#5660,#5667),.PCURVE_S1.);
#5656 = LINE('',#5657,#5658);
#5657 = CARTESIAN_POINT('',(-2.507268417264,0.330968631521,-2.));
#5658 = VECTOR('',#5659,1.);
#5659 = DIRECTION('',(8.36778433323E-02,0.99649285925,5.672172550801E-18
    ));
#5660 = PCURVE('',#338,#5661);
#5661 = DEFINITIONAL_REPRESENTATION('',(#5662),#5666);
#5662 = LINE('',#5663,#5664);
#5663 = CARTESIAN_POINT('',(-2.507268417264,-5.330968631521));
#5664 = VECTOR('',#5665,1.);
#5665 = DIRECTION('',(8.36778433323E-02,-0.99649285925));
#5666 = ( GEOMETRIC_REPRESENTATION_CONTEXT(2) 
PARAMETRIC_REPRESENTATION_CONTEXT() REPRESENTATION_CONTEXT('2D SPACE',''
  ) );
#5667 = PCURVE('',#4219,#5668);
#5668 = DEFINITIONAL_REPRESENTATION('',(#5669),#5673);
#5669 = LINE('',#5670,#5671);
#5670 = CARTESIAN_POINT('',(3.631207696653E-17,-7.));
#5671 = VECTOR('',#5672,1.);
#5672 = DIRECTION('',(-1.,1.163051041721E-16));
#5673 = ( GEOMETRIC_REPRESENTATION_CONTEXT(2) 
PARAMETRIC_REPRESENTATION_CONTEXT() REPRESENTATION_CONTEXT('2D SPACE',''
  ) );
#5674 = ORIENTED_EDGE('',*,*,#5675,.F.);
#5675 = EDGE_CURVE('',#5676,#5653,#5678,.T.);
#5676 = VERTEX_POINT('',#5677);
#5677 = CARTESIAN_POINT('',(-1.91248721575,0.687037247073,-2.));
#5678 = SURFACE_CURVE('',#5679,(#5684,#5695),.PCURVE_S1.);
#5679 = CIRCLE('',#5680,6.);
#5680 = AXIS2_PLACEMENT_3D('',#5681,#5682,#5683);
#5681 = CARTESIAN_POINT('',(8.572527594031E-16,-5.,-2.));
#5682 = DIRECTION('',(-1.224646799147E-16,1.110223024625E-16,1.));
#5683 = DIRECTION('',(-1.,-1.359631073447E-32,-1.224646799147E-16));
#5684 = PCURVE('',#338,#5685);
#5685 = DEFINITIONAL_REPRESENTATION('',(#5686),#5694);
#5686 = ( BOUNDED_CURVE() B_SPLINE_CURVE(2,(#5687,#5688,#5689,#5690,
#5691,#5692,#5693),.UNSPECIFIED.,.T.,.F.) B_SPLINE_CURVE_WITH_KNOTS((1,2
    ,2,2,2,1),(-2.094395102393,0.,2.094395102393,4.188790204786,
6.28318530718,8.377580409573),.UNSPECIFIED.) CURVE() 
GEOMETRIC_REPRESENTATION_ITEM() RATIONAL_B_SPLINE_CURVE((1.,0.5,1.,0.5,
1.,0.5,1.)) REPRESENTATION_ITEM('') );
#5687 = CARTESIAN_POINT('',(-6.,0.));
#5688 = CARTESIAN_POINT('',(-6.,10.392304845413));
#5689 = CARTESIAN_POINT('',(3.,5.196152422707));
#5690 = CARTESIAN_POINT('',(12.,1.469576158977E-15));
#5691 = CARTESIAN_POINT('',(3.,-5.196152422707));
#5692 = CARTESIAN_POINT('',(-6.,-10.39230484541));
#5693 = CARTESIAN_POINT('',(-6.,0.));
#5694 = ( GEOMETRIC_REPRESENTATION_CONTEXT(2) 
PARAMETRIC_REPRESENTATION_CONTEXT() REPRESENTATION_CONTEXT('2D SPACE',''
  ) );
#5695 = PCURVE('',#4191,#5696);
#5696 = DEFINITIONAL_REPRESENTATION('',(#5697),#5701);
#5697 = LINE('',#5698,#5699);
#5698 = CARTESIAN_POINT('',(0.,-7.));
#5699 = VECTOR('',#5700,1.);
#5700 = DIRECTION('',(1.,0.));
#5701 = ( GEOMETRIC_REPRESENTATION_CONTEXT(2) 
PARAMETRIC_REPRESENTATION_CONTEXT() REPRESENTATION_CONTEXT('2D SPACE',''
  ) );
#5702 = ORIENTED_EDGE('',*,*,#5703,.T.);
#5703 = EDGE_CURVE('',#5676,#5704,#5706,.T.);
#5704 = VERTEX_POINT('',#5705);
#5705 = CARTESIAN_POINT('',(-1.819350320291,0.603176409728,-2.));
#5706 = SURFACE_CURVE('',#5707,(#5711,#5718),.PCURVE_S1.);
#5707 = LINE('',#5708,#5709);
#5708 = CARTESIAN_POINT('',(1.97165259796,-2.81025794981,-2.));
#5709 = VECTOR('',#5710,1.);
#5710 = DIRECTION('',(0.743144825477,-0.669130606359,1.652974137485E-16)
  );
#5711 = PCURVE('',#338,#5712);
#5712 = DEFINITIONAL_REPRESENTATION('',(#5713),#5717);
#5713 = LINE('',#5714,#5715);
#5714 = CARTESIAN_POINT('',(1.97165259796,-2.18974205019));
#5715 = VECTOR('',#5716,1.);
#5716 = DIRECTION('',(0.743144825477,0.669130606359));
#5717 = ( GEOMETRIC_REPRESENTATION_CONTEXT(2) 
PARAMETRIC_REPRESENTATION_CONTEXT() REPRESENTATION_CONTEXT('2D SPACE',''
  ) );
#5718 = PCURVE('',#4162,#5719);
#5719 = DEFINITIONAL_REPRESENTATION('',(#5720),#5724);
#5720 = LINE('',#5721,#5722);
#5721 = CARTESIAN_POINT('',(-5.101297604831,-7.));
#5722 = VECTOR('',#5723,1.);
#5723 = DIRECTION('',(-1.,9.100899318238E-17));
#5724 = ( GEOMETRIC_REPRESENTATION_CONTEXT(2) 
PARAMETRIC_REPRESENTATION_CONTEXT() REPRESENTATION_CONTEXT('2D SPACE',''
  ) );
#5725 = ORIENTED_EDGE('',*,*,#5726,.T.);
#5726 = EDGE_CURVE('',#5704,#5727,#5729,.T.);
#5727 = VERTEX_POINT('',#5728);
#5728 = CARTESIAN_POINT('',(-1.793298992951,0.72573826872,-2.));
#5729 = SURFACE_CURVE('',#5730,(#5734,#5741),.PCURVE_S1.);
#5730 = LINE('',#5731,#5732);
#5731 = CARTESIAN_POINT('',(-1.819350320291,0.603176409728,-2.));
#5732 = VECTOR('',#5733,1.);
#5733 = DIRECTION('',(0.207911690818,0.978147600734,2.292316375736E-17)
  );
#5734 = PCURVE('',#338,#5735);
#5735 = DEFINITIONAL_REPRESENTATION('',(#5736),#5740);
#5736 = LINE('',#5737,#5738);
#5737 = CARTESIAN_POINT('',(-1.819350320291,-5.603176409728));
#5738 = VECTOR('',#5739,1.);
#5739 = DIRECTION('',(0.207911690818,-0.978147600734));
#5740 = ( GEOMETRIC_REPRESENTATION_CONTEXT(2) 
PARAMETRIC_REPRESENTATION_CONTEXT() REPRESENTATION_CONTEXT('2D SPACE',''
  ) );
#5741 = PCURVE('',#4134,#5742);
#5742 = DEFINITIONAL_REPRESENTATION('',(#5743),#5747);
#5743 = LINE('',#5744,#5745);
#5744 = CARTESIAN_POINT('',(-7.606647820604E-17,-7.));
#5745 = VECTOR('',#5746,1.);
#5746 = DIRECTION('',(-1.,1.31519362539E-16));
#5747 = ( GEOMETRIC_REPRESENTATION_CONTEXT(2) 
PARAMETRIC_REPRESENTATION_CONTEXT() REPRESENTATION_CONTEXT('2D SPACE',''
  ) );
#5748 = ORIENTED_EDGE('',*,*,#5749,.F.);
#5749 = EDGE_CURVE('',#5750,#5727,#5752,.T.);
#5750 = VERTEX_POINT('',#5751);
#5751 = CARTESIAN_POINT('',(-1.184631915245,0.881891466644,-2.));
#5752 = SURFACE_CURVE('',#5753,(#5758,#5769),.PCURVE_S1.);
#5753 = CIRCLE('',#5754,6.);
#5754 = AXIS2_PLACEMENT_3D('',#5755,#5756,#5757);
#5755 = CARTESIAN_POINT('',(8.572527594031E-16,-5.,-2.));
#5756 = DIRECTION('',(-1.224646799147E-16,1.110223024625E-16,1.));
#5757 = DIRECTION('',(-1.,-1.359631073447E-32,-1.224646799147E-16));
#5758 = PCURVE('',#338,#5759);
#5759 = DEFINITIONAL_REPRESENTATION('',(#5760),#5768);
#5760 = ( BOUNDED_CURVE() B_SPLINE_CURVE(2,(#5761,#5762,#5763,#5764,
#5765,#5766,#5767),.UNSPECIFIED.,.T.,.F.) B_SPLINE_CURVE_WITH_KNOTS((1,2
    ,2,2,2,1),(-2.094395102393,0.,2.094395102393,4.188790204786,
6.28318530718,8.377580409573),.UNSPECIFIED.) CURVE() 
GEOMETRIC_REPRESENTATION_ITEM() RATIONAL_B_SPLINE_CURVE((1.,0.5,1.,0.5,
1.,0.5,1.)) REPRESENTATION_ITEM('') );
#5761 = CARTESIAN_POINT('',(-6.,0.));
#5762 = CARTESIAN_POINT('',(-6.,10.392304845413));
#5763 = CARTESIAN_POINT('',(3.,5.196152422707));
#5764 = CARTESIAN_POINT('',(12.,1.469576158977E-15));
#5765 = CARTESIAN_POINT('',(3.,-5.196152422707));
#5766 = CARTESIAN_POINT('',(-6.,-10.39230484541));
#5767 = CARTESIAN_POINT('',(-6.,0.));
#5768 = ( GEOMETRIC_REPRESENTATION_CONTEXT(2) 
PARAMETRIC_REPRESENTATION_CONTEXT() REPRESENTATION_CONTEXT('2D SPACE',''
  ) );
#5769 = PCURVE('',#4106,#5770);
#5770 = DEFINITIONAL_REPRESENTATION('',(#5771),#5775);
#5771 = LINE('',#5772,#5773);
#5772 = CARTESIAN_POINT('',(0.,-7.));
#5773 = VECTOR('',#5774,1.);
#5774 = DIRECTION('',(1.,0.));
#5775 = ( GEOMETRIC_REPRESENTATION_CONTEXT(2) 
PARAMETRIC_REPRESENTATION_CONTEXT() REPRESENTATION_CONTEXT('2D SPACE',''
  ) );
#5776 = ORIENTED_EDGE('',*,*,#5777,.T.);
#5777 = EDGE_CURVE('',#5750,#5778,#5780,.T.);
#5778 = VERTEX_POINT('',#5779);
#5779 = CARTESIAN_POINT('',(-1.102739981939,0.787018748778,-2.));
#5780 = SURFACE_CURVE('',#5781,(#5785,#5792),.PCURVE_S1.);
#5781 = LINE('',#5782,#5783);
#5782 = CARTESIAN_POINT('',(2.230552980143,-3.074638315488,-2.));
#5783 = VECTOR('',#5784,1.);
#5784 = DIRECTION('',(0.65342060399,-0.756995055652,1.640642791485E-16)
  );
#5785 = PCURVE('',#338,#5786);
#5786 = DEFINITIONAL_REPRESENTATION('',(#5787),#5791);
#5787 = LINE('',#5788,#5789);
#5788 = CARTESIAN_POINT('',(2.230552980143,-1.925361684512));
#5789 = VECTOR('',#5790,1.);
#5790 = DIRECTION('',(0.65342060399,0.756995055652));
#5791 = ( GEOMETRIC_REPRESENTATION_CONTEXT(2) 
PARAMETRIC_REPRESENTATION_CONTEXT() REPRESENTATION_CONTEXT('2D SPACE',''
  ) );
#5792 = PCURVE('',#4077,#5793);
#5793 = DEFINITIONAL_REPRESENTATION('',(#5794),#5798);
#5794 = LINE('',#5795,#5796);
#5795 = CARTESIAN_POINT('',(-5.101297604831,-7.));
#5796 = VECTOR('',#5797,1.);
#5797 = DIRECTION('',(-1.,8.002094511734E-17));
#5798 = ( GEOMETRIC_REPRESENTATION_CONTEXT(2) 
PARAMETRIC_REPRESENTATION_CONTEXT() REPRESENTATION_CONTEXT('2D SPACE',''
  ) );
#5799 = ORIENTED_EDGE('',*,*,#5800,.T.);
#5800 = EDGE_CURVE('',#5778,#5801,#5803,.T.);
#5801 = VERTEX_POINT('',#5802);
#5802 = CARTESIAN_POINT('',(-1.061533002998,0.90534907381,-2.));
#5803 = SURFACE_CURVE('',#5804,(#5808,#5815),.PCURVE_S1.);
#5804 = LINE('',#5805,#5806);
#5805 = CARTESIAN_POINT('',(-1.102739981939,0.787018748778,-2.));
#5806 = VECTOR('',#5807,1.);
#5807 = DIRECTION('',(0.328866646739,0.944376370237,4.1485233485E-17));
#5808 = PCURVE('',#338,#5809);
#5809 = DEFINITIONAL_REPRESENTATION('',(#5810),#5814);
#5810 = LINE('',#5811,#5812);
#5811 = CARTESIAN_POINT('',(-1.102739981939,-5.787018748778));
#5812 = VECTOR('',#5813,1.);
#5813 = DIRECTION('',(0.328866646739,-0.944376370237));
#5814 = ( GEOMETRIC_REPRESENTATION_CONTEXT(2) 
PARAMETRIC_REPRESENTATION_CONTEXT() REPRESENTATION_CONTEXT('2D SPACE',''
  ) );
#5815 = PCURVE('',#4049,#5816);
#5816 = DEFINITIONAL_REPRESENTATION('',(#5817),#5821);
#5817 = LINE('',#5818,#5819);
#5818 = CARTESIAN_POINT('',(-1.872454195774E-16,-7.));
#5819 = VECTOR('',#5820,1.);
#5820 = DIRECTION('',(-1.,1.463320725E-16));
#5821 = ( GEOMETRIC_REPRESENTATION_CONTEXT(2) 
PARAMETRIC_REPRESENTATION_CONTEXT() REPRESENTATION_CONTEXT('2D SPACE',''
  ) );
#5822 = ORIENTED_EDGE('',*,*,#5823,.F.);
#5823 = EDGE_CURVE('',#5824,#5801,#5826,.T.);
#5824 = VERTEX_POINT('',#5825);
#5825 = CARTESIAN_POINT('',(-0.438094261772,0.983984744115,-2.));
#5826 = SURFACE_CURVE('',#5827,(#5832,#5843),.PCURVE_S1.);
#5827 = CIRCLE('',#5828,6.);
#5828 = AXIS2_PLACEMENT_3D('',#5829,#5830,#5831);
#5829 = CARTESIAN_POINT('',(8.572527594031E-16,-5.,-2.));
#5830 = DIRECTION('',(-1.224646799147E-16,1.110223024625E-16,1.));
#5831 = DIRECTION('',(-1.,-1.359631073447E-32,-1.224646799147E-16));
#5832 = PCURVE('',#338,#5833);
#5833 = DEFINITIONAL_REPRESENTATION('',(#5834),#5842);
#5834 = ( BOUNDED_CURVE() B_SPLINE_CURVE(2,(#5835,#5836,#5837,#5838,
#5839,#5840,#5841),.UNSPECIFIED.,.T.,.F.) B_SPLINE_CURVE_WITH_KNOTS((1,2
    ,2,2,2,1),(-2.094395102393,0.,2.094395102393,4.188790204786,
6.28318530718,8.377580409573),.UNSPECIFIED.) CURVE() 
GEOMETRIC_REPRESENTATION_ITEM() RATIONAL_B_SPLINE_CURVE((1.,0.5,1.,0.5,
1.,0.5,1.)) REPRESENTATION_ITEM('') );
#5835 = CARTESIAN_POINT('',(-6.,0.));
#5836 = CARTESIAN_POINT('',(-6.,10.392304845413));
#5837 = CARTESIAN_POINT('',(3.,5.196152422707));
#5838 = CARTESIAN_POINT('',(12.,1.469576158977E-15));
#5839 = CARTESIAN_POINT('',(3.,-5.196152422707));
#5840 = CARTESIAN_POINT('',(-6.,-10.39230484541));
#5841 = CARTESIAN_POINT('',(-6.,0.));
#5842 = ( GEOMETRIC_REPRESENTATION_CONTEXT(2) 
PARAMETRIC_REPRESENTATION_CONTEXT() REPRESENTATION_CONTEXT('2D SPACE',''
  ) );
#5843 = PCURVE('',#4021,#5844);
#5844 = DEFINITIONAL_REPRESENTATION('',(#5845),#5849);
#5845 = LINE('',#5846,#5847);
#5846 = CARTESIAN_POINT('',(0.,-7.));
#5847 = VECTOR('',#5848,1.);
#5848 = DIRECTION('',(1.,0.));
#5849 = ( GEOMETRIC_REPRESENTATION_CONTEXT(2) 
PARAMETRIC_REPRESENTATION_CONTEXT() REPRESENTATION_CONTEXT('2D SPACE',''
  ) );
#5850 = ORIENTED_EDGE('',*,*,#5851,.T.);
#5851 = EDGE_CURVE('',#5824,#5852,#5854,.T.);
#5852 = VERTEX_POINT('',#5853);
#5853 = CARTESIAN_POINT('',(-0.368738775328,0.879596345162,-2.));
#5854 = SURFACE_CURVE('',#5855,(#5859,#5866),.PCURVE_S1.);
#5855 = LINE('',#5856,#5857);
#5856 = CARTESIAN_POINT('',(2.454276209361,-3.369382785086,-2.));
#5857 = VECTOR('',#5858,1.);
#5858 = DIRECTION('',(0.553391549243,-0.83292124071,1.602437528592E-16)
  );
#5859 = PCURVE('',#338,#5860);
#5860 = DEFINITIONAL_REPRESENTATION('',(#5861),#5865);
#5861 = LINE('',#5862,#5863);
#5862 = CARTESIAN_POINT('',(2.454276209361,-1.630617214914));
#5863 = VECTOR('',#5864,1.);
#5864 = DIRECTION('',(0.553391549243,0.83292124071));
#5865 = ( GEOMETRIC_REPRESENTATION_CONTEXT(2) 
PARAMETRIC_REPRESENTATION_CONTEXT() REPRESENTATION_CONTEXT('2D SPACE',''
  ) );
#5866 = PCURVE('',#3992,#5867);
#5867 = DEFINITIONAL_REPRESENTATION('',(#5868),#5872);
#5868 = LINE('',#5869,#5870);
#5869 = CARTESIAN_POINT('',(-5.101297604831,-7.));
#5870 = VECTOR('',#5871,1.);
#5871 = DIRECTION('',(-1.,6.777091894561E-17));
#5872 = ( GEOMETRIC_REPRESENTATION_CONTEXT(2) 
PARAMETRIC_REPRESENTATION_CONTEXT() REPRESENTATION_CONTEXT('2D SPACE',''
  ) );
#5873 = ORIENTED_EDGE('',*,*,#5874,.T.);
#5874 = EDGE_CURVE('',#5852,#5875,#5877,.T.);
#5875 = VERTEX_POINT('',#5876);
#5876 = CARTESIAN_POINT('',(-0.313026003458,0.991828996321,-2.));
#5877 = SURFACE_CURVE('',#5878,(#5882,#5889),.PCURVE_S1.);
#5878 = LINE('',#5879,#5880);
#5879 = CARTESIAN_POINT('',(-0.368738775328,0.879596345162,-2.));
#5880 = VECTOR('',#5881,1.);
#5881 = DIRECTION('',(0.444635179185,0.895711760239,6.106564680567E-17)
  );
#5882 = PCURVE('',#338,#5883);
#5883 = DEFINITIONAL_REPRESENTATION('',(#5884),#5888);
#5884 = LINE('',#5885,#5886);
#5885 = CARTESIAN_POINT('',(-0.368738775328,-5.879596345162));
#5886 = VECTOR('',#5887,1.);
#5887 = DIRECTION('',(0.444635179185,-0.895711760239));
#5888 = ( GEOMETRIC_REPRESENTATION_CONTEXT(2) 
PARAMETRIC_REPRESENTATION_CONTEXT() REPRESENTATION_CONTEXT('2D SPACE',''
  ) );
#5889 = PCURVE('',#3964,#5890);
#5890 = DEFINITIONAL_REPRESENTATION('',(#5891),#5895);
#5891 = LINE('',#5892,#5893);
#5892 = CARTESIAN_POINT('',(-2.707891781525E-16,-7.));
#5893 = VECTOR('',#5894,1.);
#5894 = DIRECTION('',(-1.,1.605096287702E-16));
#5895 = ( GEOMETRIC_REPRESENTATION_CONTEXT(2) 
PARAMETRIC_REPRESENTATION_CONTEXT() REPRESENTATION_CONTEXT('2D SPACE',''
  ) );
#5896 = ORIENTED_EDGE('',*,*,#5897,.F.);
#5897 = EDGE_CURVE('',#5898,#5875,#5900,.T.);
#5898 = VERTEX_POINT('',#5899);
#5899 = CARTESIAN_POINT('',(0.315352399913,0.991707007512,-2.));
#5900 = SURFACE_CURVE('',#5901,(#5906,#5917),.PCURVE_S1.);
#5901 = CIRCLE('',#5902,6.);
#5902 = AXIS2_PLACEMENT_3D('',#5903,#5904,#5905);
#5903 = CARTESIAN_POINT('',(8.572527594031E-16,-5.,-2.));
#5904 = DIRECTION('',(-1.224646799147E-16,1.110223024625E-16,1.));
#5905 = DIRECTION('',(-1.,-1.359631073447E-32,-1.224646799147E-16));
#5906 = PCURVE('',#338,#5907);
#5907 = DEFINITIONAL_REPRESENTATION('',(#5908),#5916);
#5908 = ( BOUNDED_CURVE() B_SPLINE_CURVE(2,(#5909,#5910,#5911,#5912,
#5913,#5914,#5915),.UNSPECIFIED.,.T.,.F.) B_SPLINE_CURVE_WITH_KNOTS((1,2
    ,2,2,2,1),(-2.094395102393,0.,2.094395102393,4.188790204786,
6.28318530718,8.377580409573),.UNSPECIFIED.) CURVE() 
GEOMETRIC_REPRESENTATION_ITEM() RATIONAL_B_SPLINE_CURVE((1.,0.5,1.,0.5,
1.,0.5,1.)) REPRESENTATION_ITEM('') );
#5909 = CARTESIAN_POINT('',(-6.,0.));
#5910 = CARTESIAN_POINT('',(-6.,10.392304845413));
#5911 = CARTESIAN_POINT('',(3.,5.196152422707));
#5912 = CARTESIAN_POINT('',(12.,1.469576158977E-15));
#5913 = CARTESIAN_POINT('',(3.,-5.196152422707));
#5914 = CARTESIAN_POINT('',(-6.,-10.39230484541));
#5915 = CARTESIAN_POINT('',(-6.,0.));
#5916 = ( GEOMETRIC_REPRESENTATION_CONTEXT(2) 
PARAMETRIC_REPRESENTATION_CONTEXT() REPRESENTATION_CONTEXT('2D SPACE',''
  ) );
#5917 = PCURVE('',#3936,#5918);
#5918 = DEFINITIONAL_REPRESENTATION('',(#5919),#5923);
#5919 = LINE('',#5920,#5921);
#5920 = CARTESIAN_POINT('',(0.,-7.));
#5921 = VECTOR('',#5922,1.);
#5922 = DIRECTION('',(1.,0.));
#5923 = ( GEOMETRIC_REPRESENTATION_CONTEXT(2) 
PARAMETRIC_REPRESENTATION_CONTEXT() REPRESENTATION_CONTEXT('2D SPACE',''
  ) );
#5924 = ORIENTED_EDGE('',*,*,#5925,.T.);
#5925 = EDGE_CURVE('',#5898,#5926,#5928,.T.);
#5926 = VERTEX_POINT('',#5927);
#5927 = CARTESIAN_POINT('',(0.371077662045,0.879449194882,-2.));
#5928 = SURFACE_CURVE('',#5929,(#5933,#5940),.PCURVE_S1.);
#5929 = LINE('',#5930,#5931);
#5930 = CARTESIAN_POINT('',(2.639294036645,-3.689843062246,-2.));
#5931 = VECTOR('',#5932,1.);
#5932 = DIRECTION('',(0.444635179185,-0.895711760239,1.538960868622E-16)
  );
#5933 = PCURVE('',#338,#5934);
#5934 = DEFINITIONAL_REPRESENTATION('',(#5935),#5939);
#5935 = LINE('',#5936,#5937);
#5936 = CARTESIAN_POINT('',(2.639294036645,-1.310156937754));
#5937 = VECTOR('',#5938,1.);
#5938 = DIRECTION('',(0.444635179185,0.895711760239));
#5939 = ( GEOMETRIC_REPRESENTATION_CONTEXT(2) 
PARAMETRIC_REPRESENTATION_CONTEXT() REPRESENTATION_CONTEXT('2D SPACE',''
  ) );
#5940 = PCURVE('',#3907,#5941);
#5941 = DEFINITIONAL_REPRESENTATION('',(#5942),#5946);
#5942 = LINE('',#5943,#5944);
#5943 = CARTESIAN_POINT('',(-5.101297604831,-7.));
#5944 = VECTOR('',#5945,1.);
#5945 = DIRECTION('',(-1.,5.445210489771E-17));
#5946 = ( GEOMETRIC_REPRESENTATION_CONTEXT(2) 
PARAMETRIC_REPRESENTATION_CONTEXT() REPRESENTATION_CONTEXT('2D SPACE',''
  ) );
#5947 = ORIENTED_EDGE('',*,*,#5948,.T.);
#5948 = EDGE_CURVE('',#5926,#5949,#5951,.T.);
#5949 = VERTEX_POINT('',#5950);
#5950 = CARTESIAN_POINT('',(0.440417603149,0.983814196216,-2.));
#5951 = SURFACE_CURVE('',#5952,(#5956,#5963),.PCURVE_S1.);
#5952 = LINE('',#5953,#5954);
#5953 = CARTESIAN_POINT('',(0.371077662045,0.879449194882,-2.));
#5954 = VECTOR('',#5955,1.);
#5955 = DIRECTION('',(0.553391549243,0.83292124071,8.135560890452E-17));
#5956 = PCURVE('',#338,#5957);
#5957 = DEFINITIONAL_REPRESENTATION('',(#5958),#5962);
#5958 = LINE('',#5959,#5960);
#5959 = CARTESIAN_POINT('',(0.371077662045,-5.879449194882));
#5960 = VECTOR('',#5961,1.);
#5961 = DIRECTION('',(0.553391549243,-0.83292124071));
#5962 = ( GEOMETRIC_REPRESENTATION_CONTEXT(2) 
PARAMETRIC_REPRESENTATION_CONTEXT() REPRESENTATION_CONTEXT('2D SPACE',''
  ) );
#5963 = PCURVE('',#3879,#5964);
#5964 = DEFINITIONAL_REPRESENTATION('',(#5965),#5969);
#5965 = LINE('',#5966,#5967);
#5966 = CARTESIAN_POINT('',(-3.375987938085E-16,-7.));
#5967 = VECTOR('',#5968,1.);
#5968 = DIRECTION('',(-1.,1.738284428181E-16));
#5969 = ( GEOMETRIC_REPRESENTATION_CONTEXT(2) 
PARAMETRIC_REPRESENTATION_CONTEXT() REPRESENTATION_CONTEXT('2D SPACE',''
  ) );
#5970 = ORIENTED_EDGE('',*,*,#5971,.F.);
#5971 = EDGE_CURVE('',#5972,#5949,#5974,.T.);
#5972 = VERTEX_POINT('',#5973);
#5973 = CARTESIAN_POINT('',(1.06382576587,0.904936472128,-2.));
#5974 = SURFACE_CURVE('',#5975,(#5980,#5991),.PCURVE_S1.);
#5975 = CIRCLE('',#5976,6.);
#5976 = AXIS2_PLACEMENT_3D('',#5977,#5978,#5979);
#5977 = CARTESIAN_POINT('',(8.572527594031E-16,-5.,-2.));
#5978 = DIRECTION('',(-1.224646799147E-16,1.110223024625E-16,1.));
#5979 = DIRECTION('',(-1.,-1.359631073447E-32,-1.224646799147E-16));
#5980 = PCURVE('',#338,#5981);
#5981 = DEFINITIONAL_REPRESENTATION('',(#5982),#5990);
#5982 = ( BOUNDED_CURVE() B_SPLINE_CURVE(2,(#5983,#5984,#5985,#5986,
#5987,#5988,#5989),.UNSPECIFIED.,.T.,.F.) B_SPLINE_CURVE_WITH_KNOTS((1,2
    ,2,2,2,1),(-2.094395102393,0.,2.094395102393,4.188790204786,
6.28318530718,8.377580409573),.UNSPECIFIED.) CURVE() 
GEOMETRIC_REPRESENTATION_ITEM() RATIONAL_B_SPLINE_CURVE((1.,0.5,1.,0.5,
1.,0.5,1.)) REPRESENTATION_ITEM('') );
#5983 = CARTESIAN_POINT('',(-6.,0.));
#5984 = CARTESIAN_POINT('',(-6.,10.392304845413));
#5985 = CARTESIAN_POINT('',(3.,5.196152422707));
#5986 = CARTESIAN_POINT('',(12.,1.469576158977E-15));
#5987 = CARTESIAN_POINT('',(3.,-5.196152422707));
#5988 = CARTESIAN_POINT('',(-6.,-10.39230484541));
#5989 = CARTESIAN_POINT('',(-6.,0.));
#5990 = ( GEOMETRIC_REPRESENTATION_CONTEXT(2) 
PARAMETRIC_REPRESENTATION_CONTEXT() REPRESENTATION_CONTEXT('2D SPACE',''
  ) );
#5991 = PCURVE('',#3851,#5992);
#5992 = DEFINITIONAL_REPRESENTATION('',(#5993),#5997);
#5993 = LINE('',#5994,#5995);
#5994 = CARTESIAN_POINT('',(0.,-7.));
#5995 = VECTOR('',#5996,1.);
#5996 = DIRECTION('',(1.,0.));
#5997 = ( GEOMETRIC_REPRESENTATION_CONTEXT(2) 
PARAMETRIC_REPRESENTATION_CONTEXT() REPRESENTATION_CONTEXT('2D SPACE',''
  ) );
#5998 = ORIENTED_EDGE('',*,*,#5999,.T.);
#5999 = EDGE_CURVE('',#5972,#6000,#6002,.T.);
#6000 = VERTEX_POINT('',#6001);
#6001 = CARTESIAN_POINT('',(1.105041983016,0.786579618587,-2.));
#6002 = SURFACE_CURVE('',#6003,(#6007,#6014),.PCURVE_S1.);
#6003 = LINE('',#6004,#6005);
#6004 = CARTESIAN_POINT('',(2.782688620332,-4.030965296965,-2.));
#6005 = VECTOR('',#6006,1.);
#6006 = DIRECTION('',(0.328866646739,-0.944376370237,1.451213876424E-16)
  );
#6007 = PCURVE('',#338,#6008);
#6008 = DEFINITIONAL_REPRESENTATION('',(#6009),#6013);
#6009 = LINE('',#6010,#6011);
#6010 = CARTESIAN_POINT('',(2.782688620332,-0.969034703035));
#6011 = VECTOR('',#6012,1.);
#6012 = DIRECTION('',(0.328866646739,0.944376370237));
#6013 = ( GEOMETRIC_REPRESENTATION_CONTEXT(2) 
PARAMETRIC_REPRESENTATION_CONTEXT() REPRESENTATION_CONTEXT('2D SPACE',''
  ) );
#6014 = PCURVE('',#3822,#6015);
#6015 = DEFINITIONAL_REPRESENTATION('',(#6016),#6020);
#6016 = LINE('',#6017,#6018);
#6017 = CARTESIAN_POINT('',(-5.101297604831,-7.));
#6018 = VECTOR('',#6019,1.);
#6019 = DIRECTION('',(-1.,4.027454862747E-17));
#6020 = ( GEOMETRIC_REPRESENTATION_CONTEXT(2) 
PARAMETRIC_REPRESENTATION_CONTEXT() REPRESENTATION_CONTEXT('2D SPACE',''
  ) );
#6021 = ORIENTED_EDGE('',*,*,#6022,.T.);
#6022 = EDGE_CURVE('',#6000,#6023,#6025,.T.);
#6023 = VERTEX_POINT('',#6024);
#6024 = CARTESIAN_POINT('',(1.186915561061,0.881431071679,-2.));
#6025 = SURFACE_CURVE('',#6026,(#6030,#6037),.PCURVE_S1.);
#6026 = LINE('',#6027,#6028);
#6027 = CARTESIAN_POINT('',(1.105041983016,0.786579618587,-2.));
#6028 = VECTOR('',#6029,1.);
#6029 = DIRECTION('',(0.65342060399,0.756995055652,1.020351349586E-16));
#6030 = PCURVE('',#338,#6031);
#6031 = DEFINITIONAL_REPRESENTATION('',(#6032),#6036);
#6032 = LINE('',#6033,#6034);
#6033 = CARTESIAN_POINT('',(1.105041983016,-5.786579618587));
#6034 = VECTOR('',#6035,1.);
#6035 = DIRECTION('',(0.65342060399,-0.756995055652));
#6036 = ( GEOMETRIC_REPRESENTATION_CONTEXT(2) 
PARAMETRIC_REPRESENTATION_CONTEXT() REPRESENTATION_CONTEXT('2D SPACE',''
  ) );
#6037 = PCURVE('',#3794,#6038);
#6038 = DEFINITIONAL_REPRESENTATION('',(#6039),#6043);
#6039 = LINE('',#6040,#6041);
#6040 = CARTESIAN_POINT('',(-5.803540794514E-16,-7.));
#6041 = VECTOR('',#6042,1.);
#6042 = DIRECTION('',(-1.,1.860784689898E-16));
#6043 = ( GEOMETRIC_REPRESENTATION_CONTEXT(2) 
PARAMETRIC_REPRESENTATION_CONTEXT() REPRESENTATION_CONTEXT('2D SPACE',''
  ) );
#6044 = ORIENTED_EDGE('',*,*,#6045,.F.);
#6045 = EDGE_CURVE('',#6046,#6023,#6048,.T.);
#6046 = VERTEX_POINT('',#6047);
#6047 = CARTESIAN_POINT('',(1.795521964001,0.725041561141,-2.));
#6048 = SURFACE_CURVE('',#6049,(#6054,#6065),.PCURVE_S1.);
#6049 = CIRCLE('',#6050,6.);
#6050 = AXIS2_PLACEMENT_3D('',#6051,#6052,#6053);
#6051 = CARTESIAN_POINT('',(8.572527594031E-16,-5.,-2.));
#6052 = DIRECTION('',(-1.224646799147E-16,1.110223024625E-16,1.));
#6053 = DIRECTION('',(-1.,-1.359631073447E-32,-1.224646799147E-16));
#6054 = PCURVE('',#338,#6055);
#6055 = DEFINITIONAL_REPRESENTATION('',(#6056),#6064);
#6056 = ( BOUNDED_CURVE() B_SPLINE_CURVE(2,(#6057,#6058,#6059,#6060,
#6061,#6062,#6063),.UNSPECIFIED.,.T.,.F.) B_SPLINE_CURVE_WITH_KNOTS((1,2
    ,2,2,2,1),(-2.094395102393,0.,2.094395102393,4.188790204786,
6.28318530718,8.377580409573),.UNSPECIFIED.) CURVE() 
GEOMETRIC_REPRESENTATION_ITEM() RATIONAL_B_SPLINE_CURVE((1.,0.5,1.,0.5,
1.,0.5,1.)) REPRESENTATION_ITEM('') );
#6057 = CARTESIAN_POINT('',(-6.,0.));
#6058 = CARTESIAN_POINT('',(-6.,10.392304845413));
#6059 = CARTESIAN_POINT('',(3.,5.196152422707));
#6060 = CARTESIAN_POINT('',(12.,1.469576158977E-15));
#6061 = CARTESIAN_POINT('',(3.,-5.196152422707));
#6062 = CARTESIAN_POINT('',(-6.,-10.39230484541));
#6063 = CARTESIAN_POINT('',(-6.,0.));
#6064 = ( GEOMETRIC_REPRESENTATION_CONTEXT(2) 
PARAMETRIC_REPRESENTATION_CONTEXT() REPRESENTATION_CONTEXT('2D SPACE',''
  ) );
#6065 = PCURVE('',#3766,#6066);
#6066 = DEFINITIONAL_REPRESENTATION('',(#6067),#6071);
#6067 = LINE('',#6068,#6069);
#6068 = CARTESIAN_POINT('',(0.,-7.));
#6069 = VECTOR('',#6070,1.);
#6070 = DIRECTION('',(1.,0.));
#6071 = ( GEOMETRIC_REPRESENTATION_CONTEXT(2) 
PARAMETRIC_REPRESENTATION_CONTEXT() REPRESENTATION_CONTEXT('2D SPACE',''
  ) );
#6072 = ORIENTED_EDGE('',*,*,#6073,.T.);
#6073 = EDGE_CURVE('',#6046,#6074,#6076,.T.);
#6074 = VERTEX_POINT('',#6075);
#6075 = CARTESIAN_POINT('',(1.821579131794,0.602452224971,-2.));
#6076 = SURFACE_CURVE('',#6077,(#6081,#6088),.PCURVE_S1.);
#6077 = LINE('',#6078,#6079);
#6078 = CARTESIAN_POINT('',(2.88219854218,-4.387369787824,-2.));
#6079 = VECTOR('',#6080,1.);
#6080 = DIRECTION('',(0.207911690818,-0.978147600734,1.340580374482E-16)
  );
#6081 = PCURVE('',#338,#6082);
#6082 = DEFINITIONAL_REPRESENTATION('',(#6083),#6087);
#6083 = LINE('',#6084,#6085);
#6084 = CARTESIAN_POINT('',(2.88219854218,-0.612630212176));
#6085 = VECTOR('',#6086,1.);
#6086 = DIRECTION('',(0.207911690818,0.978147600734));
#6087 = ( GEOMETRIC_REPRESENTATION_CONTEXT(2) 
PARAMETRIC_REPRESENTATION_CONTEXT() REPRESENTATION_CONTEXT('2D SPACE',''
  ) );
#6088 = PCURVE('',#3737,#6089);
#6089 = DEFINITIONAL_REPRESENTATION('',(#6090),#6094);
#6090 = LINE('',#6091,#6092);
#6091 = CARTESIAN_POINT('',(-5.101297604831,-7.));
#6092 = VECTOR('',#6093,1.);
#6093 = DIRECTION('',(-1.,2.546183866653E-17));
#6094 = ( GEOMETRIC_REPRESENTATION_CONTEXT(2) 
PARAMETRIC_REPRESENTATION_CONTEXT() REPRESENTATION_CONTEXT('2D SPACE',''
  ) );
#6095 = ORIENTED_EDGE('',*,*,#6096,.T.);
#6096 = EDGE_CURVE('',#6074,#6097,#6099,.T.);
#6097 = VERTEX_POINT('',#6098);
#6098 = CARTESIAN_POINT('',(1.914695151547,0.686294265745,-2.));
#6099 = SURFACE_CURVE('',#6100,(#6104,#6111),.PCURVE_S1.);
#6100 = LINE('',#6101,#6102);
#6101 = CARTESIAN_POINT('',(1.821579131794,0.602452224971,-2.));
#6102 = VECTOR('',#6103,1.);
#6103 = DIRECTION('',(0.743144825477,0.669130606359,1.227780964888E-16)
  );
#6104 = PCURVE('',#338,#6105);
#6105 = DEFINITIONAL_REPRESENTATION('',(#6106),#6110);
#6106 = LINE('',#6107,#6108);
#6107 = CARTESIAN_POINT('',(1.821579131794,-5.602452224971));
#6108 = VECTOR('',#6109,1.);
#6109 = DIRECTION('',(0.743144825477,-0.669130606359));
#6110 = ( GEOMETRIC_REPRESENTATION_CONTEXT(2) 
PARAMETRIC_REPRESENTATION_CONTEXT() REPRESENTATION_CONTEXT('2D SPACE',''
  ) );
#6111 = PCURVE('',#3709,#6112);
#6112 = DEFINITIONAL_REPRESENTATION('',(#6113),#6117);
#6113 = LINE('',#6114,#6115);
#6114 = CARTESIAN_POINT('',(-6.600451967008E-16,-7.));
#6115 = VECTOR('',#6116,1.);
#6116 = DIRECTION('',(-1.,1.970665170549E-16));
#6117 = ( GEOMETRIC_REPRESENTATION_CONTEXT(2) 
PARAMETRIC_REPRESENTATION_CONTEXT() REPRESENTATION_CONTEXT('2D SPACE',''
  ) );
#6118 = ORIENTED_EDGE('',*,*,#6119,.F.);
#6119 = EDGE_CURVE('',#6120,#6097,#6122,.T.);
#6120 = VERTEX_POINT('',#6121);
#6121 = CARTESIAN_POINT('',(2.498901708166,0.45485932476,-2.));
#6122 = SURFACE_CURVE('',#6123,(#6128,#6139),.PCURVE_S1.);
#6123 = CIRCLE('',#6124,6.);
#6124 = AXIS2_PLACEMENT_3D('',#6125,#6126,#6127);
#6125 = CARTESIAN_POINT('',(8.572527594031E-16,-5.,-2.));
#6126 = DIRECTION('',(-1.224646799147E-16,1.110223024625E-16,1.));
#6127 = DIRECTION('',(-1.,-1.359631073447E-32,-1.224646799147E-16));
#6128 = PCURVE('',#338,#6129);
#6129 = DEFINITIONAL_REPRESENTATION('',(#6130),#6138);
#6130 = ( BOUNDED_CURVE() B_SPLINE_CURVE(2,(#6131,#6132,#6133,#6134,
#6135,#6136,#6137),.UNSPECIFIED.,.T.,.F.) B_SPLINE_CURVE_WITH_KNOTS((1,2
    ,2,2,2,1),(-2.094395102393,0.,2.094395102393,4.188790204786,
6.28318530718,8.377580409573),.UNSPECIFIED.) CURVE() 
GEOMETRIC_REPRESENTATION_ITEM() RATIONAL_B_SPLINE_CURVE((1.,0.5,1.,0.5,
1.,0.5,1.)) REPRESENTATION_ITEM('') );
#6131 = CARTESIAN_POINT('',(-6.,0.));
#6132 = CARTESIAN_POINT('',(-6.,10.392304845413));
#6133 = CARTESIAN_POINT('',(3.,5.196152422707));
#6134 = CARTESIAN_POINT('',(12.,1.469576158977E-15));
#6135 = CARTESIAN_POINT('',(3.,-5.196152422707));
#6136 = CARTESIAN_POINT('',(-6.,-10.39230484541));
#6137 = CARTESIAN_POINT('',(-6.,0.));
#6138 = ( GEOMETRIC_REPRESENTATION_CONTEXT(2) 
PARAMETRIC_REPRESENTATION_CONTEXT() REPRESENTATION_CONTEXT('2D SPACE',''
  ) );
#6139 = PCURVE('',#3681,#6140);
#6140 = DEFINITIONAL_REPRESENTATION('',(#6141),#6145);
#6141 = LINE('',#6142,#6143);
#6142 = CARTESIAN_POINT('',(0.,-7.));
#6143 = VECTOR('',#6144,1.);
#6144 = DIRECTION('',(1.,0.));
#6145 = ( GEOMETRIC_REPRESENTATION_CONTEXT(2) 
PARAMETRIC_REPRESENTATION_CONTEXT() REPRESENTATION_CONTEXT('2D SPACE',''
  ) );
#6146 = ORIENTED_EDGE('',*,*,#6147,.T.);
#6147 = EDGE_CURVE('',#6120,#6148,#6150,.T.);
#6148 = VERTEX_POINT('',#6149);
#6149 = CARTESIAN_POINT('',(2.509388889506,0.329970813025,-2.));
#6150 = SURFACE_CURVE('',#6151,(#6155,#6162),.PCURVE_S1.);
#6151 = LINE('',#6152,#6153);
#6152 = CARTESIAN_POINT('',(2.936254471275,-4.753435823096,-2.));
#6153 = VECTOR('',#6154,1.);
#6154 = DIRECTION('',(8.367784333233E-02,-0.99649285925,
    1.20880511921E-16));
#6155 = PCURVE('',#338,#6156);
#6156 = DEFINITIONAL_REPRESENTATION('',(#6157),#6161);
#6157 = LINE('',#6158,#6159);
#6158 = CARTESIAN_POINT('',(2.936254471275,-0.246564176904));
#6159 = VECTOR('',#6160,1.);
#6160 = DIRECTION('',(8.367784333233E-02,0.99649285925));
#6161 = ( GEOMETRIC_REPRESENTATION_CONTEXT(2) 
PARAMETRIC_REPRESENTATION_CONTEXT() REPRESENTATION_CONTEXT('2D SPACE',''
  ) );
#6162 = PCURVE('',#3652,#6163);
#6163 = DEFINITIONAL_REPRESENTATION('',(#6164),#6168);
#6164 = LINE('',#6165,#6166);
#6165 = CARTESIAN_POINT('',(-5.101297604831,-7.));
#6166 = VECTOR('',#6167,1.);
#6167 = DIRECTION('',(-1.,1.024758029965E-17));
#6168 = ( GEOMETRIC_REPRESENTATION_CONTEXT(2) 
PARAMETRIC_REPRESENTATION_CONTEXT() REPRESENTATION_CONTEXT('2D SPACE',''
  ) );
#6169 = ORIENTED_EDGE('',*,*,#6170,.T.);
#6170 = EDGE_CURVE('',#6148,#6171,#6173,.T.);
#6171 = VERTEX_POINT('',#6172);
#6172 = CARTESIAN_POINT('',(2.612278855709,0.401481202412,-2.));
#6173 = SURFACE_CURVE('',#6174,(#6178,#6185),.PCURVE_S1.);
#6174 = LINE('',#6175,#6176);
#6175 = CARTESIAN_POINT('',(2.509388889506,0.329970813025,-2.));
#6176 = VECTOR('',#6177,1.);
#6177 = DIRECTION('',(0.821149209134,0.570713567684,1.432573646004E-16)
  );
#6178 = PCURVE('',#338,#6179);
#6179 = DEFINITIONAL_REPRESENTATION('',(#6180),#6184);
#6180 = LINE('',#6181,#6182);
#6181 = CARTESIAN_POINT('',(2.509388889506,-5.329970813025));
#6182 = VECTOR('',#6183,1.);
#6183 = DIRECTION('',(0.821149209134,-0.570713567684));
#6184 = ( GEOMETRIC_REPRESENTATION_CONTEXT(2) 
PARAMETRIC_REPRESENTATION_CONTEXT() REPRESENTATION_CONTEXT('2D SPACE',''
  ) );
#6185 = PCURVE('',#3624,#6186);
#6186 = DEFINITIONAL_REPRESENTATION('',(#6187),#6191);
#6187 = LINE('',#6188,#6189);
#6188 = CARTESIAN_POINT('',(-7.293270069064E-16,-7.));
#6189 = VECTOR('',#6190,1.);
#6190 = DIRECTION('',(-1.,2.066192989313E-16));
#6191 = ( GEOMETRIC_REPRESENTATION_CONTEXT(2) 
PARAMETRIC_REPRESENTATION_CONTEXT() REPRESENTATION_CONTEXT('2D SPACE',''
  ) );
#6192 = ORIENTED_EDGE('',*,*,#6193,.F.);
#6193 = EDGE_CURVE('',#6194,#6171,#6196,.T.);
#6194 = VERTEX_POINT('',#6195);
#6195 = CARTESIAN_POINT('',(3.162872279622,9.865069825333E-02,-2.));
#6196 = SURFACE_CURVE('',#6197,(#6202,#6213),.PCURVE_S1.);
#6197 = CIRCLE('',#6198,6.);
#6198 = AXIS2_PLACEMENT_3D('',#6199,#6200,#6201);
#6199 = CARTESIAN_POINT('',(8.572527594031E-16,-5.,-2.));
#6200 = DIRECTION('',(-1.224646799147E-16,1.110223024625E-16,1.));
#6201 = DIRECTION('',(-1.,-1.359631073447E-32,-1.224646799147E-16));
#6202 = PCURVE('',#338,#6203);
#6203 = DEFINITIONAL_REPRESENTATION('',(#6204),#6212);
#6204 = ( BOUNDED_CURVE() B_SPLINE_CURVE(2,(#6205,#6206,#6207,#6208,
#6209,#6210,#6211),.UNSPECIFIED.,.T.,.F.) B_SPLINE_CURVE_WITH_KNOTS((1,2
    ,2,2,2,1),(-2.094395102393,0.,2.094395102393,4.188790204786,
6.28318530718,8.377580409573),.UNSPECIFIED.) CURVE() 
GEOMETRIC_REPRESENTATION_ITEM() RATIONAL_B_SPLINE_CURVE((1.,0.5,1.,0.5,
1.,0.5,1.)) REPRESENTATION_ITEM('') );
#6205 = CARTESIAN_POINT('',(-6.,0.));
#6206 = CARTESIAN_POINT('',(-6.,10.392304845413));
#6207 = CARTESIAN_POINT('',(3.,5.196152422707));
#6208 = CARTESIAN_POINT('',(12.,1.469576158977E-15));
#6209 = CARTESIAN_POINT('',(3.,-5.196152422707));
#6210 = CARTESIAN_POINT('',(-6.,-10.39230484541));
#6211 = CARTESIAN_POINT('',(-6.,0.));
#6212 = ( GEOMETRIC_REPRESENTATION_CONTEXT(2) 
PARAMETRIC_REPRESENTATION_CONTEXT() REPRESENTATION_CONTEXT('2D SPACE',''
  ) );
#6213 = PCURVE('',#3596,#6214);
#6214 = DEFINITIONAL_REPRESENTATION('',(#6215),#6219);
#6215 = LINE('',#6216,#6217);
#6216 = CARTESIAN_POINT('',(0.,-7.));
#6217 = VECTOR('',#6218,1.);
#6218 = DIRECTION('',(1.,0.));
#6219 = ( GEOMETRIC_REPRESENTATION_CONTEXT(2) 
PARAMETRIC_REPRESENTATION_CONTEXT() REPRESENTATION_CONTEXT('2D SPACE',''
  ) );
#6220 = ORIENTED_EDGE('',*,*,#6221,.T.);
#6221 = EDGE_CURVE('',#6194,#6222,#6224,.T.);
#6222 = VERTEX_POINT('',#6223);
#6223 = CARTESIAN_POINT('',(3.157624085394,-2.656742261336E-02,-2.));
#6224 = SURFACE_CURVE('',#6225,(#6229,#6236),.PCURVE_S1.);
#6225 = LINE('',#6226,#6227);
#6226 = CARTESIAN_POINT('',(2.944003913324,-5.123390322729,-2.));
#6227 = VECTOR('',#6228,1.);
#6228 = DIRECTION('',(-4.187565372919E-02,-0.999122830099,
    1.057966285103E-16));
#6229 = PCURVE('',#338,#6230);
#6230 = DEFINITIONAL_REPRESENTATION('',(#6231),#6235);
#6231 = LINE('',#6232,#6233);
#6232 = CARTESIAN_POINT('',(2.944003913324,0.123390322729));
#6233 = VECTOR('',#6234,1.);
#6234 = DIRECTION('',(-4.187565372919E-02,0.999122830099));
#6235 = ( GEOMETRIC_REPRESENTATION_CONTEXT(2) 
PARAMETRIC_REPRESENTATION_CONTEXT() REPRESENTATION_CONTEXT('2D SPACE',''
  ) );
#6236 = PCURVE('',#3567,#6237);
#6237 = DEFINITIONAL_REPRESENTATION('',(#6238),#6242);
#6238 = LINE('',#6239,#6240);
#6239 = CARTESIAN_POINT('',(-5.101297604831,-7.));
#6240 = VECTOR('',#6241,1.);
#6241 = DIRECTION('',(-1.,-5.128288530165E-18));
#6242 = ( GEOMETRIC_REPRESENTATION_CONTEXT(2) 
PARAMETRIC_REPRESENTATION_CONTEXT() REPRESENTATION_CONTEXT('2D SPACE',''
  ) );
#6243 = ORIENTED_EDGE('',*,*,#6244,.T.);
#6244 = EDGE_CURVE('',#6222,#6245,#6247,.T.);
#6245 = VERTEX_POINT('',#6246);
#6246 = CARTESIAN_POINT('',(3.268665361817,3.148355382951E-02,-2.));
#6247 = SURFACE_CURVE('',#6248,(#6252,#6259),.PCURVE_S1.);
#6248 = LINE('',#6249,#6250);
#6249 = CARTESIAN_POINT('',(3.157624085394,-2.656742261336E-02,-2.));
#6250 = VECTOR('',#6251,1.);
#6251 = DIRECTION('',(0.886203579231,0.46329603512,1.631499690016E-16));
#6252 = PCURVE('',#338,#6253);
#6253 = DEFINITIONAL_REPRESENTATION('',(#6254),#6258);
#6254 = LINE('',#6255,#6256);
#6255 = CARTESIAN_POINT('',(3.157624085394,-4.973432577387));
#6256 = VECTOR('',#6257,1.);
#6257 = DIRECTION('',(0.886203579231,-0.46329603512));
#6258 = ( GEOMETRIC_REPRESENTATION_CONTEXT(2) 
PARAMETRIC_REPRESENTATION_CONTEXT() REPRESENTATION_CONTEXT('2D SPACE',''
  ) );
#6259 = PCURVE('',#3539,#6260);
#6260 = DEFINITIONAL_REPRESENTATION('',(#6261),#6265);
#6261 = LINE('',#6262,#6263);
#6262 = CARTESIAN_POINT('',(-7.822847514835E-16,-7.));
#6263 = VECTOR('',#6264,1.);
#6264 = DIRECTION('',(-1.,2.145861615423E-16));
#6265 = ( GEOMETRIC_REPRESENTATION_CONTEXT(2) 
PARAMETRIC_REPRESENTATION_CONTEXT() REPRESENTATION_CONTEXT('2D SPACE',''
  ) );
#6266 = ORIENTED_EDGE('',*,*,#6267,.F.);
#6267 = EDGE_CURVE('',#6268,#6245,#6270,.T.);
#6268 = VERTEX_POINT('',#6269);
#6269 = CARTESIAN_POINT('',(3.77696246582,-0.337966695551,-2.));
#6270 = SURFACE_CURVE('',#6271,(#6276,#6287),.PCURVE_S1.);
#6271 = CIRCLE('',#6272,6.);
#6272 = AXIS2_PLACEMENT_3D('',#6273,#6274,#6275);
#6273 = CARTESIAN_POINT('',(8.572527594031E-16,-5.,-2.));
#6274 = DIRECTION('',(-1.224646799147E-16,1.110223024625E-16,1.));
#6275 = DIRECTION('',(-1.,-1.359631073447E-32,-1.224646799147E-16));
#6276 = PCURVE('',#338,#6277);
#6277 = DEFINITIONAL_REPRESENTATION('',(#6278),#6286);
#6278 = ( BOUNDED_CURVE() B_SPLINE_CURVE(2,(#6279,#6280,#6281,#6282,
#6283,#6284,#6285),.UNSPECIFIED.,.T.,.F.) B_SPLINE_CURVE_WITH_KNOTS((1,2
    ,2,2,2,1),(-2.094395102393,0.,2.094395102393,4.188790204786,
6.28318530718,8.377580409573),.UNSPECIFIED.) CURVE() 
GEOMETRIC_REPRESENTATION_ITEM() RATIONAL_B_SPLINE_CURVE((1.,0.5,1.,0.5,
1.,0.5,1.)) REPRESENTATION_ITEM('') );
#6279 = CARTESIAN_POINT('',(-6.,0.));
#6280 = CARTESIAN_POINT('',(-6.,10.392304845413));
#6281 = CARTESIAN_POINT('',(3.,5.196152422707));
#6282 = CARTESIAN_POINT('',(12.,1.469576158977E-15));
#6283 = CARTESIAN_POINT('',(3.,-5.196152422707));
#6284 = CARTESIAN_POINT('',(-6.,-10.39230484541));
#6285 = CARTESIAN_POINT('',(-6.,0.));
#6286 = ( GEOMETRIC_REPRESENTATION_CONTEXT(2) 
PARAMETRIC_REPRESENTATION_CONTEXT() REPRESENTATION_CONTEXT('2D SPACE',''
  ) );
#6287 = PCURVE('',#3511,#6288);
#6288 = DEFINITIONAL_REPRESENTATION('',(#6289),#6293);
#6289 = LINE('',#6290,#6291);
#6290 = CARTESIAN_POINT('',(0.,-7.));
#6291 = VECTOR('',#6292,1.);
#6292 = DIRECTION('',(1.,0.));
#6293 = ( GEOMETRIC_REPRESENTATION_CONTEXT(2) 
PARAMETRIC_REPRESENTATION_CONTEXT() REPRESENTATION_CONTEXT('2D SPACE',''
  ) );
#6294 = ORIENTED_EDGE('',*,*,#6295,.T.);
#6295 = EDGE_CURVE('',#6268,#6296,#6298,.T.);
#6296 = VERTEX_POINT('',#6297);
#6297 = CARTESIAN_POINT('',(3.756061663182,-0.461539660981,-2.));
#6298 = SURFACE_CURVE('',#6299,(#6303,#6310),.PCURVE_S1.);
#6299 = LINE('',#6300,#6301);
#6300 = CARTESIAN_POINT('',(2.905324654998,-5.491398883262,-2.));
#6301 = VECTOR('',#6302,1.);
#6302 = DIRECTION('',(-0.166768746716,-0.985996037071,8.904426906812E-17
    ));
#6303 = PCURVE('',#338,#6304);
#6304 = DEFINITIONAL_REPRESENTATION('',(#6305),#6309);
#6305 = LINE('',#6306,#6307);
#6306 = CARTESIAN_POINT('',(2.905324654998,0.491398883262));
#6307 = VECTOR('',#6308,1.);
#6308 = DIRECTION('',(-0.166768746716,0.985996037071));
#6309 = ( GEOMETRIC_REPRESENTATION_CONTEXT(2) 
PARAMETRIC_REPRESENTATION_CONTEXT() REPRESENTATION_CONTEXT('2D SPACE',''
  ) );
#6310 = PCURVE('',#3482,#6311);
#6311 = DEFINITIONAL_REPRESENTATION('',(#6312),#6316);
#6312 = LINE('',#6313,#6314);
#6313 = CARTESIAN_POINT('',(-5.101297604831,-7.));
#6314 = VECTOR('',#6315,1.);
#6315 = DIRECTION('',(-1.,-2.042328118637E-17));
#6316 = ( GEOMETRIC_REPRESENTATION_CONTEXT(2) 
PARAMETRIC_REPRESENTATION_CONTEXT() REPRESENTATION_CONTEXT('2D SPACE',''
  ) );
#6317 = ORIENTED_EDGE('',*,*,#6318,.T.);
#6318 = EDGE_CURVE('',#6296,#6319,#6321,.T.);
#6319 = VERTEX_POINT('',#6320);
#6320 = CARTESIAN_POINT('',(3.873503062563,-0.41786359606,-2.));
#6321 = SURFACE_CURVE('',#6322,(#6326,#6333),.PCURVE_S1.);
#6322 = LINE('',#6323,#6324);
#6323 = CARTESIAN_POINT('',(3.756061663182,-0.461539660981,-2.));
#6324 = VECTOR('',#6325,1.);
#6325 = DIRECTION('',(0.937281989492,0.348572047322,1.821421914377E-16)
  );
#6326 = PCURVE('',#338,#6327);
#6327 = DEFINITIONAL_REPRESENTATION('',(#6328),#6332);
#6328 = LINE('',#6329,#6330);
#6329 = CARTESIAN_POINT('',(3.756061663182,-4.538460339019));
#6330 = VECTOR('',#6331,1.);
#6331 = DIRECTION('',(0.937281989492,-0.348572047322));
#6332 = ( GEOMETRIC_REPRESENTATION_CONTEXT(2) 
PARAMETRIC_REPRESENTATION_CONTEXT() REPRESENTATION_CONTEXT('2D SPACE',''
  ) );
#6333 = PCURVE('',#3454,#6334);
#6334 = DEFINITIONAL_REPRESENTATION('',(#6335),#6339);
#6335 = LINE('',#6336,#6337);
#6336 = CARTESIAN_POINT('',(-8.324736362403E-16,-7.));
#6337 = VECTOR('',#6338,1.);
#6338 = DIRECTION('',(-1.,2.208414627055E-16));
#6339 = ( GEOMETRIC_REPRESENTATION_CONTEXT(2) 
PARAMETRIC_REPRESENTATION_CONTEXT() REPRESENTATION_CONTEXT('2D SPACE',''
  ) );
#6340 = ORIENTED_EDGE('',*,*,#6341,.F.);
#6341 = EDGE_CURVE('',#6342,#6319,#6344,.T.);
#6342 = VERTEX_POINT('',#6343);
#6343 = CARTESIAN_POINT('',(4.331487697684,-0.848107139531,-2.));
#6344 = SURFACE_CURVE('',#6345,(#6350,#6361),.PCURVE_S1.);
#6345 = CIRCLE('',#6346,6.);
#6346 = AXIS2_PLACEMENT_3D('',#6347,#6348,#6349);
#6347 = CARTESIAN_POINT('',(8.572527594031E-16,-5.,-2.));
#6348 = DIRECTION('',(-1.224646799147E-16,1.110223024625E-16,1.));
#6349 = DIRECTION('',(-1.,-1.359631073447E-32,-1.224646799147E-16));
#6350 = PCURVE('',#338,#6351);
#6351 = DEFINITIONAL_REPRESENTATION('',(#6352),#6360);
#6352 = ( BOUNDED_CURVE() B_SPLINE_CURVE(2,(#6353,#6354,#6355,#6356,
#6357,#6358,#6359),.UNSPECIFIED.,.T.,.F.) B_SPLINE_CURVE_WITH_KNOTS((1,2
    ,2,2,2,1),(-2.094395102393,0.,2.094395102393,4.188790204786,
6.28318530718,8.377580409573),.UNSPECIFIED.) CURVE() 
GEOMETRIC_REPRESENTATION_ITEM() RATIONAL_B_SPLINE_CURVE((1.,0.5,1.,0.5,
1.,0.5,1.)) REPRESENTATION_ITEM('') );
#6353 = CARTESIAN_POINT('',(-6.,0.));
#6354 = CARTESIAN_POINT('',(-6.,10.392304845413));
#6355 = CARTESIAN_POINT('',(3.,5.196152422707));
#6356 = CARTESIAN_POINT('',(12.,1.469576158977E-15));
#6357 = CARTESIAN_POINT('',(3.,-5.196152422707));
#6358 = CARTESIAN_POINT('',(-6.,-10.39230484541));
#6359 = CARTESIAN_POINT('',(-6.,0.));
#6360 = ( GEOMETRIC_REPRESENTATION_CONTEXT(2) 
PARAMETRIC_REPRESENTATION_CONTEXT() REPRESENTATION_CONTEXT('2D SPACE',''
  ) );
#6361 = PCURVE('',#3426,#6362);
#6362 = DEFINITIONAL_REPRESENTATION('',(#6363),#6367);
#6363 = LINE('',#6364,#6365);
#6364 = CARTESIAN_POINT('',(-4.440892098501E-16,-7.));
#6365 = VECTOR('',#6366,1.);
#6366 = DIRECTION('',(1.,0.));
#6367 = ( GEOMETRIC_REPRESENTATION_CONTEXT(2) 
PARAMETRIC_REPRESENTATION_CONTEXT() REPRESENTATION_CONTEXT('2D SPACE',''
  ) );
#6368 = ORIENTED_EDGE('',*,*,#6369,.T.);
#6369 = EDGE_CURVE('',#6342,#6370,#6372,.T.);
#6370 = VERTEX_POINT('',#6371);
#6371 = CARTESIAN_POINT('',(4.295263904779,-0.96808613004,-2.));
#6372 = SURFACE_CURVE('',#6373,(#6377,#6384),.PCURVE_S1.);
#6373 = LINE('',#6374,#6375);
#6374 = CARTESIAN_POINT('',(2.820826691306,-5.851657789859,-2.));
#6375 = VECTOR('',#6376,1.);
#6376 = DIRECTION('',(-0.289031796944,-0.957319497532,7.088762831028E-17
    ));
#6377 = PCURVE('',#338,#6378);
#6378 = DEFINITIONAL_REPRESENTATION('',(#6379),#6383);
#6379 = LINE('',#6380,#6381);
#6380 = CARTESIAN_POINT('',(2.820826691306,0.851657789859));
#6381 = VECTOR('',#6382,1.);
#6382 = DIRECTION('',(-0.289031796944,0.957319497532));
#6383 = ( GEOMETRIC_REPRESENTATION_CONTEXT(2) 
PARAMETRIC_REPRESENTATION_CONTEXT() REPRESENTATION_CONTEXT('2D SPACE',''
  ) );
#6384 = PCURVE('',#3397,#6385);
#6385 = DEFINITIONAL_REPRESENTATION('',(#6386),#6390);
#6386 = LINE('',#6387,#6388);
#6387 = CARTESIAN_POINT('',(-5.101297604831,-7.));
#6388 = VECTOR('',#6389,1.);
#6389 = DIRECTION('',(-1.,-3.539618649798E-17));
#6390 = ( GEOMETRIC_REPRESENTATION_CONTEXT(2) 
PARAMETRIC_REPRESENTATION_CONTEXT() REPRESENTATION_CONTEXT('2D SPACE',''
  ) );
#6391 = ORIENTED_EDGE('',*,*,#6392,.T.);
#6392 = EDGE_CURVE('',#6370,#6393,#6395,.T.);
#6393 = VERTEX_POINT('',#6394);
#6394 = CARTESIAN_POINT('',(4.417253306094,-0.939473774275,-2.));
#6395 = SURFACE_CURVE('',#6396,(#6400,#6407),.PCURVE_S1.);
#6396 = LINE('',#6397,#6398);
#6397 = CARTESIAN_POINT('',(4.295263904779,-0.96808613004,-2.));
#6398 = VECTOR('',#6399,1.);
#6399 = DIRECTION('',(0.973578902873,0.228350870111,1.999345132156E-16)
  );
#6400 = PCURVE('',#338,#6401);
#6401 = DEFINITIONAL_REPRESENTATION('',(#6402),#6406);
#6402 = LINE('',#6403,#6404);
#6403 = CARTESIAN_POINT('',(4.295263904779,-4.03191386996));
#6404 = VECTOR('',#6405,1.);
#6405 = DIRECTION('',(0.973578902873,-0.228350870111));
#6406 = ( GEOMETRIC_REPRESENTATION_CONTEXT(2) 
PARAMETRIC_REPRESENTATION_CONTEXT() REPRESENTATION_CONTEXT('2D SPACE',''
  ) );
#6407 = PCURVE('',#3369,#6408);
#6408 = DEFINITIONAL_REPRESENTATION('',(#6409),#6413);
#6409 = LINE('',#6410,#6411);
#6410 = CARTESIAN_POINT('',(-8.647117714073E-16,-7.));
#6411 = VECTOR('',#6412,1.);
#6412 = DIRECTION('',(-1.,2.252865525846E-16));
#6413 = ( GEOMETRIC_REPRESENTATION_CONTEXT(2) 
PARAMETRIC_REPRESENTATION_CONTEXT() REPRESENTATION_CONTEXT('2D SPACE',''
  ) );
#6414 = ORIENTED_EDGE('',*,*,#6415,.F.);
#6415 = EDGE_CURVE('',#6416,#6393,#6418,.T.);
#6416 = VERTEX_POINT('',#6417);
#6417 = CARTESIAN_POINT('',(4.81770278105,-1.423725414141,-2.));
#6418 = SURFACE_CURVE('',#6419,(#6424,#6435),.PCURVE_S1.);
#6419 = CIRCLE('',#6420,6.);
#6420 = AXIS2_PLACEMENT_3D('',#6421,#6422,#6423);
#6421 = CARTESIAN_POINT('',(8.572527594031E-16,-5.,-2.));
#6422 = DIRECTION('',(-1.224646799147E-16,1.110223024625E-16,1.));
#6423 = DIRECTION('',(-1.,-1.359631073447E-32,-1.224646799147E-16));
#6424 = PCURVE('',#338,#6425);
#6425 = DEFINITIONAL_REPRESENTATION('',(#6426),#6434);
#6426 = ( BOUNDED_CURVE() B_SPLINE_CURVE(2,(#6427,#6428,#6429,#6430,
#6431,#6432,#6433),.UNSPECIFIED.,.T.,.F.) B_SPLINE_CURVE_WITH_KNOTS((1,2
    ,2,2,2,1),(-2.094395102393,0.,2.094395102393,4.188790204786,
6.28318530718,8.377580409573),.UNSPECIFIED.) CURVE() 
GEOMETRIC_REPRESENTATION_ITEM() RATIONAL_B_SPLINE_CURVE((1.,0.5,1.,0.5,
1.,0.5,1.)) REPRESENTATION_ITEM('') );
#6427 = CARTESIAN_POINT('',(-6.,0.));
#6428 = CARTESIAN_POINT('',(-6.,10.392304845413));
#6429 = CARTESIAN_POINT('',(3.,5.196152422707));
#6430 = CARTESIAN_POINT('',(12.,1.469576158977E-15));
#6431 = CARTESIAN_POINT('',(3.,-5.196152422707));
#6432 = CARTESIAN_POINT('',(-6.,-10.39230484541));
#6433 = CARTESIAN_POINT('',(-6.,0.));
#6434 = ( GEOMETRIC_REPRESENTATION_CONTEXT(2) 
PARAMETRIC_REPRESENTATION_CONTEXT() REPRESENTATION_CONTEXT('2D SPACE',''
  ) );
#6435 = PCURVE('',#3341,#6436);
#6436 = DEFINITIONAL_REPRESENTATION('',(#6437),#6441);
#6437 = LINE('',#6438,#6439);
#6438 = CARTESIAN_POINT('',(0.,-7.));
#6439 = VECTOR('',#6440,1.);
#6440 = DIRECTION('',(1.,0.));
#6441 = ( GEOMETRIC_REPRESENTATION_CONTEXT(2) 
PARAMETRIC_REPRESENTATION_CONTEXT() REPRESENTATION_CONTEXT('2D SPACE',''
  ) );
#6442 = ORIENTED_EDGE('',*,*,#6443,.T.);
#6443 = EDGE_CURVE('',#6416,#6444,#6446,.T.);
#6444 = VERTEX_POINT('',#6445);
#6445 = CARTESIAN_POINT('',(4.766727268731,-1.538218289377,-2.));
#6446 = SURFACE_CURVE('',#6447,(#6451,#6458),.PCURVE_S1.);
#6447 = LINE('',#6448,#6449);
#6448 = CARTESIAN_POINT('',(2.691842605612,-6.198485544354,-2.));
#6449 = VECTOR('',#6450,1.);
#6450 = DIRECTION('',(-0.406736643076,-0.913545457643,5.161304730778E-17
    ));
#6451 = PCURVE('',#338,#6452);
#6452 = DEFINITIONAL_REPRESENTATION('',(#6453),#6457);
#6453 = LINE('',#6454,#6455);
#6454 = CARTESIAN_POINT('',(2.691842605612,1.198485544354));
#6455 = VECTOR('',#6456,1.);
#6456 = DIRECTION('',(-0.406736643076,0.913545457643));
#6457 = ( GEOMETRIC_REPRESENTATION_CONTEXT(2) 
PARAMETRIC_REPRESENTATION_CONTEXT() REPRESENTATION_CONTEXT('2D SPACE',''
  ) );
#6458 = PCURVE('',#3312,#6459);
#6459 = DEFINITIONAL_REPRESENTATION('',(#6460),#6464);
#6460 = LINE('',#6461,#6462);
#6461 = CARTESIAN_POINT('',(-5.101297604831,-7.));
#6462 = VECTOR('',#6463,1.);
#6463 = DIRECTION('',(-1.,-4.981087280387E-17));
#6464 = ( GEOMETRIC_REPRESENTATION_CONTEXT(2) 
PARAMETRIC_REPRESENTATION_CONTEXT() REPRESENTATION_CONTEXT('2D SPACE',''
  ) );
#6465 = ORIENTED_EDGE('',*,*,#6466,.T.);
#6466 = EDGE_CURVE('',#6444,#6467,#6469,.T.);
#6467 = VERTEX_POINT('',#6468);
#6468 = CARTESIAN_POINT('',(4.891340826249,-1.525120876711,-2.));
#6469 = SURFACE_CURVE('',#6470,(#6474,#6481),.PCURVE_S1.);
#6470 = LINE('',#6471,#6472);
#6471 = CARTESIAN_POINT('',(4.766727268731,-1.538218289377,-2.));
#6472 = VECTOR('',#6473,1.);
#6473 = DIRECTION('',(0.994521895368,0.104528463268,2.162463387921E-16)
  );
#6474 = PCURVE('',#338,#6475);
#6475 = DEFINITIONAL_REPRESENTATION('',(#6476),#6480);
#6476 = LINE('',#6477,#6478);
#6477 = CARTESIAN_POINT('',(4.766727268731,-3.461781710623));
#6478 = VECTOR('',#6479,1.);
#6479 = DIRECTION('',(0.994521895368,-0.104528463268));
#6480 = ( GEOMETRIC_REPRESENTATION_CONTEXT(2) 
PARAMETRIC_REPRESENTATION_CONTEXT() REPRESENTATION_CONTEXT('2D SPACE',''
  ) );
#6481 = PCURVE('',#3284,#6482);
#6482 = DEFINITIONAL_REPRESENTATION('',(#6483),#6487);
#6483 = LINE('',#6484,#6485);
#6484 = CARTESIAN_POINT('',(-8.949178760502E-16,-7.));
#6485 = VECTOR('',#6486,1.);
#6486 = DIRECTION('',(-1.,2.27851329457E-16));
#6487 = ( GEOMETRIC_REPRESENTATION_CONTEXT(2) 
PARAMETRIC_REPRESENTATION_CONTEXT() REPRESENTATION_CONTEXT('2D SPACE',''
  ) );
#6488 = ORIENTED_EDGE('',*,*,#6489,.F.);
#6489 = EDGE_CURVE('',#6490,#6467,#6492,.T.);
#6490 = VERTEX_POINT('',#6491);
#6491 = CARTESIAN_POINT('',(5.227939813603,-2.055743675333,-2.));
#6492 = SURFACE_CURVE('',#6493,(#6498,#6509),.PCURVE_S1.);
#6493 = CIRCLE('',#6494,6.);
#6494 = AXIS2_PLACEMENT_3D('',#6495,#6496,#6497);
#6495 = CARTESIAN_POINT('',(8.572527594031E-16,-5.,-2.));
#6496 = DIRECTION('',(-1.224646799147E-16,1.110223024625E-16,1.));
#6497 = DIRECTION('',(-1.,-1.359631073447E-32,-1.224646799147E-16));
#6498 = PCURVE('',#338,#6499);
#6499 = DEFINITIONAL_REPRESENTATION('',(#6500),#6508);
#6500 = ( BOUNDED_CURVE() B_SPLINE_CURVE(2,(#6501,#6502,#6503,#6504,
#6505,#6506,#6507),.UNSPECIFIED.,.T.,.F.) B_SPLINE_CURVE_WITH_KNOTS((1,2
    ,2,2,2,1),(-2.094395102393,0.,2.094395102393,4.188790204786,
6.28318530718,8.377580409573),.UNSPECIFIED.) CURVE() 
GEOMETRIC_REPRESENTATION_ITEM() RATIONAL_B_SPLINE_CURVE((1.,0.5,1.,0.5,
1.,0.5,1.)) REPRESENTATION_ITEM('') );
#6501 = CARTESIAN_POINT('',(-6.,0.));
#6502 = CARTESIAN_POINT('',(-6.,10.392304845413));
#6503 = CARTESIAN_POINT('',(3.,5.196152422707));
#6504 = CARTESIAN_POINT('',(12.,1.469576158977E-15));
#6505 = CARTESIAN_POINT('',(3.,-5.196152422707));
#6506 = CARTESIAN_POINT('',(-6.,-10.39230484541));
#6507 = CARTESIAN_POINT('',(-6.,0.));
#6508 = ( GEOMETRIC_REPRESENTATION_CONTEXT(2) 
PARAMETRIC_REPRESENTATION_CONTEXT() REPRESENTATION_CONTEXT('2D SPACE',''
  ) );
#6509 = PCURVE('',#3256,#6510);
#6510 = DEFINITIONAL_REPRESENTATION('',(#6511),#6515);
#6511 = LINE('',#6512,#6513);
#6512 = CARTESIAN_POINT('',(-4.440892098501E-16,-7.));
#6513 = VECTOR('',#6514,1.);
#6514 = DIRECTION('',(1.,0.));
#6515 = ( GEOMETRIC_REPRESENTATION_CONTEXT(2) 
PARAMETRIC_REPRESENTATION_CONTEXT() REPRESENTATION_CONTEXT('2D SPACE',''
  ) );
#6516 = ORIENTED_EDGE('',*,*,#6517,.T.);
#6517 = EDGE_CURVE('',#6490,#6518,#6520,.T.);
#6518 = VERTEX_POINT('',#6519);
#6519 = CARTESIAN_POINT('',(5.163016496151,-2.162944814259,-2.));
#6520 = SURFACE_CURVE('',#6521,(#6525,#6532),.PCURVE_S1.);
#6521 = LINE('',#6522,#6523);
#6522 = CARTESIAN_POINT('',(2.520406553998,-6.526412465874,-2.));
#6523 = VECTOR('',#6524,1.);
#6524 = DIRECTION('',(-0.518027009373,-0.855364260161,3.15244977171E-17)
  );
#6525 = PCURVE('',#338,#6526);
#6526 = DEFINITIONAL_REPRESENTATION('',(#6527),#6531);
#6527 = LINE('',#6528,#6529);
#6528 = CARTESIAN_POINT('',(2.520406553998,1.526412465874));
#6529 = VECTOR('',#6530,1.);
#6530 = DIRECTION('',(-0.518027009373,0.855364260161));
#6531 = ( GEOMETRIC_REPRESENTATION_CONTEXT(2) 
PARAMETRIC_REPRESENTATION_CONTEXT() REPRESENTATION_CONTEXT('2D SPACE',''
  ) );
#6532 = PCURVE('',#3227,#6533);
#6533 = DEFINITIONAL_REPRESENTATION('',(#6534),#6538);
#6534 = LINE('',#6535,#6536);
#6535 = CARTESIAN_POINT('',(-5.101297604831,-7.));
#6536 = VECTOR('',#6537,1.);
#6537 = DIRECTION('',(-1.,-6.344001189007E-17));
#6538 = ( GEOMETRIC_REPRESENTATION_CONTEXT(2) 
PARAMETRIC_REPRESENTATION_CONTEXT() REPRESENTATION_CONTEXT('2D SPACE',''
  ) );
#6539 = ORIENTED_EDGE('',*,*,#6540,.T.);
#6540 = EDGE_CURVE('',#6518,#6541,#6543,.T.);
#6541 = VERTEX_POINT('',#6542);
#6542 = CARTESIAN_POINT('',(5.288288979628,-2.165568898713,-2.));
#6543 = SURFACE_CURVE('',#6544,(#6548,#6555),.PCURVE_S1.);
#6544 = LINE('',#6545,#6546);
#6545 = CARTESIAN_POINT('',(5.163016496151,-2.162944814259,-2.));
#6546 = VECTOR('',#6547,1.);
#6547 = DIRECTION('',(0.999780683475,-2.094241988335E-02,
    2.308204209338E-16));
#6548 = PCURVE('',#338,#6549);
#6549 = DEFINITIONAL_REPRESENTATION('',(#6550),#6554);
#6550 = LINE('',#6551,#6552);
#6551 = CARTESIAN_POINT('',(5.163016496151,-2.837055185741));
#6552 = VECTOR('',#6553,1.);
#6553 = DIRECTION('',(0.999780683475,2.094241988335E-02));
#6554 = ( GEOMETRIC_REPRESENTATION_CONTEXT(2) 
PARAMETRIC_REPRESENTATION_CONTEXT() REPRESENTATION_CONTEXT('2D SPACE',''
  ) );
#6555 = PCURVE('',#3199,#6556);
#6556 = DEFINITIONAL_REPRESENTATION('',(#6557),#6561);
#6557 = LINE('',#6558,#6559);
#6558 = CARTESIAN_POINT('',(-8.9030870317E-16,-7.));
#6559 = VECTOR('',#6560,1.);
#6560 = DIRECTION('',(-1.,2.284953452592E-16));
#6561 = ( GEOMETRIC_REPRESENTATION_CONTEXT(2) 
PARAMETRIC_REPRESENTATION_CONTEXT() REPRESENTATION_CONTEXT('2D SPACE',''
  ) );
#6562 = ORIENTED_EDGE('',*,*,#6563,.F.);
#6563 = EDGE_CURVE('',#6564,#6541,#6566,.T.);
#6564 = VERTEX_POINT('',#6565);
#6565 = CARTESIAN_POINT('',(5.555729112276,-2.734194617578,-2.));
#6566 = SURFACE_CURVE('',#6567,(#6572,#6583),.PCURVE_S1.);
#6567 = CIRCLE('',#6568,6.);
#6568 = AXIS2_PLACEMENT_3D('',#6569,#6570,#6571);
#6569 = CARTESIAN_POINT('',(8.572527594031E-16,-5.,-2.));
#6570 = DIRECTION('',(-1.224646799147E-16,1.110223024625E-16,1.));
#6571 = DIRECTION('',(-1.,-1.359631073447E-32,-1.224646799147E-16));
#6572 = PCURVE('',#338,#6573);
#6573 = DEFINITIONAL_REPRESENTATION('',(#6574),#6582);
#6574 = ( BOUNDED_CURVE() B_SPLINE_CURVE(2,(#6575,#6576,#6577,#6578,
#6579,#6580,#6581),.UNSPECIFIED.,.T.,.F.) B_SPLINE_CURVE_WITH_KNOTS((1,2
    ,2,2,2,1),(-2.094395102393,0.,2.094395102393,4.188790204786,
6.28318530718,8.377580409573),.UNSPECIFIED.) CURVE() 
GEOMETRIC_REPRESENTATION_ITEM() RATIONAL_B_SPLINE_CURVE((1.,0.5,1.,0.5,
1.,0.5,1.)) REPRESENTATION_ITEM('') );
#6575 = CARTESIAN_POINT('',(-6.,0.));
#6576 = CARTESIAN_POINT('',(-6.,10.392304845413));
#6577 = CARTESIAN_POINT('',(3.,5.196152422707));
#6578 = CARTESIAN_POINT('',(12.,1.469576158977E-15));
#6579 = CARTESIAN_POINT('',(3.,-5.196152422707));
#6580 = CARTESIAN_POINT('',(-6.,-10.39230484541));
#6581 = CARTESIAN_POINT('',(-6.,0.));
#6582 = ( GEOMETRIC_REPRESENTATION_CONTEXT(2) 
PARAMETRIC_REPRESENTATION_CONTEXT() REPRESENTATION_CONTEXT('2D SPACE',''
  ) );
#6583 = PCURVE('',#3171,#6584);
#6584 = DEFINITIONAL_REPRESENTATION('',(#6585),#6589);
#6585 = LINE('',#6586,#6587);
#6586 = CARTESIAN_POINT('',(0.,-7.));
#6587 = VECTOR('',#6588,1.);
#6588 = DIRECTION('',(1.,0.));
#6589 = ( GEOMETRIC_REPRESENTATION_CONTEXT(2) 
PARAMETRIC_REPRESENTATION_CONTEXT() REPRESENTATION_CONTEXT('2D SPACE',''
  ) );
#6590 = ORIENTED_EDGE('',*,*,#6591,.T.);
#6591 = EDGE_CURVE('',#6564,#6592,#6594,.T.);
#6592 = VERTEX_POINT('',#6593);
#6593 = CARTESIAN_POINT('',(5.47788186919,-2.832413394194,-2.));
#6594 = SURFACE_CURVE('',#6595,(#6599,#6606),.PCURVE_S1.);
#6595 = LINE('',#6596,#6597);
#6596 = CARTESIAN_POINT('',(2.30922218541,-6.830266950973,-2.));
#6597 = VECTOR('',#6598,1.);
#6598 = DIRECTION('',(-0.621147780278,-0.783693457326,1.093878796559E-17
    ));
#6599 = PCURVE('',#338,#6600);
#6600 = DEFINITIONAL_REPRESENTATION('',(#6601),#6605);
#6601 = LINE('',#6602,#6603);
#6602 = CARTESIAN_POINT('',(2.30922218541,1.830266950973));
#6603 = VECTOR('',#6604,1.);
#6604 = DIRECTION('',(-0.621147780278,0.783693457326));
#6605 = ( GEOMETRIC_REPRESENTATION_CONTEXT(2) 
PARAMETRIC_REPRESENTATION_CONTEXT() REPRESENTATION_CONTEXT('2D SPACE',''
  ) );
#6606 = PCURVE('',#3142,#6607);
#6607 = DEFINITIONAL_REPRESENTATION('',(#6608),#6612);
#6608 = LINE('',#6609,#6610);
#6609 = CARTESIAN_POINT('',(-5.101297604831,-7.));
#6610 = VECTOR('',#6611,1.);
#6611 = DIRECTION('',(-1.,-7.606866409153E-17));
#6612 = ( GEOMETRIC_REPRESENTATION_CONTEXT(2) 
PARAMETRIC_REPRESENTATION_CONTEXT() REPRESENTATION_CONTEXT('2D SPACE',''
  ) );
#6613 = ORIENTED_EDGE('',*,*,#6614,.T.);
#6614 = EDGE_CURVE('',#6592,#6615,#6617,.T.);
#6615 = VERTEX_POINT('',#6616);
#6616 = CARTESIAN_POINT('',(5.601837656728,-2.850717592389,-2.));
#6617 = SURFACE_CURVE('',#6618,(#6622,#6629),.PCURVE_S1.);
#6618 = LINE('',#6619,#6620);
#6619 = CARTESIAN_POINT('',(5.47788186919,-2.832413394194,-2.));
#6620 = VECTOR('',#6621,1.);
#6621 = DIRECTION('',(0.989272332963,-0.146083028562,2.43426917659E-16)
  );
#6622 = PCURVE('',#338,#6623);
#6623 = DEFINITIONAL_REPRESENTATION('',(#6624),#6628);
#6624 = LINE('',#6625,#6626);
#6625 = CARTESIAN_POINT('',(5.47788186919,-2.167586605806));
#6626 = VECTOR('',#6627,1.);
#6627 = DIRECTION('',(0.989272332963,0.146083028562));
#6628 = ( GEOMETRIC_REPRESENTATION_CONTEXT(2) 
PARAMETRIC_REPRESENTATION_CONTEXT() REPRESENTATION_CONTEXT('2D SPACE',''
  ) );
#6629 = PCURVE('',#3114,#6630);
#6630 = DEFINITIONAL_REPRESENTATION('',(#6631),#6635);
#6631 = LINE('',#6632,#6633);
#6632 = CARTESIAN_POINT('',(-8.948688115258E-16,-7.));
#6633 = VECTOR('',#6634,1.);
#6634 = DIRECTION('',(-1.,2.272084434773E-16));
#6635 = ( GEOMETRIC_REPRESENTATION_CONTEXT(2) 
PARAMETRIC_REPRESENTATION_CONTEXT() REPRESENTATION_CONTEXT('2D SPACE',''
  ) );
#6636 = ORIENTED_EDGE('',*,*,#6637,.F.);
#6637 = EDGE_CURVE('',#6638,#6615,#6640,.T.);
#6638 = VERTEX_POINT('',#6639);
#6639 = CARTESIAN_POINT('',(5.795901244016,-3.44837866423,-2.));
#6640 = SURFACE_CURVE('',#6641,(#6646,#6657),.PCURVE_S1.);
#6641 = CIRCLE('',#6642,6.);
#6642 = AXIS2_PLACEMENT_3D('',#6643,#6644,#6645);
#6643 = CARTESIAN_POINT('',(8.572527594031E-16,-5.,-2.));
#6644 = DIRECTION('',(-1.224646799147E-16,1.110223024625E-16,1.));
#6645 = DIRECTION('',(-1.,-1.359631073447E-32,-1.224646799147E-16));
#6646 = PCURVE('',#338,#6647);
#6647 = DEFINITIONAL_REPRESENTATION('',(#6648),#6656);
#6648 = ( BOUNDED_CURVE() B_SPLINE_CURVE(2,(#6649,#6650,#6651,#6652,
#6653,#6654,#6655),.UNSPECIFIED.,.T.,.F.) B_SPLINE_CURVE_WITH_KNOTS((1,2
    ,2,2,2,1),(-2.094395102393,0.,2.094395102393,4.188790204786,
6.28318530718,8.377580409573),.UNSPECIFIED.) CURVE() 
GEOMETRIC_REPRESENTATION_ITEM() RATIONAL_B_SPLINE_CURVE((1.,0.5,1.,0.5,
1.,0.5,1.)) REPRESENTATION_ITEM('') );
#6649 = CARTESIAN_POINT('',(-6.,0.));
#6650 = CARTESIAN_POINT('',(-6.,10.392304845413));
#6651 = CARTESIAN_POINT('',(3.,5.196152422707));
#6652 = CARTESIAN_POINT('',(12.,1.469576158977E-15));
#6653 = CARTESIAN_POINT('',(3.,-5.196152422707));
#6654 = CARTESIAN_POINT('',(-6.,-10.39230484541));
#6655 = CARTESIAN_POINT('',(-6.,0.));
#6656 = ( GEOMETRIC_REPRESENTATION_CONTEXT(2) 
PARAMETRIC_REPRESENTATION_CONTEXT() REPRESENTATION_CONTEXT('2D SPACE',''
  ) );
#6657 = PCURVE('',#3086,#6658);
#6658 = DEFINITIONAL_REPRESENTATION('',(#6659),#6663);
#6659 = LINE('',#6660,#6661);
#6660 = CARTESIAN_POINT('',(0.,-7.));
#6661 = VECTOR('',#6662,1.);
#6662 = DIRECTION('',(1.,0.));
#6663 = ( GEOMETRIC_REPRESENTATION_CONTEXT(2) 
PARAMETRIC_REPRESENTATION_CONTEXT() REPRESENTATION_CONTEXT('2D SPACE',''
  ) );
#6664 = ORIENTED_EDGE('',*,*,#6665,.T.);
#6665 = EDGE_CURVE('',#6638,#6666,#6668,.T.);
#6666 = VERTEX_POINT('',#6667);
#6667 = CARTESIAN_POINT('',(5.706357772824,-3.536066109757,-2.));
#6668 = SURFACE_CURVE('',#6669,(#6673,#6680),.PCURVE_S1.);
#6669 = LINE('',#6670,#6671);
#6670 = CARTESIAN_POINT('',(2.061620003496,-7.105257032906,-2.));
#6671 = VECTOR('',#6672,1.);
#6672 = DIRECTION('',(-0.714472679633,-0.699663340513,
    -9.819433006644E-18));
#6673 = PCURVE('',#338,#6674);
#6674 = DEFINITIONAL_REPRESENTATION('',(#6675),#6679);
#6675 = LINE('',#6676,#6677);
#6676 = CARTESIAN_POINT('',(2.061620003496,2.105257032906));
#6677 = VECTOR('',#6678,1.);
#6678 = DIRECTION('',(-0.714472679633,0.699663340513));
#6679 = ( GEOMETRIC_REPRESENTATION_CONTEXT(2) 
PARAMETRIC_REPRESENTATION_CONTEXT() REPRESENTATION_CONTEXT('2D SPACE',''
  ) );
#6680 = PCURVE('',#3057,#6681);
#6681 = DEFINITIONAL_REPRESENTATION('',(#6682),#6686);
#6682 = LINE('',#6683,#6684);
#6683 = CARTESIAN_POINT('',(-5.101297604831,-7.));
#6684 = VECTOR('',#6685,1.);
#6685 = DIRECTION('',(-1.,-8.749766801905E-17));
#6686 = ( GEOMETRIC_REPRESENTATION_CONTEXT(2) 
PARAMETRIC_REPRESENTATION_CONTEXT() REPRESENTATION_CONTEXT('2D SPACE',''
  ) );
#6687 = ORIENTED_EDGE('',*,*,#6688,.T.);
#6688 = EDGE_CURVE('',#6666,#6689,#6691,.T.);
#6689 = VERTEX_POINT('',#6690);
#6690 = CARTESIAN_POINT('',(5.827042007606,-3.569761753553,-2.));
#6691 = SURFACE_CURVE('',#6692,(#6696,#6703),.PCURVE_S1.);
#6692 = LINE('',#6693,#6694);
#6693 = CARTESIAN_POINT('',(5.706357772824,-3.536066109757,-2.));
#6694 = VECTOR('',#6695,1.);
#6695 = DIRECTION('',(0.963162566798,-0.268919820615,2.538670169837E-16)
  );
#6696 = PCURVE('',#338,#6697);
#6697 = DEFINITIONAL_REPRESENTATION('',(#6698),#6702);
#6698 = LINE('',#6699,#6700);
#6699 = CARTESIAN_POINT('',(5.706357772824,-1.463933890243));
#6700 = VECTOR('',#6701,1.);
#6701 = DIRECTION('',(0.963162566798,0.268919820615));
#6702 = ( GEOMETRIC_REPRESENTATION_CONTEXT(2) 
PARAMETRIC_REPRESENTATION_CONTEXT() REPRESENTATION_CONTEXT('2D SPACE',''
  ) );
#6703 = PCURVE('',#3029,#6704);
#6704 = DEFINITIONAL_REPRESENTATION('',(#6705),#6709);
#6705 = LINE('',#6706,#6707);
#6706 = CARTESIAN_POINT('',(-8.853163041552E-16,-7.));
#6707 = VECTOR('',#6708,1.);
#6708 = DIRECTION('',(-1.,2.240109193212E-16));
#6709 = ( GEOMETRIC_REPRESENTATION_CONTEXT(2) 
PARAMETRIC_REPRESENTATION_CONTEXT() REPRESENTATION_CONTEXT('2D SPACE',''
  ) );
#6710 = ORIENTED_EDGE('',*,*,#6711,.F.);
#6711 = EDGE_CURVE('',#6712,#6689,#6714,.T.);
#6712 = VERTEX_POINT('',#6713);
#6713 = CARTESIAN_POINT('',(5.944668550834,-4.187032706242,-2.));
#6714 = SURFACE_CURVE('',#6715,(#6720,#6731),.PCURVE_S1.);
#6715 = CIRCLE('',#6716,6.);
#6716 = AXIS2_PLACEMENT_3D('',#6717,#6718,#6719);
#6717 = CARTESIAN_POINT('',(8.572527594031E-16,-5.,-2.));
#6718 = DIRECTION('',(-1.224646799147E-16,1.110223024625E-16,1.));
#6719 = DIRECTION('',(-1.,-1.359631073447E-32,-1.224646799147E-16));
#6720 = PCURVE('',#338,#6721);
#6721 = DEFINITIONAL_REPRESENTATION('',(#6722),#6730);
#6722 = ( BOUNDED_CURVE() B_SPLINE_CURVE(2,(#6723,#6724,#6725,#6726,
#6727,#6728,#6729),.UNSPECIFIED.,.T.,.F.) B_SPLINE_CURVE_WITH_KNOTS((1,2
    ,2,2,2,1),(-2.094395102393,0.,2.094395102393,4.188790204786,
6.28318530718,8.377580409573),.UNSPECIFIED.) CURVE() 
GEOMETRIC_REPRESENTATION_ITEM() RATIONAL_B_SPLINE_CURVE((1.,0.5,1.,0.5,
1.,0.5,1.)) REPRESENTATION_ITEM('') );
#6723 = CARTESIAN_POINT('',(-6.,0.));
#6724 = CARTESIAN_POINT('',(-6.,10.392304845413));
#6725 = CARTESIAN_POINT('',(3.,5.196152422707));
#6726 = CARTESIAN_POINT('',(12.,1.469576158977E-15));
#6727 = CARTESIAN_POINT('',(3.,-5.196152422707));
#6728 = CARTESIAN_POINT('',(-6.,-10.39230484541));
#6729 = CARTESIAN_POINT('',(-6.,0.));
#6730 = ( GEOMETRIC_REPRESENTATION_CONTEXT(2) 
PARAMETRIC_REPRESENTATION_CONTEXT() REPRESENTATION_CONTEXT('2D SPACE',''
  ) );
#6731 = PCURVE('',#3001,#6732);
#6732 = DEFINITIONAL_REPRESENTATION('',(#6733),#6737);
#6733 = LINE('',#6734,#6735);
#6734 = CARTESIAN_POINT('',(-4.440892098501E-16,-7.));
#6735 = VECTOR('',#6736,1.);
#6736 = DIRECTION('',(1.,0.));
#6737 = ( GEOMETRIC_REPRESENTATION_CONTEXT(2) 
PARAMETRIC_REPRESENTATION_CONTEXT() REPRESENTATION_CONTEXT('2D SPACE',''
  ) );
#6738 = ORIENTED_EDGE('',*,*,#6739,.T.);
#6739 = EDGE_CURVE('',#6712,#6740,#6742,.T.);
#6740 = VERTEX_POINT('',#6741);
#6741 = CARTESIAN_POINT('',(5.844841005567,-4.26280593728,-2.));
#6742 = SURFACE_CURVE('',#6743,(#6747,#6754),.PCURVE_S1.);
#6743 = LINE('',#6744,#6745);
#6744 = CARTESIAN_POINT('',(1.781504842574,-7.34704595381,-2.));
#6745 = VECTOR('',#6746,1.);
#6746 = DIRECTION('',(-0.796529918024,-0.604599114862,
    -3.042279565452E-17));
#6747 = PCURVE('',#338,#6748);
#6748 = DEFINITIONAL_REPRESENTATION('',(#6749),#6753);
#6749 = LINE('',#6750,#6751);
#6750 = CARTESIAN_POINT('',(1.781504842574,2.34704595381));
#6751 = VECTOR('',#6752,1.);
#6752 = DIRECTION('',(-0.796529918024,0.604599114862));
#6753 = ( GEOMETRIC_REPRESENTATION_CONTEXT(2) 
PARAMETRIC_REPRESENTATION_CONTEXT() REPRESENTATION_CONTEXT('2D SPACE',''
  ) );
#6754 = PCURVE('',#2972,#6755);
#6755 = DEFINITIONAL_REPRESENTATION('',(#6756),#6760);
#6756 = LINE('',#6757,#6758);
#6757 = CARTESIAN_POINT('',(-5.101297604831,-7.));
#6758 = VECTOR('',#6759,1.);
#6759 = DIRECTION('',(-1.,-9.754678145334E-17));
#6760 = ( GEOMETRIC_REPRESENTATION_CONTEXT(2) 
PARAMETRIC_REPRESENTATION_CONTEXT() REPRESENTATION_CONTEXT('2D SPACE',''
  ) );
#6761 = ORIENTED_EDGE('',*,*,#6762,.T.);
#6762 = EDGE_CURVE('',#6740,#6763,#6765,.T.);
#6763 = VERTEX_POINT('',#6764);
#6764 = CARTESIAN_POINT('',(5.960350425117,-4.311361626246,-2.));
#6765 = SURFACE_CURVE('',#6766,(#6770,#6777),.PCURVE_S1.);
#6766 = LINE('',#6767,#6768);
#6767 = CARTESIAN_POINT('',(5.844841005567,-4.26280593728,-2.));
#6768 = VECTOR('',#6769,1.);
#6769 = DIRECTION('',(0.921863151589,-0.387515586452,2.61976072305E-16)
  );
#6770 = PCURVE('',#338,#6771);
#6771 = DEFINITIONAL_REPRESENTATION('',(#6772),#6776);
#6772 = LINE('',#6773,#6774);
#6773 = CARTESIAN_POINT('',(5.844841005567,-0.73719406272));
#6774 = VECTOR('',#6775,1.);
#6775 = DIRECTION('',(0.921863151589,0.387515586452));
#6776 = ( GEOMETRIC_REPRESENTATION_CONTEXT(2) 
PARAMETRIC_REPRESENTATION_CONTEXT() REPRESENTATION_CONTEXT('2D SPACE',''
  ) );
#6777 = PCURVE('',#2944,#6778);
#6778 = DEFINITIONAL_REPRESENTATION('',(#6779),#6783);
#6779 = LINE('',#6780,#6781);
#6780 = CARTESIAN_POINT('',(-8.618018298057E-16,-7.));
#6781 = VECTOR('',#6782,1.);
#6782 = DIRECTION('',(-1.,2.18953199657E-16));
#6783 = ( GEOMETRIC_REPRESENTATION_CONTEXT(2) 
PARAMETRIC_REPRESENTATION_CONTEXT() REPRESENTATION_CONTEXT('2D SPACE',''
  ) );
#6784 = ORIENTED_EDGE('',*,*,#6785,.F.);
#6785 = EDGE_CURVE('',#6786,#6763,#6788,.T.);
#6786 = VERTEX_POINT('',#6787);
#6787 = CARTESIAN_POINT('',(5.999684883433,-4.938507728119,-2.));
#6788 = SURFACE_CURVE('',#6789,(#6794,#6805),.PCURVE_S1.);
#6789 = CIRCLE('',#6790,6.);
#6790 = AXIS2_PLACEMENT_3D('',#6791,#6792,#6793);
#6791 = CARTESIAN_POINT('',(8.572527594031E-16,-5.,-2.));
#6792 = DIRECTION('',(-1.224646799147E-16,1.110223024625E-16,1.));
#6793 = DIRECTION('',(-1.,-1.359631073447E-32,-1.224646799147E-16));
#6794 = PCURVE('',#338,#6795);
#6795 = DEFINITIONAL_REPRESENTATION('',(#6796),#6804);
#6796 = ( BOUNDED_CURVE() B_SPLINE_CURVE(2,(#6797,#6798,#6799,#6800,
#6801,#6802,#6803),.UNSPECIFIED.,.T.,.F.) B_SPLINE_CURVE_WITH_KNOTS((1,2
    ,2,2,2,1),(-2.094395102393,0.,2.094395102393,4.188790204786,
6.28318530718,8.377580409573),.UNSPECIFIED.) CURVE() 
GEOMETRIC_REPRESENTATION_ITEM() RATIONAL_B_SPLINE_CURVE((1.,0.5,1.,0.5,
1.,0.5,1.)) REPRESENTATION_ITEM('') );
#6797 = CARTESIAN_POINT('',(-6.,0.));
#6798 = CARTESIAN_POINT('',(-6.,10.392304845413));
#6799 = CARTESIAN_POINT('',(3.,5.196152422707));
#6800 = CARTESIAN_POINT('',(12.,1.469576158977E-15));
#6801 = CARTESIAN_POINT('',(3.,-5.196152422707));
#6802 = CARTESIAN_POINT('',(-6.,-10.39230484541));
#6803 = CARTESIAN_POINT('',(-6.,0.));
#6804 = ( GEOMETRIC_REPRESENTATION_CONTEXT(2) 
PARAMETRIC_REPRESENTATION_CONTEXT() REPRESENTATION_CONTEXT('2D SPACE',''
  ) );
#6805 = PCURVE('',#2916,#6806);
#6806 = DEFINITIONAL_REPRESENTATION('',(#6807),#6811);
#6807 = LINE('',#6808,#6809);
#6808 = CARTESIAN_POINT('',(-4.440892098501E-16,-7.));
#6809 = VECTOR('',#6810,1.);
#6810 = DIRECTION('',(1.,0.));
#6811 = ( GEOMETRIC_REPRESENTATION_CONTEXT(2) 
PARAMETRIC_REPRESENTATION_CONTEXT() REPRESENTATION_CONTEXT('2D SPACE',''
  ) );
#6812 = ORIENTED_EDGE('',*,*,#6813,.T.);
#6813 = EDGE_CURVE('',#6786,#6814,#6816,.T.);
#6814 = VERTEX_POINT('',#6815);
#6815 = CARTESIAN_POINT('',(5.891147604114,-5.001171755551,-2.));
#6816 = SURFACE_CURVE('',#6817,(#6821,#6828),.PCURVE_S1.);
#6817 = LINE('',#6818,#6819);
#6818 = CARTESIAN_POINT('',(1.473294286065,-7.551820557966,-2.));
#6819 = VECTOR('',#6820,1.);
#6820 = DIRECTION('',(-0.866025403784,-0.5,-5.054637264123E-17));
#6821 = PCURVE('',#338,#6822);
#6822 = DEFINITIONAL_REPRESENTATION('',(#6823),#6827);
#6823 = LINE('',#6824,#6825);
#6824 = CARTESIAN_POINT('',(1.473294286065,2.551820557966));
#6825 = VECTOR('',#6826,1.);
#6826 = DIRECTION('',(-0.866025403784,0.5));
#6827 = ( GEOMETRIC_REPRESENTATION_CONTEXT(2) 
PARAMETRIC_REPRESENTATION_CONTEXT() REPRESENTATION_CONTEXT('2D SPACE',''
  ) );
#6828 = PCURVE('',#2887,#6829);
#6829 = DEFINITIONAL_REPRESENTATION('',(#6830),#6834);
#6830 = LINE('',#6831,#6832);
#6831 = CARTESIAN_POINT('',(-5.101297604831,-7.));
#6832 = VECTOR('',#6833,1.);
#6833 = DIRECTION('',(-1.,-1.060575238725E-16));
#6834 = ( GEOMETRIC_REPRESENTATION_CONTEXT(2) 
PARAMETRIC_REPRESENTATION_CONTEXT() REPRESENTATION_CONTEXT('2D SPACE',''
  ) );
#6835 = ORIENTED_EDGE('',*,*,#6836,.T.);
#6836 = EDGE_CURVE('',#6814,#6837,#6839,.T.);
#6837 = VERTEX_POINT('',#6838);
#6838 = CARTESIAN_POINT('',(5.999660555884,-5.063821737465,-2.));
#6839 = SURFACE_CURVE('',#6840,(#6844,#6851),.PCURVE_S1.);
#6840 = LINE('',#6841,#6842);
#6841 = CARTESIAN_POINT('',(5.891147604114,-5.001171755551,-2.));
#6842 = VECTOR('',#6843,1.);
#6843 = DIRECTION('',(0.866025403784,-0.5,2.676261989762E-16));
#6844 = PCURVE('',#338,#6845);
#6845 = DEFINITIONAL_REPRESENTATION('',(#6846),#6850);
#6846 = LINE('',#6847,#6848);
#6847 = CARTESIAN_POINT('',(5.891147604114,1.171755550614E-03));
#6848 = VECTOR('',#6849,1.);
#6849 = DIRECTION('',(0.866025403784,0.5));
#6850 = ( GEOMETRIC_REPRESENTATION_CONTEXT(2) 
PARAMETRIC_REPRESENTATION_CONTEXT() REPRESENTATION_CONTEXT('2D SPACE',''
  ) );
#6851 = PCURVE('',#2859,#6852);
#6852 = DEFINITIONAL_REPRESENTATION('',(#6853),#6857);
#6853 = LINE('',#6854,#6855);
#6854 = CARTESIAN_POINT('',(-8.246962257847E-16,-7.));
#6855 = VECTOR('',#6856,1.);
#6856 = DIRECTION('',(-1.,2.12115047745E-16));
#6857 = ( GEOMETRIC_REPRESENTATION_CONTEXT(2) 
PARAMETRIC_REPRESENTATION_CONTEXT() REPRESENTATION_CONTEXT('2D SPACE',''
  ) );
#6858 = ORIENTED_EDGE('',*,*,#6859,.F.);
#6859 = EDGE_CURVE('',#6860,#6837,#6862,.T.);
#6860 = VERTEX_POINT('',#6861);
#6861 = CARTESIAN_POINT('',(5.960082601383,-5.690952519857,-2.));
#6862 = SURFACE_CURVE('',#6863,(#6868,#6879),.PCURVE_S1.);
#6863 = CIRCLE('',#6864,6.);
#6864 = AXIS2_PLACEMENT_3D('',#6865,#6866,#6867);
#6865 = CARTESIAN_POINT('',(8.572527594031E-16,-5.,-2.));
#6866 = DIRECTION('',(-1.224646799147E-16,1.110223024625E-16,1.));
#6867 = DIRECTION('',(-1.,-1.359631073447E-32,-1.224646799147E-16));
#6868 = PCURVE('',#338,#6869);
#6869 = DEFINITIONAL_REPRESENTATION('',(#6870),#6878);
#6870 = ( BOUNDED_CURVE() B_SPLINE_CURVE(2,(#6871,#6872,#6873,#6874,
#6875,#6876,#6877),.UNSPECIFIED.,.T.,.F.) B_SPLINE_CURVE_WITH_KNOTS((1,2
    ,2,2,2,1),(-2.094395102393,0.,2.094395102393,4.188790204786,
6.28318530718,8.377580409573),.UNSPECIFIED.) CURVE() 
GEOMETRIC_REPRESENTATION_ITEM() RATIONAL_B_SPLINE_CURVE((1.,0.5,1.,0.5,
1.,0.5,1.)) REPRESENTATION_ITEM('') );
#6871 = CARTESIAN_POINT('',(-6.,0.));
#6872 = CARTESIAN_POINT('',(-6.,10.392304845413));
#6873 = CARTESIAN_POINT('',(3.,5.196152422707));
#6874 = CARTESIAN_POINT('',(12.,1.469576158977E-15));
#6875 = CARTESIAN_POINT('',(3.,-5.196152422707));
#6876 = CARTESIAN_POINT('',(-6.,-10.39230484541));
#6877 = CARTESIAN_POINT('',(-6.,0.));
#6878 = ( GEOMETRIC_REPRESENTATION_CONTEXT(2) 
PARAMETRIC_REPRESENTATION_CONTEXT() REPRESENTATION_CONTEXT('2D SPACE',''
  ) );
#6879 = PCURVE('',#2831,#6880);
#6880 = DEFINITIONAL_REPRESENTATION('',(#6881),#6885);
#6881 = LINE('',#6882,#6883);
#6882 = CARTESIAN_POINT('',(0.,-7.));
#6883 = VECTOR('',#6884,1.);
#6884 = DIRECTION('',(1.,0.));
#6885 = ( GEOMETRIC_REPRESENTATION_CONTEXT(2) 
PARAMETRIC_REPRESENTATION_CONTEXT() REPRESENTATION_CONTEXT('2D SPACE',''
  ) );
#6886 = ORIENTED_EDGE('',*,*,#6887,.T.);
#6887 = EDGE_CURVE('',#6860,#6888,#6890,.T.);
#6888 = VERTEX_POINT('',#6889);
#6889 = CARTESIAN_POINT('',(5.844547285743,-5.739519094536,-2.));
#6890 = SURFACE_CURVE('',#6891,(#6895,#6902),.PCURVE_S1.);
#6891 = LINE('',#6892,#6893);
#6892 = CARTESIAN_POINT('',(1.141848998562,-7.716351427539,-2.));
#6893 = VECTOR('',#6894,1.);
#6894 = DIRECTION('',(-0.921863151588,-0.387515586452,
    -6.987280313645E-17));
#6895 = PCURVE('',#338,#6896);
#6896 = DEFINITIONAL_REPRESENTATION('',(#6897),#6901);
#6897 = LINE('',#6898,#6899);
#6898 = CARTESIAN_POINT('',(1.141848998562,2.716351427539));
#6899 = VECTOR('',#6900,1.);
#6900 = DIRECTION('',(-0.921863151588,0.387515586452));
#6901 = ( GEOMETRIC_REPRESENTATION_CONTEXT(2) 
PARAMETRIC_REPRESENTATION_CONTEXT() REPRESENTATION_CONTEXT('2D SPACE',''
  ) );
#6902 = PCURVE('',#2802,#6903);
#6903 = DEFINITIONAL_REPRESENTATION('',(#6904),#6908);
#6904 = LINE('',#6905,#6906);
#6905 = CARTESIAN_POINT('',(-5.101297604831,-7.));
#6906 = VECTOR('',#6907,1.);
#6907 = DIRECTION('',(-1.,-1.128956757845E-16));
#6908 = ( GEOMETRIC_REPRESENTATION_CONTEXT(2) 
PARAMETRIC_REPRESENTATION_CONTEXT() REPRESENTATION_CONTEXT('2D SPACE',''
  ) );
#6909 = ORIENTED_EDGE('',*,*,#6910,.T.);
#6910 = EDGE_CURVE('',#6888,#6911,#6913,.T.);
#6911 = VERTEX_POINT('',#6912);
#6912 = CARTESIAN_POINT('',(5.944352455661,-5.81527534176,-2.));
#6913 = SURFACE_CURVE('',#6914,(#6918,#6925),.PCURVE_S1.);
#6914 = LINE('',#6915,#6916);
#6915 = CARTESIAN_POINT('',(5.844547285743,-5.739519094536,-2.));
#6916 = VECTOR('',#6917,1.);
#6917 = DIRECTION('',(0.796529918024,-0.604599114862,2.707282911247E-16)
  );
#6918 = PCURVE('',#338,#6919);
#6919 = DEFINITIONAL_REPRESENTATION('',(#6920),#6924);
#6920 = LINE('',#6921,#6922);
#6921 = CARTESIAN_POINT('',(5.844547285743,0.739519094536));
#6922 = VECTOR('',#6923,1.);
#6923 = DIRECTION('',(0.796529918024,0.604599114862));
#6924 = ( GEOMETRIC_REPRESENTATION_CONTEXT(2) 
PARAMETRIC_REPRESENTATION_CONTEXT() REPRESENTATION_CONTEXT('2D SPACE',''
  ) );
#6925 = PCURVE('',#2774,#6926);
#6926 = DEFINITIONAL_REPRESENTATION('',(#6927),#6931);
#6927 = LINE('',#6928,#6929);
#6928 = CARTESIAN_POINT('',(-7.745846696334E-16,-7.));
#6929 = VECTOR('',#6930,1.);
#6930 = DIRECTION('',(-1.,2.036043053258E-16));
#6931 = ( GEOMETRIC_REPRESENTATION_CONTEXT(2) 
PARAMETRIC_REPRESENTATION_CONTEXT() REPRESENTATION_CONTEXT('2D SPACE',''
  ) );
#6932 = ORIENTED_EDGE('',*,*,#6933,.F.);
#6933 = EDGE_CURVE('',#6934,#6911,#6936,.T.);
#6934 = VERTEX_POINT('',#6935);
#6935 = CARTESIAN_POINT('',(5.826486256327,-6.432500577602,-2.));
#6936 = SURFACE_CURVE('',#6937,(#6942,#6953),.PCURVE_S1.);
#6937 = CIRCLE('',#6938,6.);
#6938 = AXIS2_PLACEMENT_3D('',#6939,#6940,#6941);
#6939 = CARTESIAN_POINT('',(8.572527594031E-16,-5.,-2.));
#6940 = DIRECTION('',(-1.224646799147E-16,1.110223024625E-16,1.));
#6941 = DIRECTION('',(-1.,-1.359631073447E-32,-1.224646799147E-16));
#6942 = PCURVE('',#338,#6943);
#6943 = DEFINITIONAL_REPRESENTATION('',(#6944),#6952);
#6944 = ( BOUNDED_CURVE() B_SPLINE_CURVE(2,(#6945,#6946,#6947,#6948,
#6949,#6950,#6951),.UNSPECIFIED.,.T.,.F.) B_SPLINE_CURVE_WITH_KNOTS((1,2
    ,2,2,2,1),(-2.094395102393,0.,2.094395102393,4.188790204786,
6.28318530718,8.377580409573),.UNSPECIFIED.) CURVE() 
GEOMETRIC_REPRESENTATION_ITEM() RATIONAL_B_SPLINE_CURVE((1.,0.5,1.,0.5,
1.,0.5,1.)) REPRESENTATION_ITEM('') );
#6945 = CARTESIAN_POINT('',(-6.,0.));
#6946 = CARTESIAN_POINT('',(-6.,10.392304845413));
#6947 = CARTESIAN_POINT('',(3.,5.196152422707));
#6948 = CARTESIAN_POINT('',(12.,1.469576158977E-15));
#6949 = CARTESIAN_POINT('',(3.,-5.196152422707));
#6950 = CARTESIAN_POINT('',(-6.,-10.39230484541));
#6951 = CARTESIAN_POINT('',(-6.,0.));
#6952 = ( GEOMETRIC_REPRESENTATION_CONTEXT(2) 
PARAMETRIC_REPRESENTATION_CONTEXT() REPRESENTATION_CONTEXT('2D SPACE',''
  ) );
#6953 = PCURVE('',#2746,#6954);
#6954 = DEFINITIONAL_REPRESENTATION('',(#6955),#6959);
#6955 = LINE('',#6956,#6957);
#6956 = CARTESIAN_POINT('',(0.,-7.));
#6957 = VECTOR('',#6958,1.);
#6958 = DIRECTION('',(1.,0.));
#6959 = ( GEOMETRIC_REPRESENTATION_CONTEXT(2) 
PARAMETRIC_REPRESENTATION_CONTEXT() REPRESENTATION_CONTEXT('2D SPACE',''
  ) );
#6960 = ORIENTED_EDGE('',*,*,#6961,.T.);
#6961 = EDGE_CURVE('',#6934,#6962,#6964,.T.);
#6962 = VERTEX_POINT('',#6963);
#6963 = CARTESIAN_POINT('',(5.705774965313,-6.466203775634,-2.));
#6964 = SURFACE_CURVE('',#6965,(#6969,#6976),.PCURVE_S1.);
#6965 = LINE('',#6966,#6967);
#6966 = CARTESIAN_POINT('',(0.792396070244,-7.83804381243,-2.));
#6967 = VECTOR('',#6968,1.);
#6968 = DIRECTION('',(-0.963162566798,-0.268919820615,
    -8.809729778622E-17));
#6969 = PCURVE('',#338,#6970);
#6970 = DEFINITIONAL_REPRESENTATION('',(#6971),#6975);
#6971 = LINE('',#6972,#6973);
#6972 = CARTESIAN_POINT('',(0.792396070244,2.83804381243));
#6973 = VECTOR('',#6974,1.);
#6974 = DIRECTION('',(-0.963162566798,0.268919820615));
#6975 = ( GEOMETRIC_REPRESENTATION_CONTEXT(2) 
PARAMETRIC_REPRESENTATION_CONTEXT() REPRESENTATION_CONTEXT('2D SPACE',''
  ) );
#6976 = PCURVE('',#2717,#6977);
#6977 = DEFINITIONAL_REPRESENTATION('',(#6978),#6982);
#6978 = LINE('',#6979,#6980);
#6979 = CARTESIAN_POINT('',(-5.101297604831,-7.));
#6980 = VECTOR('',#6981,1.);
#6981 = DIRECTION('',(-1.,-1.179533954487E-16));
#6982 = ( GEOMETRIC_REPRESENTATION_CONTEXT(2) 
PARAMETRIC_REPRESENTATION_CONTEXT() REPRESENTATION_CONTEXT('2D SPACE',''
  ) );
#6983 = ORIENTED_EDGE('',*,*,#6984,.T.);
#6984 = EDGE_CURVE('',#6962,#6985,#6987,.T.);
#6985 = VERTEX_POINT('',#6986);
#6986 = CARTESIAN_POINT('',(5.795298366228,-6.553871566893,-2.));
#6987 = SURFACE_CURVE('',#6988,(#6992,#6999),.PCURVE_S1.);
#6988 = LINE('',#6989,#6990);
#6989 = CARTESIAN_POINT('',(5.705774965313,-6.466203775634,-2.));
#6990 = VECTOR('',#6991,1.);
#6991 = DIRECTION('',(0.714472679633,-0.699663340513,2.71233426904E-16)
  );
#6992 = PCURVE('',#338,#6993);
#6993 = DEFINITIONAL_REPRESENTATION('',(#6994),#6998);
#6994 = LINE('',#6995,#6996);
#6995 = CARTESIAN_POINT('',(5.705774965313,1.466203775634));
#6996 = VECTOR('',#6997,1.);
#6997 = DIRECTION('',(0.714472679633,0.699663340513));
#6998 = ( GEOMETRIC_REPRESENTATION_CONTEXT(2) 
PARAMETRIC_REPRESENTATION_CONTEXT() REPRESENTATION_CONTEXT('2D SPACE',''
  ) );
#6999 = PCURVE('',#2689,#7000);
#7000 = DEFINITIONAL_REPRESENTATION('',(#7001),#7005);
#7001 = LINE('',#7002,#7003);
#7002 = CARTESIAN_POINT('',(-7.122574505276E-16,-7.));
#7003 = VECTOR('',#7004,1.);
#7004 = DIRECTION('',(-1.,1.935551918915E-16));
#7005 = ( GEOMETRIC_REPRESENTATION_CONTEXT(2) 
PARAMETRIC_REPRESENTATION_CONTEXT() REPRESENTATION_CONTEXT('2D SPACE',''
  ) );
#7006 = ORIENTED_EDGE('',*,*,#7007,.F.);
#7007 = EDGE_CURVE('',#7008,#6985,#7010,.T.);
#7008 = VERTEX_POINT('',#7009);
#7009 = CARTESIAN_POINT('',(5.601002742435,-7.151457245504,-2.));
#7010 = SURFACE_CURVE('',#7011,(#7016,#7027),.PCURVE_S1.);
#7011 = CIRCLE('',#7012,6.);
#7012 = AXIS2_PLACEMENT_3D('',#7013,#7014,#7015);
#7013 = CARTESIAN_POINT('',(8.572527594031E-16,-5.,-2.));
#7014 = DIRECTION('',(-1.224646799147E-16,1.110223024625E-16,1.));
#7015 = DIRECTION('',(-1.,-1.359631073447E-32,-1.224646799147E-16));
#7016 = PCURVE('',#338,#7017);
#7017 = DEFINITIONAL_REPRESENTATION('',(#7018),#7026);
#7018 = ( BOUNDED_CURVE() B_SPLINE_CURVE(2,(#7019,#7020,#7021,#7022,
#7023,#7024,#7025),.UNSPECIFIED.,.T.,.F.) B_SPLINE_CURVE_WITH_KNOTS((1,2
    ,2,2,2,1),(-2.094395102393,0.,2.094395102393,4.188790204786,
6.28318530718,8.377580409573),.UNSPECIFIED.) CURVE() 
GEOMETRIC_REPRESENTATION_ITEM() RATIONAL_B_SPLINE_CURVE((1.,0.5,1.,0.5,
1.,0.5,1.)) REPRESENTATION_ITEM('') );
#7019 = CARTESIAN_POINT('',(-6.,0.));
#7020 = CARTESIAN_POINT('',(-6.,10.392304845413));
#7021 = CARTESIAN_POINT('',(3.,5.196152422707));
#7022 = CARTESIAN_POINT('',(12.,1.469576158977E-15));
#7023 = CARTESIAN_POINT('',(3.,-5.196152422707));
#7024 = CARTESIAN_POINT('',(-6.,-10.39230484541));
#7025 = CARTESIAN_POINT('',(-6.,0.));
#7026 = ( GEOMETRIC_REPRESENTATION_CONTEXT(2) 
PARAMETRIC_REPRESENTATION_CONTEXT() REPRESENTATION_CONTEXT('2D SPACE',''
  ) );
#7027 = PCURVE('',#2661,#7028);
#7028 = DEFINITIONAL_REPRESENTATION('',(#7029),#7033);
#7029 = LINE('',#7030,#7031);
#7030 = CARTESIAN_POINT('',(0.,-7.));
#7031 = VECTOR('',#7032,1.);
#7032 = DIRECTION('',(1.,0.));
#7033 = ( GEOMETRIC_REPRESENTATION_CONTEXT(2) 
PARAMETRIC_REPRESENTATION_CONTEXT() REPRESENTATION_CONTEXT('2D SPACE',''
  ) );
#7034 = ORIENTED_EDGE('',*,*,#7035,.T.);
#7035 = EDGE_CURVE('',#7008,#7036,#7038,.T.);
#7036 = VERTEX_POINT('',#7037);
#7037 = CARTESIAN_POINT('',(5.477019165214,-7.169765547322,-2.));
#7038 = SURFACE_CURVE('',#7039,(#7043,#7050),.PCURVE_S1.);
#7039 = LINE('',#7040,#7041);
#7040 = CARTESIAN_POINT('',(0.430446582544,-7.914978551034,-2.));
#7041 = VECTOR('',#7042,1.);
#7042 = DIRECTION('',(-0.989272332963,-0.146083028562,
    -1.049324454231E-16));
#7043 = PCURVE('',#338,#7044);
#7044 = DEFINITIONAL_REPRESENTATION('',(#7045),#7049);
#7045 = LINE('',#7046,#7047);
#7046 = CARTESIAN_POINT('',(0.430446582544,2.914978551034));
#7047 = VECTOR('',#7048,1.);
#7048 = DIRECTION('',(-0.989272332963,0.146083028562));
#7049 = ( GEOMETRIC_REPRESENTATION_CONTEXT(2) 
PARAMETRIC_REPRESENTATION_CONTEXT() REPRESENTATION_CONTEXT('2D SPACE',''
  ) );
#7050 = PCURVE('',#2632,#7051);
#7051 = DEFINITIONAL_REPRESENTATION('',(#7052),#7056);
#7052 = LINE('',#7053,#7054);
#7053 = CARTESIAN_POINT('',(-5.101297604831,-7.));
#7054 = VECTOR('',#7055,1.);
#7055 = DIRECTION('',(-1.,-1.211509196048E-16));
#7056 = ( GEOMETRIC_REPRESENTATION_CONTEXT(2) 
PARAMETRIC_REPRESENTATION_CONTEXT() REPRESENTATION_CONTEXT('2D SPACE',''
  ) );
#7057 = ORIENTED_EDGE('',*,*,#7058,.T.);
#7058 = EDGE_CURVE('',#7036,#7059,#7061,.T.);
#7059 = VERTEX_POINT('',#7060);
#7060 = CARTESIAN_POINT('',(5.554848959616,-7.267962309178,-2.));
#7061 = SURFACE_CURVE('',#7062,(#7066,#7073),.PCURVE_S1.);
#7062 = LINE('',#7063,#7064);
#7063 = CARTESIAN_POINT('',(5.477019165214,-7.169765547322,-2.));
#7064 = VECTOR('',#7065,1.);
#7065 = DIRECTION('',(0.621147780278,-0.783693457326,2.691336400211E-16)
  );
#7066 = PCURVE('',#338,#7067);
#7067 = DEFINITIONAL_REPRESENTATION('',(#7068),#7072);
#7068 = LINE('',#7069,#7070);
#7069 = CARTESIAN_POINT('',(5.477019165214,2.169765547322));
#7070 = VECTOR('',#7071,1.);
#7071 = DIRECTION('',(0.621147780278,0.783693457326));
#7072 = ( GEOMETRIC_REPRESENTATION_CONTEXT(2) 
PARAMETRIC_REPRESENTATION_CONTEXT() REPRESENTATION_CONTEXT('2D SPACE',''
  ) );
#7073 = PCURVE('',#2604,#7074);
#7074 = DEFINITIONAL_REPRESENTATION('',(#7075),#7079);
#7075 = LINE('',#7076,#7077);
#7076 = CARTESIAN_POINT('',(-6.38697505945E-16,-7.));
#7077 = VECTOR('',#7078,1.);
#7078 = DIRECTION('',(-1.,1.82126187964E-16));
#7079 = ( GEOMETRIC_REPRESENTATION_CONTEXT(2) 
PARAMETRIC_REPRESENTATION_CONTEXT() REPRESENTATION_CONTEXT('2D SPACE',''
  ) );
#7080 = ORIENTED_EDGE('',*,*,#7081,.F.);
#7081 = EDGE_CURVE('',#7082,#7059,#7084,.T.);
#7082 = VERTEX_POINT('',#7083);
#7083 = CARTESIAN_POINT('',(5.287188069419,-7.836484147426,-2.));
#7084 = SURFACE_CURVE('',#7085,(#7090,#7101),.PCURVE_S1.);
#7085 = CIRCLE('',#7086,6.);
#7086 = AXIS2_PLACEMENT_3D('',#7087,#7088,#7089);
#7087 = CARTESIAN_POINT('',(8.572527594031E-16,-5.,-2.));
#7088 = DIRECTION('',(-1.224646799147E-16,1.110223024625E-16,1.));
#7089 = DIRECTION('',(-1.,-1.359631073447E-32,-1.224646799147E-16));
#7090 = PCURVE('',#338,#7091);
#7091 = DEFINITIONAL_REPRESENTATION('',(#7092),#7100);
#7092 = ( BOUNDED_CURVE() B_SPLINE_CURVE(2,(#7093,#7094,#7095,#7096,
#7097,#7098,#7099),.UNSPECIFIED.,.T.,.F.) B_SPLINE_CURVE_WITH_KNOTS((1,2
    ,2,2,2,1),(-2.094395102393,0.,2.094395102393,4.188790204786,
6.28318530718,8.377580409573),.UNSPECIFIED.) CURVE() 
GEOMETRIC_REPRESENTATION_ITEM() RATIONAL_B_SPLINE_CURVE((1.,0.5,1.,0.5,
1.,0.5,1.)) REPRESENTATION_ITEM('') );
#7093 = CARTESIAN_POINT('',(-6.,0.));
#7094 = CARTESIAN_POINT('',(-6.,10.392304845413));
#7095 = CARTESIAN_POINT('',(3.,5.196152422707));
#7096 = CARTESIAN_POINT('',(12.,1.469576158977E-15));
#7097 = CARTESIAN_POINT('',(3.,-5.196152422707));
#7098 = CARTESIAN_POINT('',(-6.,-10.39230484541));
#7099 = CARTESIAN_POINT('',(-6.,0.));
#7100 = ( GEOMETRIC_REPRESENTATION_CONTEXT(2) 
PARAMETRIC_REPRESENTATION_CONTEXT() REPRESENTATION_CONTEXT('2D SPACE',''
  ) );
#7101 = PCURVE('',#2576,#7102);
#7102 = DEFINITIONAL_REPRESENTATION('',(#7103),#7107);
#7103 = LINE('',#7104,#7105);
#7104 = CARTESIAN_POINT('',(0.,-7.));
#7105 = VECTOR('',#7106,1.);
#7106 = DIRECTION('',(1.,0.));
#7107 = ( GEOMETRIC_REPRESENTATION_CONTEXT(2) 
PARAMETRIC_REPRESENTATION_CONTEXT() REPRESENTATION_CONTEXT('2D SPACE',''
  ) );
#7108 = ORIENTED_EDGE('',*,*,#7109,.T.);
#7109 = EDGE_CURVE('',#7082,#7110,#7112,.T.);
#7110 = VERTEX_POINT('',#7111);
#7111 = CARTESIAN_POINT('',(5.161887501068,-7.839108820174,-2.));
#7112 = SURFACE_CURVE('',#7113,(#7117,#7124),.PCURVE_S1.);
#7113 = LINE('',#7114,#7115);
#7114 = CARTESIAN_POINT('',(6.170869510109E-02,-7.945942336564,-2.));
#7115 = VECTOR('',#7116,1.);
#7116 = DIRECTION('',(-0.999780683475,-2.094241988336E-02,
    -1.201127457121E-16));
#7117 = PCURVE('',#338,#7118);
#7118 = DEFINITIONAL_REPRESENTATION('',(#7119),#7123);
#7119 = LINE('',#7120,#7121);
#7120 = CARTESIAN_POINT('',(6.170869510109E-02,2.945942336564));
#7121 = VECTOR('',#7122,1.);
#7122 = DIRECTION('',(-0.999780683475,2.094241988336E-02));
#7123 = ( GEOMETRIC_REPRESENTATION_CONTEXT(2) 
PARAMETRIC_REPRESENTATION_CONTEXT() REPRESENTATION_CONTEXT('2D SPACE',''
  ) );
#7124 = PCURVE('',#2547,#7125);
#7125 = DEFINITIONAL_REPRESENTATION('',(#7126),#7130);
#7126 = LINE('',#7127,#7128);
#7127 = CARTESIAN_POINT('',(-5.101297604831,-7.));
#7128 = VECTOR('',#7129,1.);
#7129 = DIRECTION('',(-1.,-1.224378213867E-16));
#7130 = ( GEOMETRIC_REPRESENTATION_CONTEXT(2) 
PARAMETRIC_REPRESENTATION_CONTEXT() REPRESENTATION_CONTEXT('2D SPACE',''
  ) );
#7131 = ORIENTED_EDGE('',*,*,#7132,.T.);
#7132 = EDGE_CURVE('',#7110,#7133,#7135,.T.);
#7133 = VERTEX_POINT('',#7134);
#7134 = CARTESIAN_POINT('',(5.226796266605,-7.946285931033,-2.));
#7135 = SURFACE_CURVE('',#7136,(#7140,#7147),.PCURVE_S1.);
#7136 = LINE('',#7137,#7138);
#7137 = CARTESIAN_POINT('',(5.161887501068,-7.839108820174,-2.));
#7138 = VECTOR('',#7139,1.);
#7139 = DIRECTION('',(0.518027009373,-0.855364260161,2.644620453697E-16)
  );
#7140 = PCURVE('',#338,#7141);
#7141 = DEFINITIONAL_REPRESENTATION('',(#7142),#7146);
#7142 = LINE('',#7143,#7144);
#7143 = CARTESIAN_POINT('',(5.161887501068,2.839108820174));
#7144 = VECTOR('',#7145,1.);
#7145 = DIRECTION('',(0.518027009373,0.855364260161));
#7146 = ( GEOMETRIC_REPRESENTATION_CONTEXT(2) 
PARAMETRIC_REPRESENTATION_CONTEXT() REPRESENTATION_CONTEXT('2D SPACE',''
  ) );
#7147 = PCURVE('',#2519,#7148);
#7148 = DEFINITIONAL_REPRESENTATION('',(#7149),#7153);
#7149 = LINE('',#7150,#7151);
#7150 = CARTESIAN_POINT('',(-5.550649201542E-16,-7.));
#7151 = VECTOR('',#7152,1.);
#7152 = DIRECTION('',(-1.,1.694975357626E-16));
#7153 = ( GEOMETRIC_REPRESENTATION_CONTEXT(2) 
PARAMETRIC_REPRESENTATION_CONTEXT() REPRESENTATION_CONTEXT('2D SPACE',''
  ) );
#7154 = ORIENTED_EDGE('',*,*,#7155,.F.);
#7155 = EDGE_CURVE('',#7156,#7133,#7158,.T.);
#7156 = VERTEX_POINT('',#7157);
#7157 = CARTESIAN_POINT('',(4.889991282134,-8.476777999909,-2.));
#7158 = SURFACE_CURVE('',#7159,(#7164,#7175),.PCURVE_S1.);
#7159 = CIRCLE('',#7160,6.);
#7160 = AXIS2_PLACEMENT_3D('',#7161,#7162,#7163);
#7161 = CARTESIAN_POINT('',(8.572527594031E-16,-5.,-2.));
#7162 = DIRECTION('',(-1.224646799147E-16,1.110223024625E-16,1.));
#7163 = DIRECTION('',(-1.,-1.359631073447E-32,-1.224646799147E-16));
#7164 = PCURVE('',#338,#7165);
#7165 = DEFINITIONAL_REPRESENTATION('',(#7166),#7174);
#7166 = ( BOUNDED_CURVE() B_SPLINE_CURVE(2,(#7167,#7168,#7169,#7170,
#7171,#7172,#7173),.UNSPECIFIED.,.T.,.F.) B_SPLINE_CURVE_WITH_KNOTS((1,2
    ,2,2,2,1),(-2.094395102393,0.,2.094395102393,4.188790204786,
6.28318530718,8.377580409573),.UNSPECIFIED.) CURVE() 
GEOMETRIC_REPRESENTATION_ITEM() RATIONAL_B_SPLINE_CURVE((1.,0.5,1.,0.5,
1.,0.5,1.)) REPRESENTATION_ITEM('') );
#7167 = CARTESIAN_POINT('',(-6.,0.));
#7168 = CARTESIAN_POINT('',(-6.,10.392304845413));
#7169 = CARTESIAN_POINT('',(3.,5.196152422707));
#7170 = CARTESIAN_POINT('',(12.,1.469576158977E-15));
#7171 = CARTESIAN_POINT('',(3.,-5.196152422707));
#7172 = CARTESIAN_POINT('',(-6.,-10.39230484541));
#7173 = CARTESIAN_POINT('',(-6.,0.));
#7174 = ( GEOMETRIC_REPRESENTATION_CONTEXT(2) 
PARAMETRIC_REPRESENTATION_CONTEXT() REPRESENTATION_CONTEXT('2D SPACE',''
  ) );
#7175 = PCURVE('',#2491,#7176);
#7176 = DEFINITIONAL_REPRESENTATION('',(#7177),#7181);
#7177 = LINE('',#7178,#7179);
#7178 = CARTESIAN_POINT('',(0.,-7.));
#7179 = VECTOR('',#7180,1.);
#7180 = DIRECTION('',(1.,0.));
#7181 = ( GEOMETRIC_REPRESENTATION_CONTEXT(2) 
PARAMETRIC_REPRESENTATION_CONTEXT() REPRESENTATION_CONTEXT('2D SPACE',''
  ) );
#7182 = ORIENTED_EDGE('',*,*,#7183,.T.);
#7183 = EDGE_CURVE('',#7156,#7184,#7186,.T.);
#7184 = VERTEX_POINT('',#7185);
#7185 = CARTESIAN_POINT('',(4.765349787468,-8.46367765093,-2.));
#7186 = SURFACE_CURVE('',#7187,(#7191,#7198),.PCURVE_S1.);
#7187 = LINE('',#7188,#7189);
#7188 = CARTESIAN_POINT('',(-0.308002375327,-7.930446851626,-2.));
#7189 = VECTOR('',#7190,1.);
#7190 = DIRECTION('',(-0.994521895368,0.104528463268,-1.333987962493E-16
    ));
#7191 = PCURVE('',#338,#7192);
#7192 = DEFINITIONAL_REPRESENTATION('',(#7193),#7197);
#7193 = LINE('',#7194,#7195);
#7194 = CARTESIAN_POINT('',(-0.308002375327,2.930446851626));
#7195 = VECTOR('',#7196,1.);
#7196 = DIRECTION('',(-0.994521895368,-0.104528463268));
#7197 = ( GEOMETRIC_REPRESENTATION_CONTEXT(2) 
PARAMETRIC_REPRESENTATION_CONTEXT() REPRESENTATION_CONTEXT('2D SPACE',''
  ) );
#7198 = PCURVE('',#2462,#7199);
#7199 = DEFINITIONAL_REPRESENTATION('',(#7200),#7204);
#7200 = LINE('',#7201,#7202);
#7201 = CARTESIAN_POINT('',(-5.101297604831,-7.));
#7202 = VECTOR('',#7203,1.);
#7203 = DIRECTION('',(-1.,-1.217938055845E-16));
#7204 = ( GEOMETRIC_REPRESENTATION_CONTEXT(2) 
PARAMETRIC_REPRESENTATION_CONTEXT() REPRESENTATION_CONTEXT('2D SPACE',''
  ) );
#7205 = ORIENTED_EDGE('',*,*,#7206,.T.);
#7206 = EDGE_CURVE('',#7184,#7207,#7209,.T.);
#7207 = VERTEX_POINT('',#7208);
#7208 = CARTESIAN_POINT('',(4.816313874133,-8.578144863729,-2.));
#7209 = SURFACE_CURVE('',#7210,(#7214,#7221),.PCURVE_S1.);
#7210 = LINE('',#7211,#7212);
#7211 = CARTESIAN_POINT('',(4.765349787468,-8.46367765093,-2.));
#7212 = VECTOR('',#7213,1.);
#7213 = DIRECTION('',(0.406736643076,-0.913545457643,2.57292316788E-16)
  );
#7214 = PCURVE('',#338,#7215);
#7215 = DEFINITIONAL_REPRESENTATION('',(#7216),#7220);
#7216 = LINE('',#7217,#7218);
#7217 = CARTESIAN_POINT('',(4.765349787468,3.46367765093));
#7218 = VECTOR('',#7219,1.);
#7219 = DIRECTION('',(0.406736643076,0.913545457643));
#7220 = ( GEOMETRIC_REPRESENTATION_CONTEXT(2) 
PARAMETRIC_REPRESENTATION_CONTEXT() REPRESENTATION_CONTEXT('2D SPACE',''
  ) );
#7221 = PCURVE('',#2434,#7222);
#7222 = DEFINITIONAL_REPRESENTATION('',(#7223),#7227);
#7223 = LINE('',#7224,#7225);
#7224 = CARTESIAN_POINT('',(3.487127319004E-16,-7.));
#7225 = VECTOR('',#7226,1.);
#7226 = DIRECTION('',(-1.,1.558683966764E-16));
#7227 = ( GEOMETRIC_REPRESENTATION_CONTEXT(2) 
PARAMETRIC_REPRESENTATION_CONTEXT() REPRESENTATION_CONTEXT('2D SPACE',''
  ) );
#7228 = ORIENTED_EDGE('',*,*,#7229,.F.);
#7229 = EDGE_CURVE('',#7230,#7207,#7232,.T.);
#7230 = VERTEX_POINT('',#7231);
#7231 = CARTESIAN_POINT('',(4.415676411191,-9.062240986408,-2.));
#7232 = SURFACE_CURVE('',#7233,(#7238,#7249),.PCURVE_S1.);
#7233 = CIRCLE('',#7234,6.);
#7234 = AXIS2_PLACEMENT_3D('',#7235,#7236,#7237);
#7235 = CARTESIAN_POINT('',(8.572527594031E-16,-5.,-2.));
#7236 = DIRECTION('',(-1.224646799147E-16,1.110223024625E-16,1.));
#7237 = DIRECTION('',(-1.,-1.359631073447E-32,-1.224646799147E-16));
#7238 = PCURVE('',#338,#7239);
#7239 = DEFINITIONAL_REPRESENTATION('',(#7240),#7248);
#7240 = ( BOUNDED_CURVE() B_SPLINE_CURVE(2,(#7241,#7242,#7243,#7244,
#7245,#7246,#7247),.UNSPECIFIED.,.T.,.F.) B_SPLINE_CURVE_WITH_KNOTS((1,2
    ,2,2,2,1),(-2.094395102393,0.,2.094395102393,4.188790204786,
6.28318530718,8.377580409573),.UNSPECIFIED.) CURVE() 
GEOMETRIC_REPRESENTATION_ITEM() RATIONAL_B_SPLINE_CURVE((1.,0.5,1.,0.5,
1.,0.5,1.)) REPRESENTATION_ITEM('') );
#7241 = CARTESIAN_POINT('',(-6.,0.));
#7242 = CARTESIAN_POINT('',(-6.,10.392304845413));
#7243 = CARTESIAN_POINT('',(3.,5.196152422707));
#7244 = CARTESIAN_POINT('',(12.,1.469576158977E-15));
#7245 = CARTESIAN_POINT('',(3.,-5.196152422707));
#7246 = CARTESIAN_POINT('',(-6.,-10.39230484541));
#7247 = CARTESIAN_POINT('',(-6.,0.));
#7248 = ( GEOMETRIC_REPRESENTATION_CONTEXT(2) 
PARAMETRIC_REPRESENTATION_CONTEXT() REPRESENTATION_CONTEXT('2D SPACE',''
  ) );
#7249 = PCURVE('',#2406,#7250);
#7250 = DEFINITIONAL_REPRESENTATION('',(#7251),#7255);
#7251 = LINE('',#7252,#7253);
#7252 = CARTESIAN_POINT('',(0.,-7.));
#7253 = VECTOR('',#7254,1.);
#7254 = DIRECTION('',(1.,0.));
#7255 = ( GEOMETRIC_REPRESENTATION_CONTEXT(2) 
PARAMETRIC_REPRESENTATION_CONTEXT() REPRESENTATION_CONTEXT('2D SPACE',''
  ) );
#7256 = ORIENTED_EDGE('',*,*,#7257,.T.);
#7257 = EDGE_CURVE('',#7230,#7258,#7260,.T.);
#7258 = VERTEX_POINT('',#7259);
#7259 = CARTESIAN_POINT('',(4.293659661037,-9.03362221603,-2.));
#7260 = SURFACE_CURVE('',#7261,(#7265,#7272),.PCURVE_S1.);
#7261 = LINE('',#7262,#7263);
#7262 = CARTESIAN_POINT('',(-0.672856064304,-7.868736469274,-2.));
#7263 = VECTOR('',#7264,1.);
#7264 = DIRECTION('',(-0.973578902873,0.228350870111,-1.445810680811E-16
    ));
#7265 = PCURVE('',#338,#7266);
#7266 = DEFINITIONAL_REPRESENTATION('',(#7267),#7271);
#7267 = LINE('',#7268,#7269);
#7268 = CARTESIAN_POINT('',(-0.672856064304,2.868736469274));
#7269 = VECTOR('',#7270,1.);
#7270 = DIRECTION('',(-0.973578902873,-0.228350870111));
#7271 = ( GEOMETRIC_REPRESENTATION_CONTEXT(2) 
PARAMETRIC_REPRESENTATION_CONTEXT() REPRESENTATION_CONTEXT('2D SPACE',''
  ) );
#7272 = PCURVE('',#2377,#7273);
#7273 = DEFINITIONAL_REPRESENTATION('',(#7274),#7278);
#7274 = LINE('',#7275,#7276);
#7275 = CARTESIAN_POINT('',(-5.101297604831,-7.));
#7276 = VECTOR('',#7277,1.);
#7277 = DIRECTION('',(-1.,-1.192290287121E-16));
#7278 = ( GEOMETRIC_REPRESENTATION_CONTEXT(2) 
PARAMETRIC_REPRESENTATION_CONTEXT() REPRESENTATION_CONTEXT('2D SPACE',''
  ) );
#7279 = ORIENTED_EDGE('',*,*,#7280,.T.);
#7280 = EDGE_CURVE('',#7258,#7281,#7283,.T.);
#7281 = VERTEX_POINT('',#7282);
#7282 = CARTESIAN_POINT('',(4.32987533474,-9.153574314444,-2.));
#7283 = SURFACE_CURVE('',#7284,(#7288,#7295),.PCURVE_S1.);
#7284 = LINE('',#7285,#7286);
#7285 = CARTESIAN_POINT('',(4.293659661037,-9.03362221603,-2.));
#7286 = VECTOR('',#7287,1.);
#7287 = DIRECTION('',(0.289031796944,-0.957319497532,2.477375251787E-16)
  );
#7288 = PCURVE('',#338,#7289);
#7289 = DEFINITIONAL_REPRESENTATION('',(#7290),#7294);
#7290 = LINE('',#7291,#7292);
#7291 = CARTESIAN_POINT('',(4.293659661037,4.03362221603));
#7292 = VECTOR('',#7293,1.);
#7293 = DIRECTION('',(0.289031796944,0.957319497532));
#7294 = ( GEOMETRIC_REPRESENTATION_CONTEXT(2) 
PARAMETRIC_REPRESENTATION_CONTEXT() REPRESENTATION_CONTEXT('2D SPACE',''
  ) );
#7295 = PCURVE('',#2349,#7296);
#7296 = DEFINITIONAL_REPRESENTATION('',(#7297),#7301);
#7297 = LINE('',#7298,#7299);
#7298 = CARTESIAN_POINT('',(4.872748990046E-16,-7.));
#7299 = VECTOR('',#7300,1.);
#7300 = DIRECTION('',(-1.,1.414537103705E-16));
#7301 = ( GEOMETRIC_REPRESENTATION_CONTEXT(2) 
PARAMETRIC_REPRESENTATION_CONTEXT() REPRESENTATION_CONTEXT('2D SPACE',''
  ) );
#7302 = ORIENTED_EDGE('',*,*,#7303,.F.);
#7303 = EDGE_CURVE('',#7304,#7281,#7306,.T.);
#7304 = VERTEX_POINT('',#7305);
#7305 = CARTESIAN_POINT('',(3.871723685446,-9.583640005886,-2.));
#7306 = SURFACE_CURVE('',#7307,(#7312,#7323),.PCURVE_S1.);
#7307 = CIRCLE('',#7308,6.);
#7308 = AXIS2_PLACEMENT_3D('',#7309,#7310,#7311);
#7309 = CARTESIAN_POINT('',(8.572527594031E-16,-5.,-2.));
#7310 = DIRECTION('',(-1.224646799147E-16,1.110223024625E-16,1.));
#7311 = DIRECTION('',(-1.,-1.359631073447E-32,-1.224646799147E-16));
#7312 = PCURVE('',#338,#7313);
#7313 = DEFINITIONAL_REPRESENTATION('',(#7314),#7322);
#7314 = ( BOUNDED_CURVE() B_SPLINE_CURVE(2,(#7315,#7316,#7317,#7318,
#7319,#7320,#7321),.UNSPECIFIED.,.T.,.F.) B_SPLINE_CURVE_WITH_KNOTS((1,2
    ,2,2,2,1),(-2.094395102393,0.,2.094395102393,4.188790204786,
6.28318530718,8.377580409573),.UNSPECIFIED.) CURVE() 
GEOMETRIC_REPRESENTATION_ITEM() RATIONAL_B_SPLINE_CURVE((1.,0.5,1.,0.5,
1.,0.5,1.)) REPRESENTATION_ITEM('') );
#7315 = CARTESIAN_POINT('',(-6.,0.));
#7316 = CARTESIAN_POINT('',(-6.,10.392304845413));
#7317 = CARTESIAN_POINT('',(3.,5.196152422707));
#7318 = CARTESIAN_POINT('',(12.,1.469576158977E-15));
#7319 = CARTESIAN_POINT('',(3.,-5.196152422707));
#7320 = CARTESIAN_POINT('',(-6.,-10.39230484541));
#7321 = CARTESIAN_POINT('',(-6.,0.));
#7322 = ( GEOMETRIC_REPRESENTATION_CONTEXT(2) 
PARAMETRIC_REPRESENTATION_CONTEXT() REPRESENTATION_CONTEXT('2D SPACE',''
  ) );
#7323 = PCURVE('',#2321,#7324);
#7324 = DEFINITIONAL_REPRESENTATION('',(#7325),#7329);
#7325 = LINE('',#7326,#7327);
#7326 = CARTESIAN_POINT('',(0.,-7.));
#7327 = VECTOR('',#7328,1.);
#7328 = DIRECTION('',(1.,0.));
#7329 = ( GEOMETRIC_REPRESENTATION_CONTEXT(2) 
PARAMETRIC_REPRESENTATION_CONTEXT() REPRESENTATION_CONTEXT('2D SPACE',''
  ) );
#7330 = ORIENTED_EDGE('',*,*,#7331,.T.);
#7331 = EDGE_CURVE('',#7304,#7332,#7334,.T.);
#7332 = VERTEX_POINT('',#7333);
#7333 = CARTESIAN_POINT('',(3.754255956844,-9.539954149215,-2.));
#7334 = SURFACE_CURVE('',#7335,(#7339,#7346),.PCURVE_S1.);
#7335 = LINE('',#7336,#7337);
#7336 = CARTESIAN_POINT('',(-1.027098411203,-7.761784399101,-2.));
#7337 = VECTOR('',#7338,1.);
#7338 = DIRECTION('',(-0.937281989492,0.348572047322,-1.534832101007E-16
    ));
#7339 = PCURVE('',#338,#7340);
#7340 = DEFINITIONAL_REPRESENTATION('',(#7341),#7345);
#7341 = LINE('',#7342,#7343);
#7342 = CARTESIAN_POINT('',(-1.027098411203,2.761784399101));
#7343 = VECTOR('',#7344,1.);
#7344 = DIRECTION('',(-0.937281989492,-0.348572047322));
#7345 = ( GEOMETRIC_REPRESENTATION_CONTEXT(2) 
PARAMETRIC_REPRESENTATION_CONTEXT() REPRESENTATION_CONTEXT('2D SPACE',''
  ) );
#7346 = PCURVE('',#2292,#7347);
#7347 = DEFINITIONAL_REPRESENTATION('',(#7348),#7352);
#7348 = LINE('',#7349,#7350);
#7349 = CARTESIAN_POINT('',(-5.101297604831,-7.));
#7350 = VECTOR('',#7351,1.);
#7351 = DIRECTION('',(-1.,-1.14783938833E-16));
#7352 = ( GEOMETRIC_REPRESENTATION_CONTEXT(2) 
PARAMETRIC_REPRESENTATION_CONTEXT() REPRESENTATION_CONTEXT('2D SPACE',''
  ) );
#7353 = ORIENTED_EDGE('',*,*,#7354,.T.);
#7354 = EDGE_CURVE('',#7332,#7355,#7357,.T.);
#7355 = VERTEX_POINT('',#7356);
#7356 = CARTESIAN_POINT('',(3.775152074775,-9.663499416996,-2.));
#7357 = SURFACE_CURVE('',#7358,(#7362,#7369),.PCURVE_S1.);
#7358 = LINE('',#7359,#7360);
#7359 = CARTESIAN_POINT('',(3.754255956844,-9.539954149215,-2.));
#7360 = VECTOR('',#7361,1.);
#7361 = DIRECTION('',(0.166768746716,-0.985996037071,2.359483553133E-16)
  );
#7362 = PCURVE('',#338,#7363);
#7363 = DEFINITIONAL_REPRESENTATION('',(#7364),#7368);
#7364 = LINE('',#7365,#7366);
#7365 = CARTESIAN_POINT('',(3.754255956844,4.539954149215));
#7366 = VECTOR('',#7367,1.);
#7367 = DIRECTION('',(0.166768746716,0.985996037071));
#7368 = ( GEOMETRIC_REPRESENTATION_CONTEXT(2) 
PARAMETRIC_REPRESENTATION_CONTEXT() REPRESENTATION_CONTEXT('2D SPACE',''
  ) );
#7369 = PCURVE('',#2264,#7370);
#7370 = DEFINITIONAL_REPRESENTATION('',(#7371),#7375);
#7371 = LINE('',#7372,#7373);
#7372 = CARTESIAN_POINT('',(6.181524498677E-16,-7.));
#7373 = VECTOR('',#7374,1.);
#7374 = DIRECTION('',(-1.,1.264808050589E-16));
#7375 = ( GEOMETRIC_REPRESENTATION_CONTEXT(2) 
PARAMETRIC_REPRESENTATION_CONTEXT() REPRESENTATION_CONTEXT('2D SPACE',''
  ) );
#7376 = ORIENTED_EDGE('',*,*,#7377,.F.);
#7377 = EDGE_CURVE('',#7378,#7355,#7380,.T.);
#7378 = VERTEX_POINT('',#7379);
#7379 = CARTESIAN_POINT('',(3.266711564326,-10.03275228433,-2.));
#7380 = SURFACE_CURVE('',#7381,(#7386,#7397),.PCURVE_S1.);
#7381 = CIRCLE('',#7382,6.);
#7382 = AXIS2_PLACEMENT_3D('',#7383,#7384,#7385);
#7383 = CARTESIAN_POINT('',(8.572527594031E-16,-5.,-2.));
#7384 = DIRECTION('',(-1.224646799147E-16,1.110223024625E-16,1.));
#7385 = DIRECTION('',(-1.,-1.359631073447E-32,-1.224646799147E-16));
#7386 = PCURVE('',#338,#7387);
#7387 = DEFINITIONAL_REPRESENTATION('',(#7388),#7396);
#7388 = ( BOUNDED_CURVE() B_SPLINE_CURVE(2,(#7389,#7390,#7391,#7392,
#7393,#7394,#7395),.UNSPECIFIED.,.T.,.F.) B_SPLINE_CURVE_WITH_KNOTS((1,2
    ,2,2,2,1),(-2.094395102393,0.,2.094395102393,4.188790204786,
6.28318530718,8.377580409573),.UNSPECIFIED.) CURVE() 
GEOMETRIC_REPRESENTATION_ITEM() RATIONAL_B_SPLINE_CURVE((1.,0.5,1.,0.5,
1.,0.5,1.)) REPRESENTATION_ITEM('') );
#7389 = CARTESIAN_POINT('',(-6.,0.));
#7390 = CARTESIAN_POINT('',(-6.,10.392304845413));
#7391 = CARTESIAN_POINT('',(3.,5.196152422707));
#7392 = CARTESIAN_POINT('',(12.,1.469576158977E-15));
#7393 = CARTESIAN_POINT('',(3.,-5.196152422707));
#7394 = CARTESIAN_POINT('',(-6.,-10.39230484541));
#7395 = CARTESIAN_POINT('',(-6.,0.));
#7396 = ( GEOMETRIC_REPRESENTATION_CONTEXT(2) 
PARAMETRIC_REPRESENTATION_CONTEXT() REPRESENTATION_CONTEXT('2D SPACE',''
  ) );
#7397 = PCURVE('',#2236,#7398);
#7398 = DEFINITIONAL_REPRESENTATION('',(#7399),#7403);
#7399 = LINE('',#7400,#7401);
#7400 = CARTESIAN_POINT('',(0.,-7.));
#7401 = VECTOR('',#7402,1.);
#7402 = DIRECTION('',(1.,0.));
#7403 = ( GEOMETRIC_REPRESENTATION_CONTEXT(2) 
PARAMETRIC_REPRESENTATION_CONTEXT() REPRESENTATION_CONTEXT('2D SPACE',''
  ) );
#7404 = ORIENTED_EDGE('',*,*,#7405,.T.);
#7405 = EDGE_CURVE('',#7378,#7406,#7408,.T.);
#7406 = VERTEX_POINT('',#7407);
#7407 = CARTESIAN_POINT('',(3.155645393527,-9.974688293429,-2.));
#7408 = SURFACE_CURVE('',#7409,(#7413,#7420),.PCURVE_S1.);
#7409 = LINE('',#7410,#7411);
#7410 = CARTESIAN_POINT('',(-1.365142802598,-7.611277339144,-2.));
#7411 = VECTOR('',#7412,1.);
#7412 = DIRECTION('',(-0.886203579231,0.46329603512,-1.599648302106E-16)
  );
#7413 = PCURVE('',#338,#7414);
#7414 = DEFINITIONAL_REPRESENTATION('',(#7415),#7419);
#7415 = LINE('',#7416,#7417);
#7416 = CARTESIAN_POINT('',(-1.365142802598,2.611277339144));
#7417 = VECTOR('',#7418,1.);
#7418 = DIRECTION('',(-0.886203579231,-0.46329603512));
#7419 = ( GEOMETRIC_REPRESENTATION_CONTEXT(2) 
PARAMETRIC_REPRESENTATION_CONTEXT() REPRESENTATION_CONTEXT('2D SPACE',''
  ) );
#7420 = PCURVE('',#2207,#7421);
#7421 = DEFINITIONAL_REPRESENTATION('',(#7422),#7426);
#7422 = LINE('',#7423,#7424);
#7423 = CARTESIAN_POINT('',(-5.101297604831,-7.));
#7424 = VECTOR('',#7425,1.);
#7425 = DIRECTION('',(-1.,-1.085286376698E-16));
#7426 = ( GEOMETRIC_REPRESENTATION_CONTEXT(2) 
PARAMETRIC_REPRESENTATION_CONTEXT() REPRESENTATION_CONTEXT('2D SPACE',''
  ) );
#7427 = ORIENTED_EDGE('',*,*,#7428,.T.);
#7428 = EDGE_CURVE('',#7406,#7429,#7431,.T.);
#7429 = VERTEX_POINT('',#7430);
#7430 = CARTESIAN_POINT('',(3.160892411425,-10.0998783479,-2.));
#7431 = SURFACE_CURVE('',#7432,(#7436,#7443),.PCURVE_S1.);
#7432 = LINE('',#7433,#7434);
#7433 = CARTESIAN_POINT('',(3.155645393527,-9.974688293429,-2.));
#7434 = VECTOR('',#7435,1.);
#7435 = DIRECTION('',(4.18756537292E-02,-0.999122830099,
    2.221107294431E-16));
#7436 = PCURVE('',#338,#7437);
#7437 = DEFINITIONAL_REPRESENTATION('',(#7438),#7442);
#7438 = LINE('',#7439,#7440);
#7439 = CARTESIAN_POINT('',(3.155645393527,4.974688293429));
#7440 = VECTOR('',#7441,1.);
#7441 = DIRECTION('',(4.18756537292E-02,0.999122830099));
#7442 = ( GEOMETRIC_REPRESENTATION_CONTEXT(2) 
PARAMETRIC_REPRESENTATION_CONTEXT() REPRESENTATION_CONTEXT('2D SPACE',''
  ) );
#7443 = PCURVE('',#2179,#7444);
#7444 = DEFINITIONAL_REPRESENTATION('',(#7445),#7449);
#7445 = LINE('',#7446,#7447);
#7446 = CARTESIAN_POINT('',(-1.035517305317E-15,-7.));
#7447 = VECTOR('',#7448,1.);
#7448 = DIRECTION('',(-1.,1.111858124027E-16));
#7449 = ( GEOMETRIC_REPRESENTATION_CONTEXT(2) 
PARAMETRIC_REPRESENTATION_CONTEXT() REPRESENTATION_CONTEXT('2D SPACE',''
  ) );
#7450 = ORIENTED_EDGE('',*,*,#7451,.F.);
#7451 = EDGE_CURVE('',#7452,#7429,#7454,.T.);
#7452 = VERTEX_POINT('',#7453);
#7453 = CARTESIAN_POINT('',(2.610181450398,-10.40249505284,-2.));
#7454 = SURFACE_CURVE('',#7455,(#7460,#7471),.PCURVE_S1.);
#7455 = CIRCLE('',#7456,6.);
#7456 = AXIS2_PLACEMENT_3D('',#7457,#7458,#7459);
#7457 = CARTESIAN_POINT('',(8.572527594031E-16,-5.,-2.));
#7458 = DIRECTION('',(-1.224646799147E-16,1.110223024625E-16,1.));
#7459 = DIRECTION('',(-1.,-1.359631073447E-32,-1.224646799147E-16));
#7460 = PCURVE('',#338,#7461);
#7461 = DEFINITIONAL_REPRESENTATION('',(#7462),#7470);
#7462 = ( BOUNDED_CURVE() B_SPLINE_CURVE(2,(#7463,#7464,#7465,#7466,
#7467,#7468,#7469),.UNSPECIFIED.,.T.,.F.) B_SPLINE_CURVE_WITH_KNOTS((1,2
    ,2,2,2,1),(-2.094395102393,0.,2.094395102393,4.188790204786,
6.28318530718,8.377580409573),.UNSPECIFIED.) CURVE() 
GEOMETRIC_REPRESENTATION_ITEM() RATIONAL_B_SPLINE_CURVE((1.,0.5,1.,0.5,
1.,0.5,1.)) REPRESENTATION_ITEM('') );
#7463 = CARTESIAN_POINT('',(-6.,0.));
#7464 = CARTESIAN_POINT('',(-6.,10.392304845413));
#7465 = CARTESIAN_POINT('',(3.,5.196152422707));
#7466 = CARTESIAN_POINT('',(12.,1.469576158977E-15));
#7467 = CARTESIAN_POINT('',(3.,-5.196152422707));
#7468 = CARTESIAN_POINT('',(-6.,-10.39230484541));
#7469 = CARTESIAN_POINT('',(-6.,0.));
#7470 = ( GEOMETRIC_REPRESENTATION_CONTEXT(2) 
PARAMETRIC_REPRESENTATION_CONTEXT() REPRESENTATION_CONTEXT('2D SPACE',''
  ) );
#7471 = PCURVE('',#2151,#7472);
#7472 = DEFINITIONAL_REPRESENTATION('',(#7473),#7477);
#7473 = LINE('',#7474,#7475);
#7474 = CARTESIAN_POINT('',(0.,-7.));
#7475 = VECTOR('',#7476,1.);
#7476 = DIRECTION('',(1.,0.));
#7477 = ( GEOMETRIC_REPRESENTATION_CONTEXT(2) 
PARAMETRIC_REPRESENTATION_CONTEXT() REPRESENTATION_CONTEXT('2D SPACE',''
  ) );
#7478 = ORIENTED_EDGE('',*,*,#7479,.T.);
#7479 = EDGE_CURVE('',#7452,#7480,#7482,.T.);
#7480 = VERTEX_POINT('',#7481);
#7481 = CARTESIAN_POINT('',(2.507268417264,-10.33096863152,-2.));
#7482 = SURFACE_CURVE('',#7483,(#7487,#7494),.PCURVE_S1.);
#7483 = LINE('',#7484,#7485);
#7484 = CARTESIAN_POINT('',(-1.681658076499,-7.419588875648,-2.));
#7485 = VECTOR('',#7486,1.);
#7486 = DIRECTION('',(-0.821149209134,0.570713567684,-1.639237093897E-16
    ));
#7487 = PCURVE('',#338,#7488);
#7488 = DEFINITIONAL_REPRESENTATION('',(#7489),#7493);
#7489 = LINE('',#7490,#7491);
#7490 = CARTESIAN_POINT('',(-1.681658076499,2.419588875648));
#7491 = VECTOR('',#7492,1.);
#7492 = DIRECTION('',(-0.821149209134,-0.570713567684));
#7493 = ( GEOMETRIC_REPRESENTATION_CONTEXT(2) 
PARAMETRIC_REPRESENTATION_CONTEXT() REPRESENTATION_CONTEXT('2D SPACE',''
  ) );
#7494 = PCURVE('',#2122,#7495);
#7495 = DEFINITIONAL_REPRESENTATION('',(#7496),#7500);
#7496 = LINE('',#7497,#7498);
#7497 = CARTESIAN_POINT('',(-5.101297604831,-7.));
#7498 = VECTOR('',#7499,1.);
#7499 = DIRECTION('',(-1.,-1.005617750588E-16));
#7500 = ( GEOMETRIC_REPRESENTATION_CONTEXT(2) 
PARAMETRIC_REPRESENTATION_CONTEXT() REPRESENTATION_CONTEXT('2D SPACE',''
  ) );
#7501 = ORIENTED_EDGE('',*,*,#7502,.T.);
#7502 = EDGE_CURVE('',#7480,#7503,#7505,.T.);
#7503 = VERTEX_POINT('',#7504);
#7504 = CARTESIAN_POINT('',(2.496783586521,-10.45582915074,-2.));
#7505 = SURFACE_CURVE('',#7506,(#7510,#7517),.PCURVE_S1.);
#7506 = LINE('',#7507,#7508);
#7507 = CARTESIAN_POINT('',(2.507268417264,-10.33096863152,-2.));
#7508 = VECTOR('',#7509,1.);
#7509 = DIRECTION('',(-8.367784333231E-02,-0.99649285925,
    2.064428751942E-16));
#7510 = PCURVE('',#338,#7511);
#7511 = DEFINITIONAL_REPRESENTATION('',(#7512),#7516);
#7512 = LINE('',#7513,#7514);
#7513 = CARTESIAN_POINT('',(2.507268417264,5.330968631521));
#7514 = VECTOR('',#7515,1.);
#7515 = DIRECTION('',(-8.367784333231E-02,0.99649285925));
#7516 = ( GEOMETRIC_REPRESENTATION_CONTEXT(2) 
PARAMETRIC_REPRESENTATION_CONTEXT() REPRESENTATION_CONTEXT('2D SPACE',''
  ) );
#7517 = PCURVE('',#2094,#7518);
#7518 = DEFINITIONAL_REPRESENTATION('',(#7519),#7523);
#7519 = LINE('',#7520,#7521);
#7520 = CARTESIAN_POINT('',(-9.213755299372E-16,-7.));
#7521 = VECTOR('',#7522,1.);
#7522 = DIRECTION('',(-1.,9.580994357284E-17));
#7523 = ( GEOMETRIC_REPRESENTATION_CONTEXT(2) 
PARAMETRIC_REPRESENTATION_CONTEXT() REPRESENTATION_CONTEXT('2D SPACE',''
  ) );
#7524 = ORIENTED_EDGE('',*,*,#7525,.F.);
#7525 = EDGE_CURVE('',#7526,#7503,#7528,.T.);
#7526 = VERTEX_POINT('',#7527);
#7527 = CARTESIAN_POINT('',(1.91248721575,-10.68703724707,-2.));
#7528 = SURFACE_CURVE('',#7529,(#7534,#7545),.PCURVE_S1.);
#7529 = CIRCLE('',#7530,6.);
#7530 = AXIS2_PLACEMENT_3D('',#7531,#7532,#7533);
#7531 = CARTESIAN_POINT('',(8.572527594031E-16,-5.,-2.));
#7532 = DIRECTION('',(-1.224646799147E-16,1.110223024625E-16,1.));
#7533 = DIRECTION('',(-1.,-1.359631073447E-32,-1.224646799147E-16));
#7534 = PCURVE('',#338,#7535);
#7535 = DEFINITIONAL_REPRESENTATION('',(#7536),#7544);
#7536 = ( BOUNDED_CURVE() B_SPLINE_CURVE(2,(#7537,#7538,#7539,#7540,
#7541,#7542,#7543),.UNSPECIFIED.,.T.,.F.) B_SPLINE_CURVE_WITH_KNOTS((1,2
    ,2,2,2,1),(-2.094395102393,0.,2.094395102393,4.188790204786,
6.28318530718,8.377580409573),.UNSPECIFIED.) CURVE() 
GEOMETRIC_REPRESENTATION_ITEM() RATIONAL_B_SPLINE_CURVE((1.,0.5,1.,0.5,
1.,0.5,1.)) REPRESENTATION_ITEM('') );
#7537 = CARTESIAN_POINT('',(-6.,0.));
#7538 = CARTESIAN_POINT('',(-6.,10.392304845413));
#7539 = CARTESIAN_POINT('',(3.,5.196152422707));
#7540 = CARTESIAN_POINT('',(12.,1.469576158977E-15));
#7541 = CARTESIAN_POINT('',(3.,-5.196152422707));
#7542 = CARTESIAN_POINT('',(-6.,-10.39230484541));
#7543 = CARTESIAN_POINT('',(-6.,0.));
#7544 = ( GEOMETRIC_REPRESENTATION_CONTEXT(2) 
PARAMETRIC_REPRESENTATION_CONTEXT() REPRESENTATION_CONTEXT('2D SPACE',''
  ) );
#7545 = PCURVE('',#2066,#7546);
#7546 = DEFINITIONAL_REPRESENTATION('',(#7547),#7551);
#7547 = LINE('',#7548,#7549);
#7548 = CARTESIAN_POINT('',(0.,-7.));
#7549 = VECTOR('',#7550,1.);
#7550 = DIRECTION('',(1.,0.));
#7551 = ( GEOMETRIC_REPRESENTATION_CONTEXT(2) 
PARAMETRIC_REPRESENTATION_CONTEXT() REPRESENTATION_CONTEXT('2D SPACE',''
  ) );
#7552 = ORIENTED_EDGE('',*,*,#7553,.T.);
#7553 = EDGE_CURVE('',#7526,#7554,#7556,.T.);
#7554 = VERTEX_POINT('',#7555);
#7555 = CARTESIAN_POINT('',(1.819350320291,-10.60317640972,-2.));
#7556 = SURFACE_CURVE('',#7557,(#7561,#7568),.PCURVE_S1.);
#7557 = LINE('',#7558,#7559);
#7558 = CARTESIAN_POINT('',(-1.97165259796,-7.18974205019,-2.));
#7559 = VECTOR('',#7560,1.);
#7560 = DIRECTION('',(-0.743144825477,0.669130606359,-1.652974137485E-16
    ));
#7561 = PCURVE('',#338,#7562);
#7562 = DEFINITIONAL_REPRESENTATION('',(#7563),#7567);
#7563 = LINE('',#7564,#7565);
#7564 = CARTESIAN_POINT('',(-1.97165259796,2.18974205019));
#7565 = VECTOR('',#7566,1.);
#7566 = DIRECTION('',(-0.743144825477,-0.669130606359));
#7567 = ( GEOMETRIC_REPRESENTATION_CONTEXT(2) 
PARAMETRIC_REPRESENTATION_CONTEXT() REPRESENTATION_CONTEXT('2D SPACE',''
  ) );
#7568 = PCURVE('',#2037,#7569);
#7569 = DEFINITIONAL_REPRESENTATION('',(#7570),#7574);
#7570 = LINE('',#7571,#7572);
#7571 = CARTESIAN_POINT('',(-5.101297604831,-7.));
#7572 = VECTOR('',#7573,1.);
#7573 = DIRECTION('',(-1.,-9.100899318238E-17));
#7574 = ( GEOMETRIC_REPRESENTATION_CONTEXT(2) 
PARAMETRIC_REPRESENTATION_CONTEXT() REPRESENTATION_CONTEXT('2D SPACE',''
  ) );
#7575 = ORIENTED_EDGE('',*,*,#7576,.T.);
#7576 = EDGE_CURVE('',#7554,#7577,#7579,.T.);
#7577 = VERTEX_POINT('',#7578);
#7578 = CARTESIAN_POINT('',(1.793298992951,-10.72573826872,-2.));
#7579 = SURFACE_CURVE('',#7580,(#7584,#7591),.PCURVE_S1.);
#7580 = LINE('',#7581,#7582);
#7581 = CARTESIAN_POINT('',(1.819350320291,-10.60317640972,-2.));
#7582 = VECTOR('',#7583,1.);
#7583 = DIRECTION('',(-0.207911690818,-0.978147600734,1.891918839876E-16
    ));
#7584 = PCURVE('',#338,#7585);
#7585 = DEFINITIONAL_REPRESENTATION('',(#7586),#7590);
#7586 = LINE('',#7587,#7588);
#7587 = CARTESIAN_POINT('',(1.819350320291,5.603176409728));
#7588 = VECTOR('',#7589,1.);
#7589 = DIRECTION('',(-0.207911690818,0.978147600734));
#7590 = ( GEOMETRIC_REPRESENTATION_CONTEXT(2) 
PARAMETRIC_REPRESENTATION_CONTEXT() REPRESENTATION_CONTEXT('2D SPACE',''
  ) );
#7591 = PCURVE('',#2009,#7592);
#7592 = DEFINITIONAL_REPRESENTATION('',(#7593),#7597);
#7593 = LINE('',#7594,#7595);
#7594 = CARTESIAN_POINT('',(-8.388687812941E-16,-7.));
#7595 = VECTOR('',#7596,1.);
#7596 = DIRECTION('',(-1.,8.059568520596E-17));
#7597 = ( GEOMETRIC_REPRESENTATION_CONTEXT(2) 
PARAMETRIC_REPRESENTATION_CONTEXT() REPRESENTATION_CONTEXT('2D SPACE',''
  ) );
#7598 = ORIENTED_EDGE('',*,*,#7599,.F.);
#7599 = EDGE_CURVE('',#7600,#7577,#7602,.T.);
#7600 = VERTEX_POINT('',#7601);
#7601 = CARTESIAN_POINT('',(1.184631915245,-10.88189146664,-2.));
#7602 = SURFACE_CURVE('',#7603,(#7608,#7619),.PCURVE_S1.);
#7603 = CIRCLE('',#7604,6.);
#7604 = AXIS2_PLACEMENT_3D('',#7605,#7606,#7607);
#7605 = CARTESIAN_POINT('',(8.572527594031E-16,-5.,-2.));
#7606 = DIRECTION('',(-1.224646799147E-16,1.110223024625E-16,1.));
#7607 = DIRECTION('',(-1.,-1.359631073447E-32,-1.224646799147E-16));
#7608 = PCURVE('',#338,#7609);
#7609 = DEFINITIONAL_REPRESENTATION('',(#7610),#7618);
#7610 = ( BOUNDED_CURVE() B_SPLINE_CURVE(2,(#7611,#7612,#7613,#7614,
#7615,#7616,#7617),.UNSPECIFIED.,.T.,.F.) B_SPLINE_CURVE_WITH_KNOTS((1,2
    ,2,2,2,1),(-2.094395102393,0.,2.094395102393,4.188790204786,
6.28318530718,8.377580409573),.UNSPECIFIED.) CURVE() 
GEOMETRIC_REPRESENTATION_ITEM() RATIONAL_B_SPLINE_CURVE((1.,0.5,1.,0.5,
1.,0.5,1.)) REPRESENTATION_ITEM('') );
#7611 = CARTESIAN_POINT('',(-6.,0.));
#7612 = CARTESIAN_POINT('',(-6.,10.392304845413));
#7613 = CARTESIAN_POINT('',(3.,5.196152422707));
#7614 = CARTESIAN_POINT('',(12.,1.469576158977E-15));
#7615 = CARTESIAN_POINT('',(3.,-5.196152422707));
#7616 = CARTESIAN_POINT('',(-6.,-10.39230484541));
#7617 = CARTESIAN_POINT('',(-6.,0.));
#7618 = ( GEOMETRIC_REPRESENTATION_CONTEXT(2) 
PARAMETRIC_REPRESENTATION_CONTEXT() REPRESENTATION_CONTEXT('2D SPACE',''
  ) );
#7619 = PCURVE('',#1981,#7620);
#7620 = DEFINITIONAL_REPRESENTATION('',(#7621),#7625);
#7621 = LINE('',#7622,#7623);
#7622 = CARTESIAN_POINT('',(0.,-7.));
#7623 = VECTOR('',#7624,1.);
#7624 = DIRECTION('',(1.,0.));
#7625 = ( GEOMETRIC_REPRESENTATION_CONTEXT(2) 
PARAMETRIC_REPRESENTATION_CONTEXT() REPRESENTATION_CONTEXT('2D SPACE',''
  ) );
#7626 = ORIENTED_EDGE('',*,*,#7627,.T.);
#7627 = EDGE_CURVE('',#7600,#7628,#7630,.T.);
#7628 = VERTEX_POINT('',#7629);
#7629 = CARTESIAN_POINT('',(1.102739981939,-10.78701874877,-2.));
#7630 = SURFACE_CURVE('',#7631,(#7635,#7642),.PCURVE_S1.);
#7631 = LINE('',#7632,#7633);
#7632 = CARTESIAN_POINT('',(-2.230552980143,-6.925361684512,-2.));
#7633 = VECTOR('',#7634,1.);
#7634 = DIRECTION('',(-0.65342060399,0.756995055652,-1.640642791485E-16)
  );
#7635 = PCURVE('',#338,#7636);
#7636 = DEFINITIONAL_REPRESENTATION('',(#7637),#7641);
#7637 = LINE('',#7638,#7639);
#7638 = CARTESIAN_POINT('',(-2.230552980143,1.925361684512));
#7639 = VECTOR('',#7640,1.);
#7640 = DIRECTION('',(-0.65342060399,-0.756995055652));
#7641 = ( GEOMETRIC_REPRESENTATION_CONTEXT(2) 
PARAMETRIC_REPRESENTATION_CONTEXT() REPRESENTATION_CONTEXT('2D SPACE',''
  ) );
#7642 = PCURVE('',#1952,#7643);
#7643 = DEFINITIONAL_REPRESENTATION('',(#7644),#7648);
#7644 = LINE('',#7645,#7646);
#7645 = CARTESIAN_POINT('',(-5.101297604831,-7.));
#7646 = VECTOR('',#7647,1.);
#7647 = DIRECTION('',(-1.,-8.002094511734E-17));
#7648 = ( GEOMETRIC_REPRESENTATION_CONTEXT(2) 
PARAMETRIC_REPRESENTATION_CONTEXT() REPRESENTATION_CONTEXT('2D SPACE',''
  ) );
#7649 = ORIENTED_EDGE('',*,*,#7650,.T.);
#7650 = EDGE_CURVE('',#7628,#7651,#7653,.T.);
#7651 = VERTEX_POINT('',#7652);
#7652 = CARTESIAN_POINT('',(1.061533002998,-10.90534907381,-2.));
#7653 = SURFACE_CURVE('',#7654,(#7658,#7665),.PCURVE_S1.);
#7654 = LINE('',#7655,#7656);
#7655 = CARTESIAN_POINT('',(1.102739981939,-10.78701874877,-2.));
#7656 = VECTOR('',#7657,1.);
#7657 = DIRECTION('',(-0.328866646739,-0.944376370237,1.7062981426E-16)
  );
#7658 = PCURVE('',#338,#7659);
#7659 = DEFINITIONAL_REPRESENTATION('',(#7660),#7664);
#7660 = LINE('',#7661,#7662);
#7661 = CARTESIAN_POINT('',(1.102739981939,5.787018748778));
#7662 = VECTOR('',#7663,1.);
#7663 = DIRECTION('',(-0.328866646739,0.944376370237));
#7664 = ( GEOMETRIC_REPRESENTATION_CONTEXT(2) 
PARAMETRIC_REPRESENTATION_CONTEXT() REPRESENTATION_CONTEXT('2D SPACE',''
  ) );
#7665 = PCURVE('',#1924,#7666);
#7666 = DEFINITIONAL_REPRESENTATION('',(#7667),#7671);
#7667 = LINE('',#7668,#7669);
#7668 = CARTESIAN_POINT('',(-7.975754218385E-16,-7.));
#7669 = VECTOR('',#7670,1.);
#7670 = DIRECTION('',(-1.,6.578297524502E-17));
#7671 = ( GEOMETRIC_REPRESENTATION_CONTEXT(2) 
PARAMETRIC_REPRESENTATION_CONTEXT() REPRESENTATION_CONTEXT('2D SPACE',''
  ) );
#7672 = ORIENTED_EDGE('',*,*,#7673,.F.);
#7673 = EDGE_CURVE('',#7674,#7651,#7676,.T.);
#7674 = VERTEX_POINT('',#7675);
#7675 = CARTESIAN_POINT('',(0.438094261772,-10.98398474411,-2.));
#7676 = SURFACE_CURVE('',#7677,(#7682,#7693),.PCURVE_S1.);
#7677 = CIRCLE('',#7678,6.);
#7678 = AXIS2_PLACEMENT_3D('',#7679,#7680,#7681);
#7679 = CARTESIAN_POINT('',(8.572527594031E-16,-5.,-2.));
#7680 = DIRECTION('',(-1.224646799147E-16,1.110223024625E-16,1.));
#7681 = DIRECTION('',(-1.,-1.359631073447E-32,-1.224646799147E-16));
#7682 = PCURVE('',#338,#7683);
#7683 = DEFINITIONAL_REPRESENTATION('',(#7684),#7692);
#7684 = ( BOUNDED_CURVE() B_SPLINE_CURVE(2,(#7685,#7686,#7687,#7688,
#7689,#7690,#7691),.UNSPECIFIED.,.T.,.F.) B_SPLINE_CURVE_WITH_KNOTS((1,2
    ,2,2,2,1),(-2.094395102393,0.,2.094395102393,4.188790204786,
6.28318530718,8.377580409573),.UNSPECIFIED.) CURVE() 
GEOMETRIC_REPRESENTATION_ITEM() RATIONAL_B_SPLINE_CURVE((1.,0.5,1.,0.5,
1.,0.5,1.)) REPRESENTATION_ITEM('') );
#7685 = CARTESIAN_POINT('',(-6.,0.));
#7686 = CARTESIAN_POINT('',(-6.,10.392304845413));
#7687 = CARTESIAN_POINT('',(3.,5.196152422707));
#7688 = CARTESIAN_POINT('',(12.,1.469576158977E-15));
#7689 = CARTESIAN_POINT('',(3.,-5.196152422707));
#7690 = CARTESIAN_POINT('',(-6.,-10.39230484541));
#7691 = CARTESIAN_POINT('',(-6.,0.));
#7692 = ( GEOMETRIC_REPRESENTATION_CONTEXT(2) 
PARAMETRIC_REPRESENTATION_CONTEXT() REPRESENTATION_CONTEXT('2D SPACE',''
  ) );
#7693 = PCURVE('',#1896,#7694);
#7694 = DEFINITIONAL_REPRESENTATION('',(#7695),#7699);
#7695 = LINE('',#7696,#7697);
#7696 = CARTESIAN_POINT('',(0.,-7.));
#7697 = VECTOR('',#7698,1.);
#7698 = DIRECTION('',(1.,0.));
#7699 = ( GEOMETRIC_REPRESENTATION_CONTEXT(2) 
PARAMETRIC_REPRESENTATION_CONTEXT() REPRESENTATION_CONTEXT('2D SPACE',''
  ) );
#7700 = ORIENTED_EDGE('',*,*,#7701,.T.);
#7701 = EDGE_CURVE('',#7674,#7702,#7704,.T.);
#7702 = VERTEX_POINT('',#7703);
#7703 = CARTESIAN_POINT('',(0.368738775327,-10.87959634516,-2.));
#7704 = SURFACE_CURVE('',#7705,(#7709,#7716),.PCURVE_S1.);
#7705 = LINE('',#7706,#7707);
#7706 = CARTESIAN_POINT('',(-2.454276209362,-6.630617214914,-2.));
#7707 = VECTOR('',#7708,1.);
#7708 = DIRECTION('',(-0.553391549243,0.83292124071,-1.602437528592E-16)
  );
#7709 = PCURVE('',#338,#7710);
#7710 = DEFINITIONAL_REPRESENTATION('',(#7711),#7715);
#7711 = LINE('',#7712,#7713);
#7712 = CARTESIAN_POINT('',(-2.454276209361,1.630617214914));
#7713 = VECTOR('',#7714,1.);
#7714 = DIRECTION('',(-0.553391549243,-0.83292124071));
#7715 = ( GEOMETRIC_REPRESENTATION_CONTEXT(2) 
PARAMETRIC_REPRESENTATION_CONTEXT() REPRESENTATION_CONTEXT('2D SPACE',''
  ) );
#7716 = PCURVE('',#1867,#7717);
#7717 = DEFINITIONAL_REPRESENTATION('',(#7718),#7722);
#7718 = LINE('',#7719,#7720);
#7719 = CARTESIAN_POINT('',(-5.101297604831,-7.));
#7720 = VECTOR('',#7721,1.);
#7721 = DIRECTION('',(-1.,-6.777091894561E-17));
#7722 = ( GEOMETRIC_REPRESENTATION_CONTEXT(2) 
PARAMETRIC_REPRESENTATION_CONTEXT() REPRESENTATION_CONTEXT('2D SPACE',''
  ) );
#7723 = ORIENTED_EDGE('',*,*,#7724,.T.);
#7724 = EDGE_CURVE('',#7702,#7725,#7727,.T.);
#7725 = VERTEX_POINT('',#7726);
#7726 = CARTESIAN_POINT('',(0.313026003458,-10.99182899632,-2.));
#7727 = SURFACE_CURVE('',#7728,(#7732,#7739),.PCURVE_S1.);
#7728 = LINE('',#7729,#7730);
#7729 = CARTESIAN_POINT('',(0.368738775327,-10.87959634516,-2.));
#7730 = VECTOR('',#7731,1.);
#7731 = DIRECTION('',(-0.444635179185,-0.895711760239,1.510494009393E-16
    ));
#7732 = PCURVE('',#338,#7733);
#7733 = DEFINITIONAL_REPRESENTATION('',(#7734),#7738);
#7734 = LINE('',#7735,#7736);
#7735 = CARTESIAN_POINT('',(0.368738775327,5.879596345162));
#7736 = VECTOR('',#7737,1.);
#7737 = DIRECTION('',(-0.444635179185,0.895711760239));
#7738 = ( GEOMETRIC_REPRESENTATION_CONTEXT(2) 
PARAMETRIC_REPRESENTATION_CONTEXT() REPRESENTATION_CONTEXT('2D SPACE',''
  ) );
#7739 = PCURVE('',#1839,#7740);
#7740 = DEFINITIONAL_REPRESENTATION('',(#7741),#7745);
#7741 = LINE('',#7742,#7743);
#7742 = CARTESIAN_POINT('',(1.214434297916E-15,-7.));
#7743 = VECTOR('',#7744,1.);
#7744 = DIRECTION('',(-1.,5.160541897478E-17));
#7745 = ( GEOMETRIC_REPRESENTATION_CONTEXT(2) 
PARAMETRIC_REPRESENTATION_CONTEXT() REPRESENTATION_CONTEXT('2D SPACE',''
  ) );
#7746 = ORIENTED_EDGE('',*,*,#7747,.F.);
#7747 = EDGE_CURVE('',#7748,#7725,#7750,.T.);
#7748 = VERTEX_POINT('',#7749);
#7749 = CARTESIAN_POINT('',(-0.315352399913,-10.99170700751,-2.));
#7750 = SURFACE_CURVE('',#7751,(#7756,#7767),.PCURVE_S1.);
#7751 = CIRCLE('',#7752,6.);
#7752 = AXIS2_PLACEMENT_3D('',#7753,#7754,#7755);
#7753 = CARTESIAN_POINT('',(8.572527594031E-16,-5.,-2.));
#7754 = DIRECTION('',(-1.224646799147E-16,1.110223024625E-16,1.));
#7755 = DIRECTION('',(-1.,-1.359631073447E-32,-1.224646799147E-16));
#7756 = PCURVE('',#338,#7757);
#7757 = DEFINITIONAL_REPRESENTATION('',(#7758),#7766);
#7758 = ( BOUNDED_CURVE() B_SPLINE_CURVE(2,(#7759,#7760,#7761,#7762,
#7763,#7764,#7765),.UNSPECIFIED.,.T.,.F.) B_SPLINE_CURVE_WITH_KNOTS((1,2
    ,2,2,2,1),(-2.094395102393,0.,2.094395102393,4.188790204786,
6.28318530718,8.377580409573),.UNSPECIFIED.) CURVE() 
GEOMETRIC_REPRESENTATION_ITEM() RATIONAL_B_SPLINE_CURVE((1.,0.5,1.,0.5,
1.,0.5,1.)) REPRESENTATION_ITEM('') );
#7759 = CARTESIAN_POINT('',(-6.,0.));
#7760 = CARTESIAN_POINT('',(-6.,10.392304845413));
#7761 = CARTESIAN_POINT('',(3.,5.196152422707));
#7762 = CARTESIAN_POINT('',(12.,1.469576158977E-15));
#7763 = CARTESIAN_POINT('',(3.,-5.196152422707));
#7764 = CARTESIAN_POINT('',(-6.,-10.39230484541));
#7765 = CARTESIAN_POINT('',(-6.,0.));
#7766 = ( GEOMETRIC_REPRESENTATION_CONTEXT(2) 
PARAMETRIC_REPRESENTATION_CONTEXT() REPRESENTATION_CONTEXT('2D SPACE',''
  ) );
#7767 = PCURVE('',#1811,#7768);
#7768 = DEFINITIONAL_REPRESENTATION('',(#7769),#7773);
#7769 = LINE('',#7770,#7771);
#7770 = CARTESIAN_POINT('',(0.,-7.));
#7771 = VECTOR('',#7772,1.);
#7772 = DIRECTION('',(1.,0.));
#7773 = ( GEOMETRIC_REPRESENTATION_CONTEXT(2) 
PARAMETRIC_REPRESENTATION_CONTEXT() REPRESENTATION_CONTEXT('2D SPACE',''
  ) );
#7774 = ORIENTED_EDGE('',*,*,#7775,.T.);
#7775 = EDGE_CURVE('',#7748,#7776,#7778,.T.);
#7776 = VERTEX_POINT('',#7777);
#7777 = CARTESIAN_POINT('',(-0.371077662045,-10.87944919488,-2.));
#7778 = SURFACE_CURVE('',#7779,(#7783,#7790),.PCURVE_S1.);
#7779 = LINE('',#7780,#7781);
#7780 = CARTESIAN_POINT('',(-2.639294036645,-6.310156937754,-2.));
#7781 = VECTOR('',#7782,1.);
#7782 = DIRECTION('',(-0.444635179185,0.895711760239,-1.538960868622E-16
    ));
#7783 = PCURVE('',#338,#7784);
#7784 = DEFINITIONAL_REPRESENTATION('',(#7785),#7789);
#7785 = LINE('',#7786,#7787);
#7786 = CARTESIAN_POINT('',(-2.639294036645,1.310156937754));
#7787 = VECTOR('',#7788,1.);
#7788 = DIRECTION('',(-0.444635179185,-0.895711760239));
#7789 = ( GEOMETRIC_REPRESENTATION_CONTEXT(2) 
PARAMETRIC_REPRESENTATION_CONTEXT() REPRESENTATION_CONTEXT('2D SPACE',''
  ) );
#7790 = PCURVE('',#1782,#7791);
#7791 = DEFINITIONAL_REPRESENTATION('',(#7792),#7796);
#7792 = LINE('',#7793,#7794);
#7793 = CARTESIAN_POINT('',(-5.101297604831,-7.));
#7794 = VECTOR('',#7795,1.);
#7795 = DIRECTION('',(-1.,-5.445210489771E-17));
#7796 = ( GEOMETRIC_REPRESENTATION_CONTEXT(2) 
PARAMETRIC_REPRESENTATION_CONTEXT() REPRESENTATION_CONTEXT('2D SPACE',''
  ) );
#7797 = ORIENTED_EDGE('',*,*,#7798,.T.);
#7798 = EDGE_CURVE('',#7776,#7799,#7801,.T.);
#7799 = VERTEX_POINT('',#7800);
#7800 = CARTESIAN_POINT('',(-0.440417603149,-10.98381419621,-2.));
#7801 = SURFACE_CURVE('',#7802,(#7806,#7813),.PCURVE_S1.);
#7802 = LINE('',#7803,#7804);
#7803 = CARTESIAN_POINT('',(-0.371077662045,-10.87944919488,-2.));
#7804 = VECTOR('',#7805,1.);
#7805 = DIRECTION('',(-0.553391549243,-0.83292124071,1.307594388405E-16)
  );
#7806 = PCURVE('',#338,#7807);
#7807 = DEFINITIONAL_REPRESENTATION('',(#7808),#7812);
#7808 = LINE('',#7809,#7810);
#7809 = CARTESIAN_POINT('',(-0.371077662045,5.879449194882));
#7810 = VECTOR('',#7811,1.);
#7811 = DIRECTION('',(-0.553391549243,0.83292124071));
#7812 = ( GEOMETRIC_REPRESENTATION_CONTEXT(2) 
PARAMETRIC_REPRESENTATION_CONTEXT() REPRESENTATION_CONTEXT('2D SPACE',''
  ) );
#7813 = PCURVE('',#1754,#7814);
#7814 = DEFINITIONAL_REPRESENTATION('',(#7815),#7819);
#7815 = LINE('',#7816,#7817);
#7816 = CARTESIAN_POINT('',(-6.172196913611E-16,-7.));
#7817 = VECTOR('',#7818,1.);
#7818 = DIRECTION('',(-1.,3.828660492689E-17));
#7819 = ( GEOMETRIC_REPRESENTATION_CONTEXT(2) 
PARAMETRIC_REPRESENTATION_CONTEXT() REPRESENTATION_CONTEXT('2D SPACE',''
  ) );
#7820 = ORIENTED_EDGE('',*,*,#7821,.F.);
#7821 = EDGE_CURVE('',#7822,#7799,#7824,.T.);
#7822 = VERTEX_POINT('',#7823);
#7823 = CARTESIAN_POINT('',(-1.06382576587,-10.90493647212,-2.));
#7824 = SURFACE_CURVE('',#7825,(#7830,#7841),.PCURVE_S1.);
#7825 = CIRCLE('',#7826,6.);
#7826 = AXIS2_PLACEMENT_3D('',#7827,#7828,#7829);
#7827 = CARTESIAN_POINT('',(8.572527594031E-16,-5.,-2.));
#7828 = DIRECTION('',(-1.224646799147E-16,1.110223024625E-16,1.));
#7829 = DIRECTION('',(-1.,-1.359631073447E-32,-1.224646799147E-16));
#7830 = PCURVE('',#338,#7831);
#7831 = DEFINITIONAL_REPRESENTATION('',(#7832),#7840);
#7832 = ( BOUNDED_CURVE() B_SPLINE_CURVE(2,(#7833,#7834,#7835,#7836,
#7837,#7838,#7839),.UNSPECIFIED.,.T.,.F.) B_SPLINE_CURVE_WITH_KNOTS((1,2
    ,2,2,2,1),(-2.094395102393,0.,2.094395102393,4.188790204786,
6.28318530718,8.377580409573),.UNSPECIFIED.) CURVE() 
GEOMETRIC_REPRESENTATION_ITEM() RATIONAL_B_SPLINE_CURVE((1.,0.5,1.,0.5,
1.,0.5,1.)) REPRESENTATION_ITEM('') );
#7833 = CARTESIAN_POINT('',(-6.,0.));
#7834 = CARTESIAN_POINT('',(-6.,10.392304845413));
#7835 = CARTESIAN_POINT('',(3.,5.196152422707));
#7836 = CARTESIAN_POINT('',(12.,1.469576158977E-15));
#7837 = CARTESIAN_POINT('',(3.,-5.196152422707));
#7838 = CARTESIAN_POINT('',(-6.,-10.39230484541));
#7839 = CARTESIAN_POINT('',(-6.,0.));
#7840 = ( GEOMETRIC_REPRESENTATION_CONTEXT(2) 
PARAMETRIC_REPRESENTATION_CONTEXT() REPRESENTATION_CONTEXT('2D SPACE',''
  ) );
#7841 = PCURVE('',#1726,#7842);
#7842 = DEFINITIONAL_REPRESENTATION('',(#7843),#7847);
#7843 = LINE('',#7844,#7845);
#7844 = CARTESIAN_POINT('',(0.,-7.));
#7845 = VECTOR('',#7846,1.);
#7846 = DIRECTION('',(1.,0.));
#7847 = ( GEOMETRIC_REPRESENTATION_CONTEXT(2) 
PARAMETRIC_REPRESENTATION_CONTEXT() REPRESENTATION_CONTEXT('2D SPACE',''
  ) );
#7848 = ORIENTED_EDGE('',*,*,#7849,.T.);
#7849 = EDGE_CURVE('',#7822,#7850,#7852,.T.);
#7850 = VERTEX_POINT('',#7851);
#7851 = CARTESIAN_POINT('',(-1.105041983016,-10.78657961858,-2.));
#7852 = SURFACE_CURVE('',#7853,(#7857,#7864),.PCURVE_S1.);
#7853 = LINE('',#7854,#7855);
#7854 = CARTESIAN_POINT('',(-2.782688620332,-5.969034703035,-2.));
#7855 = VECTOR('',#7856,1.);
#7856 = DIRECTION('',(-0.328866646739,0.944376370237,-1.451213876424E-16
    ));
#7857 = PCURVE('',#338,#7858);
#7858 = DEFINITIONAL_REPRESENTATION('',(#7859),#7863);
#7859 = LINE('',#7860,#7861);
#7860 = CARTESIAN_POINT('',(-2.782688620332,0.969034703035));
#7861 = VECTOR('',#7862,1.);
#7862 = DIRECTION('',(-0.328866646739,-0.944376370237));
#7863 = ( GEOMETRIC_REPRESENTATION_CONTEXT(2) 
PARAMETRIC_REPRESENTATION_CONTEXT() REPRESENTATION_CONTEXT('2D SPACE',''
  ) );
#7864 = PCURVE('',#1697,#7865);
#7865 = DEFINITIONAL_REPRESENTATION('',(#7866),#7870);
#7866 = LINE('',#7867,#7868);
#7867 = CARTESIAN_POINT('',(-5.101297604831,-7.));
#7868 = VECTOR('',#7869,1.);
#7869 = DIRECTION('',(-1.,-4.027454862747E-17));
#7870 = ( GEOMETRIC_REPRESENTATION_CONTEXT(2) 
PARAMETRIC_REPRESENTATION_CONTEXT() REPRESENTATION_CONTEXT('2D SPACE',''
  ) );
#7871 = ORIENTED_EDGE('',*,*,#7872,.T.);
#7872 = EDGE_CURVE('',#7850,#7873,#7875,.T.);
#7873 = VERTEX_POINT('',#7874);
#7874 = CARTESIAN_POINT('',(-1.186915561061,-10.88143107167,-2.));
#7875 = SURFACE_CURVE('',#7876,(#7880,#7887),.PCURVE_S1.);
#7876 = LINE('',#7877,#7878);
#7877 = CARTESIAN_POINT('',(-1.105041983016,-10.78657961858,-2.));
#7878 = VECTOR('',#7879,1.);
#7879 = DIRECTION('',(-0.65342060399,-0.756995055652,1.100799127863E-16)
  );
#7880 = PCURVE('',#338,#7881);
#7881 = DEFINITIONAL_REPRESENTATION('',(#7882),#7886);
#7882 = LINE('',#7883,#7884);
#7883 = CARTESIAN_POINT('',(-1.105041983016,5.786579618587));
#7884 = VECTOR('',#7885,1.);
#7885 = DIRECTION('',(-0.65342060399,0.756995055652));
#7886 = ( GEOMETRIC_REPRESENTATION_CONTEXT(2) 
PARAMETRIC_REPRESENTATION_CONTEXT() REPRESENTATION_CONTEXT('2D SPACE',''
  ) );
#7887 = PCURVE('',#1669,#7888);
#7888 = DEFINITIONAL_REPRESENTATION('',(#7889),#7893);
#7889 = LINE('',#7890,#7891);
#7890 = CARTESIAN_POINT('',(-4.662129665551E-16,-7.));
#7891 = VECTOR('',#7892,1.);
#7892 = DIRECTION('',(-1.,2.603657875515E-17));
#7893 = ( GEOMETRIC_REPRESENTATION_CONTEXT(2) 
PARAMETRIC_REPRESENTATION_CONTEXT() REPRESENTATION_CONTEXT('2D SPACE',''
  ) );
#7894 = ORIENTED_EDGE('',*,*,#7895,.F.);
#7895 = EDGE_CURVE('',#7896,#7873,#7898,.T.);
#7896 = VERTEX_POINT('',#7897);
#7897 = CARTESIAN_POINT('',(-1.795521964001,-10.72504156114,-2.));
#7898 = SURFACE_CURVE('',#7899,(#7904,#7915),.PCURVE_S1.);
#7899 = CIRCLE('',#7900,6.);
#7900 = AXIS2_PLACEMENT_3D('',#7901,#7902,#7903);
#7901 = CARTESIAN_POINT('',(8.572527594031E-16,-5.,-2.));
#7902 = DIRECTION('',(-1.224646799147E-16,1.110223024625E-16,1.));
#7903 = DIRECTION('',(-1.,-1.359631073447E-32,-1.224646799147E-16));
#7904 = PCURVE('',#338,#7905);
#7905 = DEFINITIONAL_REPRESENTATION('',(#7906),#7914);
#7906 = ( BOUNDED_CURVE() B_SPLINE_CURVE(2,(#7907,#7908,#7909,#7910,
#7911,#7912,#7913),.UNSPECIFIED.,.T.,.F.) B_SPLINE_CURVE_WITH_KNOTS((1,2
    ,2,2,2,1),(-2.094395102393,0.,2.094395102393,4.188790204786,
6.28318530718,8.377580409573),.UNSPECIFIED.) CURVE() 
GEOMETRIC_REPRESENTATION_ITEM() RATIONAL_B_SPLINE_CURVE((1.,0.5,1.,0.5,
1.,0.5,1.)) REPRESENTATION_ITEM('') );
#7907 = CARTESIAN_POINT('',(-6.,0.));
#7908 = CARTESIAN_POINT('',(-6.,10.392304845413));
#7909 = CARTESIAN_POINT('',(3.,5.196152422707));
#7910 = CARTESIAN_POINT('',(12.,1.469576158977E-15));
#7911 = CARTESIAN_POINT('',(3.,-5.196152422707));
#7912 = CARTESIAN_POINT('',(-6.,-10.39230484541));
#7913 = CARTESIAN_POINT('',(-6.,0.));
#7914 = ( GEOMETRIC_REPRESENTATION_CONTEXT(2) 
PARAMETRIC_REPRESENTATION_CONTEXT() REPRESENTATION_CONTEXT('2D SPACE',''
  ) );
#7915 = PCURVE('',#1641,#7916);
#7916 = DEFINITIONAL_REPRESENTATION('',(#7917),#7921);
#7917 = LINE('',#7918,#7919);
#7918 = CARTESIAN_POINT('',(0.,-7.));
#7919 = VECTOR('',#7920,1.);
#7920 = DIRECTION('',(1.,0.));
#7921 = ( GEOMETRIC_REPRESENTATION_CONTEXT(2) 
PARAMETRIC_REPRESENTATION_CONTEXT() REPRESENTATION_CONTEXT('2D SPACE',''
  ) );
#7922 = ORIENTED_EDGE('',*,*,#7923,.T.);
#7923 = EDGE_CURVE('',#7896,#7924,#7926,.T.);
#7924 = VERTEX_POINT('',#7925);
#7925 = CARTESIAN_POINT('',(-1.821579131794,-10.60245222497,-2.));
#7926 = SURFACE_CURVE('',#7927,(#7931,#7938),.PCURVE_S1.);
#7927 = LINE('',#7928,#7929);
#7928 = CARTESIAN_POINT('',(-2.88219854218,-5.612630212176,-2.));
#7929 = VECTOR('',#7930,1.);
#7930 = DIRECTION('',(-0.207911690818,0.978147600734,-1.340580374482E-16
    ));
#7931 = PCURVE('',#338,#7932);
#7932 = DEFINITIONAL_REPRESENTATION('',(#7933),#7937);
#7933 = LINE('',#7934,#7935);
#7934 = CARTESIAN_POINT('',(-2.88219854218,0.612630212176));
#7935 = VECTOR('',#7936,1.);
#7936 = DIRECTION('',(-0.207911690818,-0.978147600734));
#7937 = ( GEOMETRIC_REPRESENTATION_CONTEXT(2) 
PARAMETRIC_REPRESENTATION_CONTEXT() REPRESENTATION_CONTEXT('2D SPACE',''
  ) );
#7938 = PCURVE('',#1612,#7939);
#7939 = DEFINITIONAL_REPRESENTATION('',(#7940),#7944);
#7940 = LINE('',#7941,#7942);
#7941 = CARTESIAN_POINT('',(-5.101297604831,-7.));
#7942 = VECTOR('',#7943,1.);
#7943 = DIRECTION('',(-1.,-2.546183866653E-17));
#7944 = ( GEOMETRIC_REPRESENTATION_CONTEXT(2) 
PARAMETRIC_REPRESENTATION_CONTEXT() REPRESENTATION_CONTEXT('2D SPACE',''
  ) );
#7945 = ORIENTED_EDGE('',*,*,#7946,.T.);
#7946 = EDGE_CURVE('',#7924,#7947,#7949,.T.);
#7947 = VERTEX_POINT('',#7948);
#7948 = CARTESIAN_POINT('',(-1.914695151547,-10.68629426574,-2.));
#7949 = SURFACE_CURVE('',#7950,(#7954,#7961),.PCURVE_S1.);
#7950 = LINE('',#7951,#7952);
#7951 = CARTESIAN_POINT('',(-1.821579131794,-10.60245222497,-2.));
#7952 = VECTOR('',#7953,1.);
#7953 = DIRECTION('',(-0.743144825477,-0.669130606359,8.933695125621E-17
    ));
#7954 = PCURVE('',#338,#7955);
#7955 = DEFINITIONAL_REPRESENTATION('',(#7956),#7960);
#7956 = LINE('',#7957,#7958);
#7957 = CARTESIAN_POINT('',(-1.821579131794,5.602452224971));
#7958 = VECTOR('',#7959,1.);
#7959 = DIRECTION('',(-0.743144825477,0.669130606359));
#7960 = ( GEOMETRIC_REPRESENTATION_CONTEXT(2) 
PARAMETRIC_REPRESENTATION_CONTEXT() REPRESENTATION_CONTEXT('2D SPACE',''
  ) );
#7961 = PCURVE('',#1584,#7962);
#7962 = DEFINITIONAL_REPRESENTATION('',(#7963),#7967);
#7963 = LINE('',#7964,#7965);
#7964 = CARTESIAN_POINT('',(1.345075439839E-15,-7.));
#7965 = VECTOR('',#7966,1.);
#7966 = DIRECTION('',(-1.,1.504853069011E-17));
#7967 = ( GEOMETRIC_REPRESENTATION_CONTEXT(2) 
PARAMETRIC_REPRESENTATION_CONTEXT() REPRESENTATION_CONTEXT('2D SPACE',''
  ) );
#7968 = ORIENTED_EDGE('',*,*,#7969,.F.);
#7969 = EDGE_CURVE('',#7970,#7947,#7972,.T.);
#7970 = VERTEX_POINT('',#7971);
#7971 = CARTESIAN_POINT('',(-2.498901708166,-10.45485932476,-2.));
#7972 = SURFACE_CURVE('',#7973,(#7978,#7989),.PCURVE_S1.);
#7973 = CIRCLE('',#7974,6.);
#7974 = AXIS2_PLACEMENT_3D('',#7975,#7976,#7977);
#7975 = CARTESIAN_POINT('',(8.572527594031E-16,-5.,-2.));
#7976 = DIRECTION('',(-1.224646799147E-16,1.110223024625E-16,1.));
#7977 = DIRECTION('',(-1.,-1.359631073447E-32,-1.224646799147E-16));
#7978 = PCURVE('',#338,#7979);
#7979 = DEFINITIONAL_REPRESENTATION('',(#7980),#7988);
#7980 = ( BOUNDED_CURVE() B_SPLINE_CURVE(2,(#7981,#7982,#7983,#7984,
#7985,#7986,#7987),.UNSPECIFIED.,.T.,.F.) B_SPLINE_CURVE_WITH_KNOTS((1,2
    ,2,2,2,1),(-2.094395102393,0.,2.094395102393,4.188790204786,
6.28318530718,8.377580409573),.UNSPECIFIED.) CURVE() 
GEOMETRIC_REPRESENTATION_ITEM() RATIONAL_B_SPLINE_CURVE((1.,0.5,1.,0.5,
1.,0.5,1.)) REPRESENTATION_ITEM('') );
#7981 = CARTESIAN_POINT('',(-6.,0.));
#7982 = CARTESIAN_POINT('',(-6.,10.392304845413));
#7983 = CARTESIAN_POINT('',(3.,5.196152422707));
#7984 = CARTESIAN_POINT('',(12.,1.469576158977E-15));
#7985 = CARTESIAN_POINT('',(3.,-5.196152422707));
#7986 = CARTESIAN_POINT('',(-6.,-10.39230484541));
#7987 = CARTESIAN_POINT('',(-6.,0.));
#7988 = ( GEOMETRIC_REPRESENTATION_CONTEXT(2) 
PARAMETRIC_REPRESENTATION_CONTEXT() REPRESENTATION_CONTEXT('2D SPACE',''
  ) );
#7989 = PCURVE('',#1556,#7990);
#7990 = DEFINITIONAL_REPRESENTATION('',(#7991),#7995);
#7991 = LINE('',#7992,#7993);
#7992 = CARTESIAN_POINT('',(0.,-7.));
#7993 = VECTOR('',#7994,1.);
#7994 = DIRECTION('',(1.,0.));
#7995 = ( GEOMETRIC_REPRESENTATION_CONTEXT(2) 
PARAMETRIC_REPRESENTATION_CONTEXT() REPRESENTATION_CONTEXT('2D SPACE',''
  ) );
#7996 = ORIENTED_EDGE('',*,*,#7997,.T.);
#7997 = EDGE_CURVE('',#7970,#7998,#8000,.T.);
#7998 = VERTEX_POINT('',#7999);
#7999 = CARTESIAN_POINT('',(-2.509388889506,-10.32997081302,-2.));
#8000 = SURFACE_CURVE('',#8001,(#8005,#8012),.PCURVE_S1.);
#8001 = LINE('',#8002,#8003);
#8002 = CARTESIAN_POINT('',(-2.936254471275,-5.246564176904,-2.));
#8003 = VECTOR('',#8004,1.);
#8004 = DIRECTION('',(-8.367784333232E-02,0.99649285925,
    -1.20880511921E-16));
#8005 = PCURVE('',#338,#8006);
#8006 = DEFINITIONAL_REPRESENTATION('',(#8007),#8011);
#8007 = LINE('',#8008,#8009);
#8008 = CARTESIAN_POINT('',(-2.936254471275,0.246564176904));
#8009 = VECTOR('',#8010,1.);
#8010 = DIRECTION('',(-8.367784333232E-02,-0.99649285925));
#8011 = ( GEOMETRIC_REPRESENTATION_CONTEXT(2) 
PARAMETRIC_REPRESENTATION_CONTEXT() REPRESENTATION_CONTEXT('2D SPACE',''
  ) );
#8012 = PCURVE('',#1527,#8013);
#8013 = DEFINITIONAL_REPRESENTATION('',(#8014),#8018);
#8014 = LINE('',#8015,#8016);
#8015 = CARTESIAN_POINT('',(-5.101297604831,-7.));
#8016 = VECTOR('',#8017,1.);
#8017 = DIRECTION('',(-1.,-1.024758029965E-17));
#8018 = ( GEOMETRIC_REPRESENTATION_CONTEXT(2) 
PARAMETRIC_REPRESENTATION_CONTEXT() REPRESENTATION_CONTEXT('2D SPACE',''
  ) );
#8019 = ORIENTED_EDGE('',*,*,#8020,.T.);
#8020 = EDGE_CURVE('',#7998,#8021,#8023,.T.);
#8021 = VERTEX_POINT('',#8022);
#8022 = CARTESIAN_POINT('',(-2.612278855709,-10.40148120241,-2.));
#8023 = SURFACE_CURVE('',#8024,(#8028,#8035),.PCURVE_S1.);
#8024 = LINE('',#8025,#8026);
#8025 = CARTESIAN_POINT('',(-2.509388889506,-10.32997081302,-2.));
#8026 = VECTOR('',#8027,1.);
#8027 = DIRECTION('',(-0.821149209134,-0.570713567684,6.885768314462E-17
    ));
#8028 = PCURVE('',#338,#8029);
#8029 = DEFINITIONAL_REPRESENTATION('',(#8030),#8034);
#8030 = LINE('',#8031,#8032);
#8031 = CARTESIAN_POINT('',(-2.509388889506,5.329970813025));
#8032 = VECTOR('',#8033,1.);
#8033 = DIRECTION('',(-0.821149209134,0.570713567684));
#8034 = ( GEOMETRIC_REPRESENTATION_CONTEXT(2) 
PARAMETRIC_REPRESENTATION_CONTEXT() REPRESENTATION_CONTEXT('2D SPACE',''
  ) );
#8035 = PCURVE('',#1499,#8036);
#8036 = DEFINITIONAL_REPRESENTATION('',(#8037),#8041);
#8037 = LINE('',#8038,#8039);
#8038 = CARTESIAN_POINT('',(1.537524050676E-15,-7.));
#8039 = VECTOR('',#8040,1.);
#8040 = DIRECTION('',(-1.,5.495748813694E-18));
#8041 = ( GEOMETRIC_REPRESENTATION_CONTEXT(2) 
PARAMETRIC_REPRESENTATION_CONTEXT() REPRESENTATION_CONTEXT('2D SPACE',''
  ) );
#8042 = ORIENTED_EDGE('',*,*,#8043,.F.);
#8043 = EDGE_CURVE('',#8044,#8021,#8046,.T.);
#8044 = VERTEX_POINT('',#8045);
#8045 = CARTESIAN_POINT('',(-3.162872279622,-10.09865069825,-2.));
#8046 = SURFACE_CURVE('',#8047,(#8052,#8063),.PCURVE_S1.);
#8047 = CIRCLE('',#8048,6.);
#8048 = AXIS2_PLACEMENT_3D('',#8049,#8050,#8051);
#8049 = CARTESIAN_POINT('',(8.572527594031E-16,-5.,-2.));
#8050 = DIRECTION('',(-1.224646799147E-16,1.110223024625E-16,1.));
#8051 = DIRECTION('',(-1.,-1.359631073447E-32,-1.224646799147E-16));
#8052 = PCURVE('',#338,#8053);
#8053 = DEFINITIONAL_REPRESENTATION('',(#8054),#8062);
#8054 = ( BOUNDED_CURVE() B_SPLINE_CURVE(2,(#8055,#8056,#8057,#8058,
#8059,#8060,#8061),.UNSPECIFIED.,.T.,.F.) B_SPLINE_CURVE_WITH_KNOTS((1,2
    ,2,2,2,1),(-2.094395102393,0.,2.094395102393,4.188790204786,
6.28318530718,8.377580409573),.UNSPECIFIED.) CURVE() 
GEOMETRIC_REPRESENTATION_ITEM() RATIONAL_B_SPLINE_CURVE((1.,0.5,1.,0.5,
1.,0.5,1.)) REPRESENTATION_ITEM('') );
#8055 = CARTESIAN_POINT('',(-6.,0.));
#8056 = CARTESIAN_POINT('',(-6.,10.392304845413));
#8057 = CARTESIAN_POINT('',(3.,5.196152422707));
#8058 = CARTESIAN_POINT('',(12.,1.469576158977E-15));
#8059 = CARTESIAN_POINT('',(3.,-5.196152422707));
#8060 = CARTESIAN_POINT('',(-6.,-10.39230484541));
#8061 = CARTESIAN_POINT('',(-6.,0.));
#8062 = ( GEOMETRIC_REPRESENTATION_CONTEXT(2) 
PARAMETRIC_REPRESENTATION_CONTEXT() REPRESENTATION_CONTEXT('2D SPACE',''
  ) );
#8063 = PCURVE('',#1471,#8064);
#8064 = DEFINITIONAL_REPRESENTATION('',(#8065),#8069);
#8065 = LINE('',#8066,#8067);
#8066 = CARTESIAN_POINT('',(0.,-7.));
#8067 = VECTOR('',#8068,1.);
#8068 = DIRECTION('',(1.,0.));
#8069 = ( GEOMETRIC_REPRESENTATION_CONTEXT(2) 
PARAMETRIC_REPRESENTATION_CONTEXT() REPRESENTATION_CONTEXT('2D SPACE',''
  ) );
#8070 = ORIENTED_EDGE('',*,*,#8071,.T.);
#8071 = EDGE_CURVE('',#8044,#8072,#8074,.T.);
#8072 = VERTEX_POINT('',#8073);
#8073 = CARTESIAN_POINT('',(-3.157624085394,-9.973432577387,-2.));
#8074 = SURFACE_CURVE('',#8075,(#8079,#8086),.PCURVE_S1.);
#8075 = LINE('',#8076,#8077);
#8076 = CARTESIAN_POINT('',(-2.944003913324,-4.876609677271,-2.));
#8077 = VECTOR('',#8078,1.);
#8078 = DIRECTION('',(4.18756537292E-02,0.999122830099,
    -1.057966285103E-16));
#8079 = PCURVE('',#338,#8080);
#8080 = DEFINITIONAL_REPRESENTATION('',(#8081),#8085);
#8081 = LINE('',#8082,#8083);
#8082 = CARTESIAN_POINT('',(-2.944003913324,-0.123390322729));
#8083 = VECTOR('',#8084,1.);
#8084 = DIRECTION('',(4.18756537292E-02,-0.999122830099));
#8085 = ( GEOMETRIC_REPRESENTATION_CONTEXT(2) 
PARAMETRIC_REPRESENTATION_CONTEXT() REPRESENTATION_CONTEXT('2D SPACE',''
  ) );
#8086 = PCURVE('',#1442,#8087);
#8087 = DEFINITIONAL_REPRESENTATION('',(#8088),#8092);
#8088 = LINE('',#8089,#8090);
#8089 = CARTESIAN_POINT('',(-5.101297604831,-7.));
#8090 = VECTOR('',#8091,1.);
#8091 = DIRECTION('',(-1.,5.128288530166E-18));
#8092 = ( GEOMETRIC_REPRESENTATION_CONTEXT(2) 
PARAMETRIC_REPRESENTATION_CONTEXT() REPRESENTATION_CONTEXT('2D SPACE',''
  ) );
#8093 = ORIENTED_EDGE('',*,*,#8094,.T.);
#8094 = EDGE_CURVE('',#8072,#8095,#8097,.T.);
#8095 = VERTEX_POINT('',#8096);
#8096 = CARTESIAN_POINT('',(-3.268665361817,-10.03148355382,-2.));
#8097 = SURFACE_CURVE('',#8098,(#8102,#8109),.PCURVE_S1.);
#8098 = LINE('',#8099,#8100);
#8099 = CARTESIAN_POINT('',(-3.157624085394,-9.973432577387,-2.));
#8100 = VECTOR('',#8101,1.);
#8101 = DIRECTION('',(-0.886203579231,-0.46329603512,4.896507874341E-17)
  );
#8102 = PCURVE('',#338,#8103);
#8103 = DEFINITIONAL_REPRESENTATION('',(#8104),#8108);
#8104 = LINE('',#8105,#8106);
#8105 = CARTESIAN_POINT('',(-3.157624085394,4.973432577387));
#8106 = VECTOR('',#8107,1.);
#8107 = DIRECTION('',(-0.886203579231,0.46329603512));
#8108 = ( GEOMETRIC_REPRESENTATION_CONTEXT(2) 
PARAMETRIC_REPRESENTATION_CONTEXT() REPRESENTATION_CONTEXT('2D SPACE',''
  ) );
#8109 = PCURVE('',#1414,#8110);
#8110 = DEFINITIONAL_REPRESENTATION('',(#8111),#8115);
#8111 = LINE('',#8112,#8113);
#8112 = CARTESIAN_POINT('',(-6.937228559977E-17,-7.));
#8113 = VECTOR('',#8114,1.);
#8114 = DIRECTION('',(-1.,-2.471113797353E-18));
#8115 = ( GEOMETRIC_REPRESENTATION_CONTEXT(2) 
PARAMETRIC_REPRESENTATION_CONTEXT() REPRESENTATION_CONTEXT('2D SPACE',''
  ) );
#8116 = ORIENTED_EDGE('',*,*,#8117,.F.);
#8117 = EDGE_CURVE('',#8118,#8095,#8120,.T.);
#8118 = VERTEX_POINT('',#8119);
#8119 = CARTESIAN_POINT('',(-3.77696246582,-9.662033304449,-2.));
#8120 = SURFACE_CURVE('',#8121,(#8126,#8137),.PCURVE_S1.);
#8121 = CIRCLE('',#8122,6.);
#8122 = AXIS2_PLACEMENT_3D('',#8123,#8124,#8125);
#8123 = CARTESIAN_POINT('',(8.572527594031E-16,-5.,-2.));
#8124 = DIRECTION('',(-1.224646799147E-16,1.110223024625E-16,1.));
#8125 = DIRECTION('',(-1.,-1.359631073447E-32,-1.224646799147E-16));
#8126 = PCURVE('',#338,#8127);
#8127 = DEFINITIONAL_REPRESENTATION('',(#8128),#8136);
#8128 = ( BOUNDED_CURVE() B_SPLINE_CURVE(2,(#8129,#8130,#8131,#8132,
#8133,#8134,#8135),.UNSPECIFIED.,.T.,.F.) B_SPLINE_CURVE_WITH_KNOTS((1,2
    ,2,2,2,1),(-2.094395102393,0.,2.094395102393,4.188790204786,
6.28318530718,8.377580409573),.UNSPECIFIED.) CURVE() 
GEOMETRIC_REPRESENTATION_ITEM() RATIONAL_B_SPLINE_CURVE((1.,0.5,1.,0.5,
1.,0.5,1.)) REPRESENTATION_ITEM('') );
#8129 = CARTESIAN_POINT('',(-6.,0.));
#8130 = CARTESIAN_POINT('',(-6.,10.392304845413));
#8131 = CARTESIAN_POINT('',(3.,5.196152422707));
#8132 = CARTESIAN_POINT('',(12.,1.469576158977E-15));
#8133 = CARTESIAN_POINT('',(3.,-5.196152422707));
#8134 = CARTESIAN_POINT('',(-6.,-10.39230484541));
#8135 = CARTESIAN_POINT('',(-6.,0.));
#8136 = ( GEOMETRIC_REPRESENTATION_CONTEXT(2) 
PARAMETRIC_REPRESENTATION_CONTEXT() REPRESENTATION_CONTEXT('2D SPACE',''
  ) );
#8137 = PCURVE('',#1386,#8138);
#8138 = DEFINITIONAL_REPRESENTATION('',(#8139),#8143);
#8139 = LINE('',#8140,#8141);
#8140 = CARTESIAN_POINT('',(0.,-7.));
#8141 = VECTOR('',#8142,1.);
#8142 = DIRECTION('',(1.,0.));
#8143 = ( GEOMETRIC_REPRESENTATION_CONTEXT(2) 
PARAMETRIC_REPRESENTATION_CONTEXT() REPRESENTATION_CONTEXT('2D SPACE',''
  ) );
#8144 = ORIENTED_EDGE('',*,*,#8145,.T.);
#8145 = EDGE_CURVE('',#8118,#8146,#8148,.T.);
#8146 = VERTEX_POINT('',#8147);
#8147 = CARTESIAN_POINT('',(-3.756061663182,-9.538460339019,-2.));
#8148 = SURFACE_CURVE('',#8149,(#8153,#8160),.PCURVE_S1.);
#8149 = LINE('',#8150,#8151);
#8150 = CARTESIAN_POINT('',(-2.905324654998,-4.508601116738,-2.));
#8151 = VECTOR('',#8152,1.);
#8152 = DIRECTION('',(0.166768746716,0.985996037071,-8.904426906811E-17)
  );
#8153 = PCURVE('',#338,#8154);
#8154 = DEFINITIONAL_REPRESENTATION('',(#8155),#8159);
#8155 = LINE('',#8156,#8157);
#8156 = CARTESIAN_POINT('',(-2.905324654998,-0.491398883262));
#8157 = VECTOR('',#8158,1.);
#8158 = DIRECTION('',(0.166768746716,-0.985996037071));
#8159 = ( GEOMETRIC_REPRESENTATION_CONTEXT(2) 
PARAMETRIC_REPRESENTATION_CONTEXT() REPRESENTATION_CONTEXT('2D SPACE',''
  ) );
#8160 = PCURVE('',#1357,#8161);
#8161 = DEFINITIONAL_REPRESENTATION('',(#8162),#8166);
#8162 = LINE('',#8163,#8164);
#8163 = CARTESIAN_POINT('',(-5.101297604831,-7.));
#8164 = VECTOR('',#8165,1.);
#8165 = DIRECTION('',(-1.,2.042328118637E-17));
#8166 = ( GEOMETRIC_REPRESENTATION_CONTEXT(2) 
PARAMETRIC_REPRESENTATION_CONTEXT() REPRESENTATION_CONTEXT('2D SPACE',''
  ) );
#8167 = ORIENTED_EDGE('',*,*,#8168,.T.);
#8168 = EDGE_CURVE('',#8146,#8169,#8171,.T.);
#8169 = VERTEX_POINT('',#8170);
#8170 = CARTESIAN_POINT('',(-3.873503062563,-9.58213640394,-2.));
#8171 = SURFACE_CURVE('',#8172,(#8176,#8183),.PCURVE_S1.);
#8172 = LINE('',#8173,#8174);
#8173 = CARTESIAN_POINT('',(-3.756061663182,-9.538460339019,-2.));
#8174 = VECTOR('',#8175,1.);
#8175 = DIRECTION('',(-0.937281989492,-0.348572047322,2.997285630726E-17
    ));
#8176 = PCURVE('',#338,#8177);
#8177 = DEFINITIONAL_REPRESENTATION('',(#8178),#8182);
#8178 = LINE('',#8179,#8180);
#8179 = CARTESIAN_POINT('',(-3.756061663182,4.538460339019));
#8180 = VECTOR('',#8181,1.);
#8181 = DIRECTION('',(-0.937281989492,0.348572047322));
#8182 = ( GEOMETRIC_REPRESENTATION_CONTEXT(2) 
PARAMETRIC_REPRESENTATION_CONTEXT() REPRESENTATION_CONTEXT('2D SPACE',''
  ) );
#8183 = PCURVE('',#1329,#8184);
#8184 = DEFINITIONAL_REPRESENTATION('',(#8185),#8189);
#8185 = LINE('',#8186,#8187);
#8186 = CARTESIAN_POINT('',(6.794337671048E-17,-7.));
#8187 = VECTOR('',#8188,1.);
#8188 = DIRECTION('',(-1.,-8.72641496048E-18));
#8189 = ( GEOMETRIC_REPRESENTATION_CONTEXT(2) 
PARAMETRIC_REPRESENTATION_CONTEXT() REPRESENTATION_CONTEXT('2D SPACE',''
  ) );
#8190 = ORIENTED_EDGE('',*,*,#8191,.F.);
#8191 = EDGE_CURVE('',#8192,#8169,#8194,.T.);
#8192 = VERTEX_POINT('',#8193);
#8193 = CARTESIAN_POINT('',(-4.331487697684,-9.151892860469,-2.));
#8194 = SURFACE_CURVE('',#8195,(#8200,#8211),.PCURVE_S1.);
#8195 = CIRCLE('',#8196,6.);
#8196 = AXIS2_PLACEMENT_3D('',#8197,#8198,#8199);
#8197 = CARTESIAN_POINT('',(8.572527594031E-16,-5.,-2.));
#8198 = DIRECTION('',(-1.224646799147E-16,1.110223024625E-16,1.));
#8199 = DIRECTION('',(-1.,-1.359631073447E-32,-1.224646799147E-16));
#8200 = PCURVE('',#338,#8201);
#8201 = DEFINITIONAL_REPRESENTATION('',(#8202),#8210);
#8202 = ( BOUNDED_CURVE() B_SPLINE_CURVE(2,(#8203,#8204,#8205,#8206,
#8207,#8208,#8209),.UNSPECIFIED.,.T.,.F.) B_SPLINE_CURVE_WITH_KNOTS((1,2
    ,2,2,2,1),(-2.094395102393,0.,2.094395102393,4.188790204786,
6.28318530718,8.377580409573),.UNSPECIFIED.) CURVE() 
GEOMETRIC_REPRESENTATION_ITEM() RATIONAL_B_SPLINE_CURVE((1.,0.5,1.,0.5,
1.,0.5,1.)) REPRESENTATION_ITEM('') );
#8203 = CARTESIAN_POINT('',(-6.,0.));
#8204 = CARTESIAN_POINT('',(-6.,10.392304845413));
#8205 = CARTESIAN_POINT('',(3.,5.196152422707));
#8206 = CARTESIAN_POINT('',(12.,1.469576158977E-15));
#8207 = CARTESIAN_POINT('',(3.,-5.196152422707));
#8208 = CARTESIAN_POINT('',(-6.,-10.39230484541));
#8209 = CARTESIAN_POINT('',(-6.,0.));
#8210 = ( GEOMETRIC_REPRESENTATION_CONTEXT(2) 
PARAMETRIC_REPRESENTATION_CONTEXT() REPRESENTATION_CONTEXT('2D SPACE',''
  ) );
#8211 = PCURVE('',#1301,#8212);
#8212 = DEFINITIONAL_REPRESENTATION('',(#8213),#8217);
#8213 = LINE('',#8214,#8215);
#8214 = CARTESIAN_POINT('',(0.,-7.));
#8215 = VECTOR('',#8216,1.);
#8216 = DIRECTION('',(1.,0.));
#8217 = ( GEOMETRIC_REPRESENTATION_CONTEXT(2) 
PARAMETRIC_REPRESENTATION_CONTEXT() REPRESENTATION_CONTEXT('2D SPACE',''
  ) );
#8218 = ORIENTED_EDGE('',*,*,#8219,.T.);
#8219 = EDGE_CURVE('',#8192,#8220,#8222,.T.);
#8220 = VERTEX_POINT('',#8221);
#8221 = CARTESIAN_POINT('',(-4.295263904779,-9.03191386996,-2.));
#8222 = SURFACE_CURVE('',#8223,(#8227,#8234),.PCURVE_S1.);
#8223 = LINE('',#8224,#8225);
#8224 = CARTESIAN_POINT('',(-2.820826691306,-4.148342210141,-2.));
#8225 = VECTOR('',#8226,1.);
#8226 = DIRECTION('',(0.289031796944,0.957319497532,-7.088762831028E-17)
  );
#8227 = PCURVE('',#338,#8228);
#8228 = DEFINITIONAL_REPRESENTATION('',(#8229),#8233);
#8229 = LINE('',#8230,#8231);
#8230 = CARTESIAN_POINT('',(-2.820826691306,-0.851657789859));
#8231 = VECTOR('',#8232,1.);
#8232 = DIRECTION('',(0.289031796944,-0.957319497532));
#8233 = ( GEOMETRIC_REPRESENTATION_CONTEXT(2) 
PARAMETRIC_REPRESENTATION_CONTEXT() REPRESENTATION_CONTEXT('2D SPACE',''
  ) );
#8234 = PCURVE('',#1272,#8235);
#8235 = DEFINITIONAL_REPRESENTATION('',(#8236),#8240);
#8236 = LINE('',#8237,#8238);
#8237 = CARTESIAN_POINT('',(-5.101297604831,-7.));
#8238 = VECTOR('',#8239,1.);
#8239 = DIRECTION('',(-1.,3.539618649799E-17));
#8240 = ( GEOMETRIC_REPRESENTATION_CONTEXT(2) 
PARAMETRIC_REPRESENTATION_CONTEXT() REPRESENTATION_CONTEXT('2D SPACE',''
  ) );
#8241 = ORIENTED_EDGE('',*,*,#8242,.T.);
#8242 = EDGE_CURVE('',#8220,#8243,#8245,.T.);
#8243 = VERTEX_POINT('',#8244);
#8244 = CARTESIAN_POINT('',(-4.417253306094,-9.060526225725,-2.));
#8245 = SURFACE_CURVE('',#8246,(#8250,#8257),.PCURVE_S1.);
#8246 = LINE('',#8247,#8248);
#8247 = CARTESIAN_POINT('',(-4.295263904779,-9.03191386996,-2.));
#8248 = VECTOR('',#8249,1.);
#8249 = DIRECTION('',(-0.973578902873,-0.228350870111,1.218053452939E-17
    ));
#8250 = PCURVE('',#338,#8251);
#8251 = DEFINITIONAL_REPRESENTATION('',(#8252),#8256);
#8252 = LINE('',#8253,#8254);
#8253 = CARTESIAN_POINT('',(-4.295263904779,4.03191386996));
#8254 = VECTOR('',#8255,1.);
#8255 = DIRECTION('',(-0.973578902873,0.228350870111));
#8256 = ( GEOMETRIC_REPRESENTATION_CONTEXT(2) 
PARAMETRIC_REPRESENTATION_CONTEXT() REPRESENTATION_CONTEXT('2D SPACE',''
  ) );
#8257 = PCURVE('',#1244,#8258);
#8258 = DEFINITIONAL_REPRESENTATION('',(#8259),#8263);
#8259 = LINE('',#8260,#8261);
#8260 = CARTESIAN_POINT('',(1.04217604699E-15,-7.));
#8261 = VECTOR('',#8262,1.);
#8262 = DIRECTION('',(-1.,-1.317150483961E-17));
#8263 = ( GEOMETRIC_REPRESENTATION_CONTEXT(2) 
PARAMETRIC_REPRESENTATION_CONTEXT() REPRESENTATION_CONTEXT('2D SPACE',''
  ) );
#8264 = ORIENTED_EDGE('',*,*,#8265,.F.);
#8265 = EDGE_CURVE('',#8266,#8243,#8268,.T.);
#8266 = VERTEX_POINT('',#8267);
#8267 = CARTESIAN_POINT('',(-4.81770278105,-8.576274585859,-2.));
#8268 = SURFACE_CURVE('',#8269,(#8274,#8285),.PCURVE_S1.);
#8269 = CIRCLE('',#8270,6.);
#8270 = AXIS2_PLACEMENT_3D('',#8271,#8272,#8273);
#8271 = CARTESIAN_POINT('',(8.572527594031E-16,-5.,-2.));
#8272 = DIRECTION('',(-1.224646799147E-16,1.110223024625E-16,1.));
#8273 = DIRECTION('',(-1.,-1.359631073447E-32,-1.224646799147E-16));
#8274 = PCURVE('',#338,#8275);
#8275 = DEFINITIONAL_REPRESENTATION('',(#8276),#8284);
#8276 = ( BOUNDED_CURVE() B_SPLINE_CURVE(2,(#8277,#8278,#8279,#8280,
#8281,#8282,#8283),.UNSPECIFIED.,.T.,.F.) B_SPLINE_CURVE_WITH_KNOTS((1,2
    ,2,2,2,1),(-2.094395102393,0.,2.094395102393,4.188790204786,
6.28318530718,8.377580409573),.UNSPECIFIED.) CURVE() 
GEOMETRIC_REPRESENTATION_ITEM() RATIONAL_B_SPLINE_CURVE((1.,0.5,1.,0.5,
1.,0.5,1.)) REPRESENTATION_ITEM('') );
#8277 = CARTESIAN_POINT('',(-6.,0.));
#8278 = CARTESIAN_POINT('',(-6.,10.392304845413));
#8279 = CARTESIAN_POINT('',(3.,5.196152422707));
#8280 = CARTESIAN_POINT('',(12.,1.469576158977E-15));
#8281 = CARTESIAN_POINT('',(3.,-5.196152422707));
#8282 = CARTESIAN_POINT('',(-6.,-10.39230484541));
#8283 = CARTESIAN_POINT('',(-6.,0.));
#8284 = ( GEOMETRIC_REPRESENTATION_CONTEXT(2) 
PARAMETRIC_REPRESENTATION_CONTEXT() REPRESENTATION_CONTEXT('2D SPACE',''
  ) );
#8285 = PCURVE('',#1216,#8286);
#8286 = DEFINITIONAL_REPRESENTATION('',(#8287),#8291);
#8287 = LINE('',#8288,#8289);
#8288 = CARTESIAN_POINT('',(0.,-7.));
#8289 = VECTOR('',#8290,1.);
#8290 = DIRECTION('',(1.,0.));
#8291 = ( GEOMETRIC_REPRESENTATION_CONTEXT(2) 
PARAMETRIC_REPRESENTATION_CONTEXT() REPRESENTATION_CONTEXT('2D SPACE',''
  ) );
#8292 = ORIENTED_EDGE('',*,*,#8293,.T.);
#8293 = EDGE_CURVE('',#8266,#8294,#8296,.T.);
#8294 = VERTEX_POINT('',#8295);
#8295 = CARTESIAN_POINT('',(-4.766727268732,-8.461781710623,-2.));
#8296 = SURFACE_CURVE('',#8297,(#8301,#8308),.PCURVE_S1.);
#8297 = LINE('',#8298,#8299);
#8298 = CARTESIAN_POINT('',(-2.691842605612,-3.801514455646,-2.));
#8299 = VECTOR('',#8300,1.);
#8300 = DIRECTION('',(0.406736643076,0.913545457643,-5.161304730778E-17)
  );
#8301 = PCURVE('',#338,#8302);
#8302 = DEFINITIONAL_REPRESENTATION('',(#8303),#8307);
#8303 = LINE('',#8304,#8305);
#8304 = CARTESIAN_POINT('',(-2.691842605612,-1.198485544354));
#8305 = VECTOR('',#8306,1.);
#8306 = DIRECTION('',(0.406736643076,-0.913545457643));
#8307 = ( GEOMETRIC_REPRESENTATION_CONTEXT(2) 
PARAMETRIC_REPRESENTATION_CONTEXT() REPRESENTATION_CONTEXT('2D SPACE',''
  ) );
#8308 = PCURVE('',#1187,#8309);
#8309 = DEFINITIONAL_REPRESENTATION('',(#8310),#8314);
#8310 = LINE('',#8311,#8312);
#8311 = CARTESIAN_POINT('',(-5.101297604831,-7.));
#8312 = VECTOR('',#8313,1.);
#8313 = DIRECTION('',(-1.,4.981087280387E-17));
#8314 = ( GEOMETRIC_REPRESENTATION_CONTEXT(2) 
PARAMETRIC_REPRESENTATION_CONTEXT() REPRESENTATION_CONTEXT('2D SPACE',''
  ) );
#8315 = ORIENTED_EDGE('',*,*,#8316,.T.);
#8316 = EDGE_CURVE('',#8294,#8317,#8319,.T.);
#8317 = VERTEX_POINT('',#8318);
#8318 = CARTESIAN_POINT('',(-4.891340826249,-8.474879123289,-2.));
#8319 = SURFACE_CURVE('',#8320,(#8324,#8331),.PCURVE_S1.);
#8320 = LINE('',#8321,#8322);
#8321 = CARTESIAN_POINT('',(-4.766727268732,-8.461781710623,-2.));
#8322 = VECTOR('',#8323,1.);
#8323 = DIRECTION('',(-0.994521895368,-0.104528463268,
    -4.131291047137E-18));
#8324 = PCURVE('',#338,#8325);
#8325 = DEFINITIONAL_REPRESENTATION('',(#8326),#8330);
#8326 = LINE('',#8327,#8328);
#8327 = CARTESIAN_POINT('',(-4.766727268732,3.461781710623));
#8328 = VECTOR('',#8329,1.);
#8329 = DIRECTION('',(-0.994521895368,0.104528463268));
#8330 = ( GEOMETRIC_REPRESENTATION_CONTEXT(2) 
PARAMETRIC_REPRESENTATION_CONTEXT() REPRESENTATION_CONTEXT('2D SPACE',''
  ) );
#8331 = PCURVE('',#1159,#8332);
#8332 = DEFINITIONAL_REPRESENTATION('',(#8333),#8337);
#8333 = LINE('',#8334,#8335);
#8334 = CARTESIAN_POINT('',(9.645478200393E-16,-7.));
#8335 = VECTOR('',#8336,1.);
#8336 = DIRECTION('',(-1.,-1.573628171198E-17));
#8337 = ( GEOMETRIC_REPRESENTATION_CONTEXT(2) 
PARAMETRIC_REPRESENTATION_CONTEXT() REPRESENTATION_CONTEXT('2D SPACE',''
  ) );
#8338 = ORIENTED_EDGE('',*,*,#8339,.F.);
#8339 = EDGE_CURVE('',#8340,#8317,#8342,.T.);
#8340 = VERTEX_POINT('',#8341);
#8341 = CARTESIAN_POINT('',(-5.227939813603,-7.944256324667,-2.));
#8342 = SURFACE_CURVE('',#8343,(#8348,#8359),.PCURVE_S1.);
#8343 = CIRCLE('',#8344,6.);
#8344 = AXIS2_PLACEMENT_3D('',#8345,#8346,#8347);
#8345 = CARTESIAN_POINT('',(8.572527594031E-16,-5.,-2.));
#8346 = DIRECTION('',(-1.224646799147E-16,1.110223024625E-16,1.));
#8347 = DIRECTION('',(-1.,-1.359631073447E-32,-1.224646799147E-16));
#8348 = PCURVE('',#338,#8349);
#8349 = DEFINITIONAL_REPRESENTATION('',(#8350),#8358);
#8350 = ( BOUNDED_CURVE() B_SPLINE_CURVE(2,(#8351,#8352,#8353,#8354,
#8355,#8356,#8357),.UNSPECIFIED.,.T.,.F.) B_SPLINE_CURVE_WITH_KNOTS((1,2
    ,2,2,2,1),(-2.094395102393,0.,2.094395102393,4.188790204786,
6.28318530718,8.377580409573),.UNSPECIFIED.) CURVE() 
GEOMETRIC_REPRESENTATION_ITEM() RATIONAL_B_SPLINE_CURVE((1.,0.5,1.,0.5,
1.,0.5,1.)) REPRESENTATION_ITEM('') );
#8351 = CARTESIAN_POINT('',(-6.,0.));
#8352 = CARTESIAN_POINT('',(-6.,10.392304845413));
#8353 = CARTESIAN_POINT('',(3.,5.196152422707));
#8354 = CARTESIAN_POINT('',(12.,1.469576158977E-15));
#8355 = CARTESIAN_POINT('',(3.,-5.196152422707));
#8356 = CARTESIAN_POINT('',(-6.,-10.39230484541));
#8357 = CARTESIAN_POINT('',(-6.,0.));
#8358 = ( GEOMETRIC_REPRESENTATION_CONTEXT(2) 
PARAMETRIC_REPRESENTATION_CONTEXT() REPRESENTATION_CONTEXT('2D SPACE',''
  ) );
#8359 = PCURVE('',#1131,#8360);
#8360 = DEFINITIONAL_REPRESENTATION('',(#8361),#8365);
#8361 = LINE('',#8362,#8363);
#8362 = CARTESIAN_POINT('',(0.,-7.));
#8363 = VECTOR('',#8364,1.);
#8364 = DIRECTION('',(1.,0.));
#8365 = ( GEOMETRIC_REPRESENTATION_CONTEXT(2) 
PARAMETRIC_REPRESENTATION_CONTEXT() REPRESENTATION_CONTEXT('2D SPACE',''
  ) );
#8366 = ORIENTED_EDGE('',*,*,#8367,.T.);
#8367 = EDGE_CURVE('',#8340,#8368,#8370,.T.);
#8368 = VERTEX_POINT('',#8369);
#8369 = CARTESIAN_POINT('',(-5.163016496151,-7.837055185741,-2.));
#8370 = SURFACE_CURVE('',#8371,(#8375,#8382),.PCURVE_S1.);
#8371 = LINE('',#8372,#8373);
#8372 = CARTESIAN_POINT('',(-2.520406553998,-3.473587534126,-2.));
#8373 = VECTOR('',#8374,1.);
#8374 = DIRECTION('',(0.518027009373,0.855364260161,-3.15244977171E-17)
  );
#8375 = PCURVE('',#338,#8376);
#8376 = DEFINITIONAL_REPRESENTATION('',(#8377),#8381);
#8377 = LINE('',#8378,#8379);
#8378 = CARTESIAN_POINT('',(-2.520406553998,-1.526412465874));
#8379 = VECTOR('',#8380,1.);
#8380 = DIRECTION('',(0.518027009373,-0.855364260161));
#8381 = ( GEOMETRIC_REPRESENTATION_CONTEXT(2) 
PARAMETRIC_REPRESENTATION_CONTEXT() REPRESENTATION_CONTEXT('2D SPACE',''
  ) );
#8382 = PCURVE('',#1102,#8383);
#8383 = DEFINITIONAL_REPRESENTATION('',(#8384),#8388);
#8384 = LINE('',#8385,#8386);
#8385 = CARTESIAN_POINT('',(-5.101297604831,-7.));
#8386 = VECTOR('',#8387,1.);
#8387 = DIRECTION('',(-1.,6.344001189007E-17));
#8388 = ( GEOMETRIC_REPRESENTATION_CONTEXT(2) 
PARAMETRIC_REPRESENTATION_CONTEXT() REPRESENTATION_CONTEXT('2D SPACE',''
  ) );
#8389 = ORIENTED_EDGE('',*,*,#8390,.T.);
#8390 = EDGE_CURVE('',#8368,#8391,#8393,.T.);
#8391 = VERTEX_POINT('',#8392);
#8392 = CARTESIAN_POINT('',(-5.288288979628,-7.834431101287,-2.));
#8393 = SURFACE_CURVE('',#8394,(#8398,#8405),.PCURVE_S1.);
#8394 = LINE('',#8395,#8396);
#8395 = CARTESIAN_POINT('',(-5.163016496151,-7.837055185741,-2.));
#8396 = VECTOR('',#8397,1.);
#8397 = DIRECTION('',(-0.999780683475,2.094241988336E-02,
    -1.870537318878E-17));
#8398 = PCURVE('',#338,#8399);
#8399 = DEFINITIONAL_REPRESENTATION('',(#8400),#8404);
#8400 = LINE('',#8401,#8402);
#8401 = CARTESIAN_POINT('',(-5.163016496151,2.837055185741));
#8402 = VECTOR('',#8403,1.);
#8403 = DIRECTION('',(-0.999780683475,-2.094241988336E-02));
#8404 = ( GEOMETRIC_REPRESENTATION_CONTEXT(2) 
PARAMETRIC_REPRESENTATION_CONTEXT() REPRESENTATION_CONTEXT('2D SPACE',''
  ) );
#8405 = PCURVE('',#1074,#8406);
#8406 = DEFINITIONAL_REPRESENTATION('',(#8407),#8411);
#8407 = LINE('',#8408,#8409);
#8408 = CARTESIAN_POINT('',(8.9030870317E-16,-7.));
#8409 = VECTOR('',#8410,1.);
#8410 = DIRECTION('',(-1.,-1.638029751419E-17));
#8411 = ( GEOMETRIC_REPRESENTATION_CONTEXT(2) 
PARAMETRIC_REPRESENTATION_CONTEXT() REPRESENTATION_CONTEXT('2D SPACE',''
  ) );
#8412 = ORIENTED_EDGE('',*,*,#8413,.F.);
#8413 = EDGE_CURVE('',#8414,#8391,#8416,.T.);
#8414 = VERTEX_POINT('',#8415);
#8415 = CARTESIAN_POINT('',(-5.555729112276,-7.265805382422,-2.));
#8416 = SURFACE_CURVE('',#8417,(#8422,#8433),.PCURVE_S1.);
#8417 = CIRCLE('',#8418,6.);
#8418 = AXIS2_PLACEMENT_3D('',#8419,#8420,#8421);
#8419 = CARTESIAN_POINT('',(8.572527594031E-16,-5.,-2.));
#8420 = DIRECTION('',(-1.224646799147E-16,1.110223024625E-16,1.));
#8421 = DIRECTION('',(-1.,-1.359631073447E-32,-1.224646799147E-16));
#8422 = PCURVE('',#338,#8423);
#8423 = DEFINITIONAL_REPRESENTATION('',(#8424),#8432);
#8424 = ( BOUNDED_CURVE() B_SPLINE_CURVE(2,(#8425,#8426,#8427,#8428,
#8429,#8430,#8431),.UNSPECIFIED.,.T.,.F.) B_SPLINE_CURVE_WITH_KNOTS((1,2
    ,2,2,2,1),(-2.094395102393,0.,2.094395102393,4.188790204786,
6.28318530718,8.377580409573),.UNSPECIFIED.) CURVE() 
GEOMETRIC_REPRESENTATION_ITEM() RATIONAL_B_SPLINE_CURVE((1.,0.5,1.,0.5,
1.,0.5,1.)) REPRESENTATION_ITEM('') );
#8425 = CARTESIAN_POINT('',(-6.,0.));
#8426 = CARTESIAN_POINT('',(-6.,10.392304845413));
#8427 = CARTESIAN_POINT('',(3.,5.196152422707));
#8428 = CARTESIAN_POINT('',(12.,1.469576158977E-15));
#8429 = CARTESIAN_POINT('',(3.,-5.196152422707));
#8430 = CARTESIAN_POINT('',(-6.,-10.39230484541));
#8431 = CARTESIAN_POINT('',(-6.,0.));
#8432 = ( GEOMETRIC_REPRESENTATION_CONTEXT(2) 
PARAMETRIC_REPRESENTATION_CONTEXT() REPRESENTATION_CONTEXT('2D SPACE',''
  ) );
#8433 = PCURVE('',#1046,#8434);
#8434 = DEFINITIONAL_REPRESENTATION('',(#8435),#8439);
#8435 = LINE('',#8436,#8437);
#8436 = CARTESIAN_POINT('',(-5.551115123126E-17,-7.));
#8437 = VECTOR('',#8438,1.);
#8438 = DIRECTION('',(1.,0.));
#8439 = ( GEOMETRIC_REPRESENTATION_CONTEXT(2) 
PARAMETRIC_REPRESENTATION_CONTEXT() REPRESENTATION_CONTEXT('2D SPACE',''
  ) );
#8440 = ORIENTED_EDGE('',*,*,#8441,.T.);
#8441 = EDGE_CURVE('',#8414,#8442,#8444,.T.);
#8442 = VERTEX_POINT('',#8443);
#8443 = CARTESIAN_POINT('',(-5.47788186919,-7.167586605806,-2.));
#8444 = SURFACE_CURVE('',#8445,(#8449,#8456),.PCURVE_S1.);
#8445 = LINE('',#8446,#8447);
#8446 = CARTESIAN_POINT('',(-2.30922218541,-3.169733049027,-2.));
#8447 = VECTOR('',#8448,1.);
#8448 = DIRECTION('',(0.621147780278,0.783693457326,-1.093878796559E-17)
  );
#8449 = PCURVE('',#338,#8450);
#8450 = DEFINITIONAL_REPRESENTATION('',(#8451),#8455);
#8451 = LINE('',#8452,#8453);
#8452 = CARTESIAN_POINT('',(-2.30922218541,-1.830266950973));
#8453 = VECTOR('',#8454,1.);
#8454 = DIRECTION('',(0.621147780278,-0.783693457326));
#8455 = ( GEOMETRIC_REPRESENTATION_CONTEXT(2) 
PARAMETRIC_REPRESENTATION_CONTEXT() REPRESENTATION_CONTEXT('2D SPACE',''
  ) );
#8456 = PCURVE('',#1017,#8457);
#8457 = DEFINITIONAL_REPRESENTATION('',(#8458),#8462);
#8458 = LINE('',#8459,#8460);
#8459 = CARTESIAN_POINT('',(-5.101297604831,-7.));
#8460 = VECTOR('',#8461,1.);
#8461 = DIRECTION('',(-1.,7.606866409153E-17));
#8462 = ( GEOMETRIC_REPRESENTATION_CONTEXT(2) 
PARAMETRIC_REPRESENTATION_CONTEXT() REPRESENTATION_CONTEXT('2D SPACE',''
  ) );
#8463 = ORIENTED_EDGE('',*,*,#8464,.T.);
#8464 = EDGE_CURVE('',#8442,#8465,#8467,.T.);
#8465 = VERTEX_POINT('',#8466);
#8466 = CARTESIAN_POINT('',(-5.601837656728,-7.149282407611,-2.));
#8467 = SURFACE_CURVE('',#8468,(#8472,#8479),.PCURVE_S1.);
#8468 = LINE('',#8469,#8470);
#8469 = CARTESIAN_POINT('',(-5.47788186919,-7.167586605806,-2.));
#8470 = VECTOR('',#8471,1.);
#8471 = DIRECTION('',(-0.989272332963,0.146083028562,-3.131186991402E-17
    ));
#8472 = PCURVE('',#338,#8473);
#8473 = DEFINITIONAL_REPRESENTATION('',(#8474),#8478);
#8474 = LINE('',#8475,#8476);
#8475 = CARTESIAN_POINT('',(-5.47788186919,2.167586605806));
#8476 = VECTOR('',#8477,1.);
#8477 = DIRECTION('',(-0.989272332963,-0.146083028562));
#8478 = ( GEOMETRIC_REPRESENTATION_CONTEXT(2) 
PARAMETRIC_REPRESENTATION_CONTEXT() REPRESENTATION_CONTEXT('2D SPACE',''
  ) );
#8479 = PCURVE('',#989,#8480);
#8480 = DEFINITIONAL_REPRESENTATION('',(#8481),#8485);
#8481 = LINE('',#8482,#8483);
#8482 = CARTESIAN_POINT('',(8.948688115258E-16,-7.));
#8483 = VECTOR('',#8484,1.);
#8484 = DIRECTION('',(-1.,-1.509339573233E-17));
#8485 = ( GEOMETRIC_REPRESENTATION_CONTEXT(2) 
PARAMETRIC_REPRESENTATION_CONTEXT() REPRESENTATION_CONTEXT('2D SPACE',''
  ) );
#8486 = ORIENTED_EDGE('',*,*,#8487,.F.);
#8487 = EDGE_CURVE('',#8488,#8465,#8490,.T.);
#8488 = VERTEX_POINT('',#8489);
#8489 = CARTESIAN_POINT('',(-5.795901244016,-6.55162133577,-2.));
#8490 = SURFACE_CURVE('',#8491,(#8496,#8507),.PCURVE_S1.);
#8491 = CIRCLE('',#8492,6.);
#8492 = AXIS2_PLACEMENT_3D('',#8493,#8494,#8495);
#8493 = CARTESIAN_POINT('',(8.572527594031E-16,-5.,-2.));
#8494 = DIRECTION('',(-1.224646799147E-16,1.110223024625E-16,1.));
#8495 = DIRECTION('',(-1.,-1.359631073447E-32,-1.224646799147E-16));
#8496 = PCURVE('',#338,#8497);
#8497 = DEFINITIONAL_REPRESENTATION('',(#8498),#8506);
#8498 = ( BOUNDED_CURVE() B_SPLINE_CURVE(2,(#8499,#8500,#8501,#8502,
#8503,#8504,#8505),.UNSPECIFIED.,.T.,.F.) B_SPLINE_CURVE_WITH_KNOTS((1,2
    ,2,2,2,1),(-2.094395102393,0.,2.094395102393,4.188790204786,
6.28318530718,8.377580409573),.UNSPECIFIED.) CURVE() 
GEOMETRIC_REPRESENTATION_ITEM() RATIONAL_B_SPLINE_CURVE((1.,0.5,1.,0.5,
1.,0.5,1.)) REPRESENTATION_ITEM('') );
#8499 = CARTESIAN_POINT('',(-6.,0.));
#8500 = CARTESIAN_POINT('',(-6.,10.392304845413));
#8501 = CARTESIAN_POINT('',(3.,5.196152422707));
#8502 = CARTESIAN_POINT('',(12.,1.469576158977E-15));
#8503 = CARTESIAN_POINT('',(3.,-5.196152422707));
#8504 = CARTESIAN_POINT('',(-6.,-10.39230484541));
#8505 = CARTESIAN_POINT('',(-6.,0.));
#8506 = ( GEOMETRIC_REPRESENTATION_CONTEXT(2) 
PARAMETRIC_REPRESENTATION_CONTEXT() REPRESENTATION_CONTEXT('2D SPACE',''
  ) );
#8507 = PCURVE('',#961,#8508);
#8508 = DEFINITIONAL_REPRESENTATION('',(#8509),#8513);
#8509 = LINE('',#8510,#8511);
#8510 = CARTESIAN_POINT('',(0.,-7.));
#8511 = VECTOR('',#8512,1.);
#8512 = DIRECTION('',(1.,0.));
#8513 = ( GEOMETRIC_REPRESENTATION_CONTEXT(2) 
PARAMETRIC_REPRESENTATION_CONTEXT() REPRESENTATION_CONTEXT('2D SPACE',''
  ) );
#8514 = ORIENTED_EDGE('',*,*,#8515,.T.);
#8515 = EDGE_CURVE('',#8488,#8516,#8518,.T.);
#8516 = VERTEX_POINT('',#8517);
#8517 = CARTESIAN_POINT('',(-5.706357772824,-6.463933890243,-2.));
#8518 = SURFACE_CURVE('',#8519,(#8523,#8530),.PCURVE_S1.);
#8519 = LINE('',#8520,#8521);
#8520 = CARTESIAN_POINT('',(-2.061620003496,-2.894742967094,-2.));
#8521 = VECTOR('',#8522,1.);
#8522 = DIRECTION('',(0.714472679633,0.699663340513,9.819433006645E-18)
  );
#8523 = PCURVE('',#338,#8524);
#8524 = DEFINITIONAL_REPRESENTATION('',(#8525),#8529);
#8525 = LINE('',#8526,#8527);
#8526 = CARTESIAN_POINT('',(-2.061620003496,-2.105257032906));
#8527 = VECTOR('',#8528,1.);
#8528 = DIRECTION('',(0.714472679633,-0.699663340513));
#8529 = ( GEOMETRIC_REPRESENTATION_CONTEXT(2) 
PARAMETRIC_REPRESENTATION_CONTEXT() REPRESENTATION_CONTEXT('2D SPACE',''
  ) );
#8530 = PCURVE('',#932,#8531);
#8531 = DEFINITIONAL_REPRESENTATION('',(#8532),#8536);
#8532 = LINE('',#8533,#8534);
#8533 = CARTESIAN_POINT('',(-5.101297604831,-7.));
#8534 = VECTOR('',#8535,1.);
#8535 = DIRECTION('',(-1.,8.749766801905E-17));
#8536 = ( GEOMETRIC_REPRESENTATION_CONTEXT(2) 
PARAMETRIC_REPRESENTATION_CONTEXT() REPRESENTATION_CONTEXT('2D SPACE',''
  ) );
#8537 = ORIENTED_EDGE('',*,*,#8538,.T.);
#8538 = EDGE_CURVE('',#8516,#8539,#8541,.T.);
#8539 = VERTEX_POINT('',#8540);
#8540 = CARTESIAN_POINT('',(-5.827042007606,-6.430238246447,-2.));
#8541 = SURFACE_CURVE('',#8542,(#8546,#8553),.PCURVE_S1.);
#8542 = LINE('',#8543,#8544);
#8543 = CARTESIAN_POINT('',(-5.706357772824,-6.463933890243,-2.));
#8544 = VECTOR('',#8545,1.);
#8545 = DIRECTION('',(-0.963162566798,0.268919820615,-4.175196923875E-17
    ));
#8546 = PCURVE('',#338,#8547);
#8547 = DEFINITIONAL_REPRESENTATION('',(#8548),#8552);
#8548 = LINE('',#8549,#8550);
#8549 = CARTESIAN_POINT('',(-5.706357772824,1.463933890243));
#8550 = VECTOR('',#8551,1.);
#8551 = DIRECTION('',(-0.963162566798,-0.268919820615));
#8552 = ( GEOMETRIC_REPRESENTATION_CONTEXT(2) 
PARAMETRIC_REPRESENTATION_CONTEXT() REPRESENTATION_CONTEXT('2D SPACE',''
  ) );
#8553 = PCURVE('',#904,#8554);
#8554 = DEFINITIONAL_REPRESENTATION('',(#8555),#8559);
#8555 = LINE('',#8556,#8557);
#8556 = CARTESIAN_POINT('',(8.853163041552E-16,-7.));
#8557 = VECTOR('',#8558,1.);
#8558 = DIRECTION('',(-1.,-1.189587157624E-17));
#8559 = ( GEOMETRIC_REPRESENTATION_CONTEXT(2) 
PARAMETRIC_REPRESENTATION_CONTEXT() REPRESENTATION_CONTEXT('2D SPACE',''
  ) );
#8560 = ORIENTED_EDGE('',*,*,#8561,.F.);
#8561 = EDGE_CURVE('',#8562,#8539,#8564,.T.);
#8562 = VERTEX_POINT('',#8563);
#8563 = CARTESIAN_POINT('',(-5.944668550834,-5.812967293758,-2.));
#8564 = SURFACE_CURVE('',#8565,(#8570,#8581),.PCURVE_S1.);
#8565 = CIRCLE('',#8566,6.);
#8566 = AXIS2_PLACEMENT_3D('',#8567,#8568,#8569);
#8567 = CARTESIAN_POINT('',(8.572527594031E-16,-5.,-2.));
#8568 = DIRECTION('',(-1.224646799147E-16,1.110223024625E-16,1.));
#8569 = DIRECTION('',(-1.,-1.359631073447E-32,-1.224646799147E-16));
#8570 = PCURVE('',#338,#8571);
#8571 = DEFINITIONAL_REPRESENTATION('',(#8572),#8580);
#8572 = ( BOUNDED_CURVE() B_SPLINE_CURVE(2,(#8573,#8574,#8575,#8576,
#8577,#8578,#8579),.UNSPECIFIED.,.T.,.F.) B_SPLINE_CURVE_WITH_KNOTS((1,2
    ,2,2,2,1),(-2.094395102393,0.,2.094395102393,4.188790204786,
6.28318530718,8.377580409573),.UNSPECIFIED.) CURVE() 
GEOMETRIC_REPRESENTATION_ITEM() RATIONAL_B_SPLINE_CURVE((1.,0.5,1.,0.5,
1.,0.5,1.)) REPRESENTATION_ITEM('') );
#8573 = CARTESIAN_POINT('',(-6.,0.));
#8574 = CARTESIAN_POINT('',(-6.,10.392304845413));
#8575 = CARTESIAN_POINT('',(3.,5.196152422707));
#8576 = CARTESIAN_POINT('',(12.,1.469576158977E-15));
#8577 = CARTESIAN_POINT('',(3.,-5.196152422707));
#8578 = CARTESIAN_POINT('',(-6.,-10.39230484541));
#8579 = CARTESIAN_POINT('',(-6.,0.));
#8580 = ( GEOMETRIC_REPRESENTATION_CONTEXT(2) 
PARAMETRIC_REPRESENTATION_CONTEXT() REPRESENTATION_CONTEXT('2D SPACE',''
  ) );
#8581 = PCURVE('',#876,#8582);
#8582 = DEFINITIONAL_REPRESENTATION('',(#8583),#8587);
#8583 = LINE('',#8584,#8585);
#8584 = CARTESIAN_POINT('',(0.,-7.));
#8585 = VECTOR('',#8586,1.);
#8586 = DIRECTION('',(1.,0.));
#8587 = ( GEOMETRIC_REPRESENTATION_CONTEXT(2) 
PARAMETRIC_REPRESENTATION_CONTEXT() REPRESENTATION_CONTEXT('2D SPACE',''
  ) );
#8588 = ORIENTED_EDGE('',*,*,#8589,.T.);
#8589 = EDGE_CURVE('',#8562,#8590,#8592,.T.);
#8590 = VERTEX_POINT('',#8591);
#8591 = CARTESIAN_POINT('',(-5.844841005567,-5.73719406272,-2.));
#8592 = SURFACE_CURVE('',#8593,(#8597,#8604),.PCURVE_S1.);
#8593 = LINE('',#8594,#8595);
#8594 = CARTESIAN_POINT('',(-1.781504842574,-2.65295404619,-2.));
#8595 = VECTOR('',#8596,1.);
#8596 = DIRECTION('',(0.796529918024,0.604599114862,3.042279565452E-17)
  );
#8597 = PCURVE('',#338,#8598);
#8598 = DEFINITIONAL_REPRESENTATION('',(#8599),#8603);
#8599 = LINE('',#8600,#8601);
#8600 = CARTESIAN_POINT('',(-1.781504842574,-2.34704595381));
#8601 = VECTOR('',#8602,1.);
#8602 = DIRECTION('',(0.796529918024,-0.604599114862));
#8603 = ( GEOMETRIC_REPRESENTATION_CONTEXT(2) 
PARAMETRIC_REPRESENTATION_CONTEXT() REPRESENTATION_CONTEXT('2D SPACE',''
  ) );
#8604 = PCURVE('',#847,#8605);
#8605 = DEFINITIONAL_REPRESENTATION('',(#8606),#8610);
#8606 = LINE('',#8607,#8608);
#8607 = CARTESIAN_POINT('',(-5.101297604831,-7.));
#8608 = VECTOR('',#8609,1.);
#8609 = DIRECTION('',(-1.,9.754678145334E-17));
#8610 = ( GEOMETRIC_REPRESENTATION_CONTEXT(2) 
PARAMETRIC_REPRESENTATION_CONTEXT() REPRESENTATION_CONTEXT('2D SPACE',''
  ) );
#8611 = ORIENTED_EDGE('',*,*,#8612,.T.);
#8612 = EDGE_CURVE('',#8590,#8613,#8615,.T.);
#8613 = VERTEX_POINT('',#8614);
#8614 = CARTESIAN_POINT('',(-5.960350425117,-5.688638373754,-2.));
#8615 = SURFACE_CURVE('',#8616,(#8620,#8627),.PCURVE_S1.);
#8616 = LINE('',#8617,#8618);
#8617 = CARTESIAN_POINT('',(-5.844841005567,-5.73719406272,-2.));
#8618 = VECTOR('',#8619,1.);
#8619 = DIRECTION('',(-0.921863151589,0.387515586452,-4.986102456001E-17
    ));
#8620 = PCURVE('',#338,#8621);
#8621 = DEFINITIONAL_REPRESENTATION('',(#8622),#8626);
#8622 = LINE('',#8623,#8624);
#8623 = CARTESIAN_POINT('',(-5.844841005567,0.73719406272));
#8624 = VECTOR('',#8625,1.);
#8625 = DIRECTION('',(-0.921863151589,-0.387515586452));
#8626 = ( GEOMETRIC_REPRESENTATION_CONTEXT(2) 
PARAMETRIC_REPRESENTATION_CONTEXT() REPRESENTATION_CONTEXT('2D SPACE',''
  ) );
#8627 = PCURVE('',#819,#8628);
#8628 = DEFINITIONAL_REPRESENTATION('',(#8629),#8633);
#8629 = LINE('',#8630,#8631);
#8630 = CARTESIAN_POINT('',(8.618018298057E-16,-7.));
#8631 = VECTOR('',#8632,1.);
#8632 = DIRECTION('',(-1.,-6.838151911984E-18));
#8633 = ( GEOMETRIC_REPRESENTATION_CONTEXT(2) 
PARAMETRIC_REPRESENTATION_CONTEXT() REPRESENTATION_CONTEXT('2D SPACE',''
  ) );
#8634 = ORIENTED_EDGE('',*,*,#8635,.F.);
#8635 = EDGE_CURVE('',#8636,#8613,#8638,.T.);
#8636 = VERTEX_POINT('',#8637);
#8637 = CARTESIAN_POINT('',(-5.999684883433,-5.061492271881,-2.));
#8638 = SURFACE_CURVE('',#8639,(#8644,#8655),.PCURVE_S1.);
#8639 = CIRCLE('',#8640,6.);
#8640 = AXIS2_PLACEMENT_3D('',#8641,#8642,#8643);
#8641 = CARTESIAN_POINT('',(8.572527594031E-16,-5.,-2.));
#8642 = DIRECTION('',(-1.224646799147E-16,1.110223024625E-16,1.));
#8643 = DIRECTION('',(-1.,-1.359631073447E-32,-1.224646799147E-16));
#8644 = PCURVE('',#338,#8645);
#8645 = DEFINITIONAL_REPRESENTATION('',(#8646),#8654);
#8646 = ( BOUNDED_CURVE() B_SPLINE_CURVE(2,(#8647,#8648,#8649,#8650,
#8651,#8652,#8653),.UNSPECIFIED.,.T.,.F.) B_SPLINE_CURVE_WITH_KNOTS((1,2
    ,2,2,2,1),(-2.094395102393,0.,2.094395102393,4.188790204786,
6.28318530718,8.377580409573),.UNSPECIFIED.) CURVE() 
GEOMETRIC_REPRESENTATION_ITEM() RATIONAL_B_SPLINE_CURVE((1.,0.5,1.,0.5,
1.,0.5,1.)) REPRESENTATION_ITEM('') );
#8647 = CARTESIAN_POINT('',(-6.,0.));
#8648 = CARTESIAN_POINT('',(-6.,10.392304845413));
#8649 = CARTESIAN_POINT('',(3.,5.196152422707));
#8650 = CARTESIAN_POINT('',(12.,1.469576158977E-15));
#8651 = CARTESIAN_POINT('',(3.,-5.196152422707));
#8652 = CARTESIAN_POINT('',(-6.,-10.39230484541));
#8653 = CARTESIAN_POINT('',(-6.,0.));
#8654 = ( GEOMETRIC_REPRESENTATION_CONTEXT(2) 
PARAMETRIC_REPRESENTATION_CONTEXT() REPRESENTATION_CONTEXT('2D SPACE',''
  ) );
#8655 = PCURVE('',#791,#8656);
#8656 = DEFINITIONAL_REPRESENTATION('',(#8657),#8661);
#8657 = LINE('',#8658,#8659);
#8658 = CARTESIAN_POINT('',(-1.734723475977E-18,-7.));
#8659 = VECTOR('',#8660,1.);
#8660 = DIRECTION('',(1.,0.));
#8661 = ( GEOMETRIC_REPRESENTATION_CONTEXT(2) 
PARAMETRIC_REPRESENTATION_CONTEXT() REPRESENTATION_CONTEXT('2D SPACE',''
  ) );
#8662 = ORIENTED_EDGE('',*,*,#8663,.T.);
#8663 = EDGE_CURVE('',#8636,#8664,#8666,.T.);
#8664 = VERTEX_POINT('',#8665);
#8665 = CARTESIAN_POINT('',(-5.891147604114,-4.998828244449,-2.));
#8666 = SURFACE_CURVE('',#8667,(#8671,#8678),.PCURVE_S1.);
#8667 = LINE('',#8668,#8669);
#8668 = CARTESIAN_POINT('',(-1.473294286065,-2.448179442034,-2.));
#8669 = VECTOR('',#8670,1.);
#8670 = DIRECTION('',(0.866025403784,0.5,5.054637264123E-17));
#8671 = PCURVE('',#338,#8672);
#8672 = DEFINITIONAL_REPRESENTATION('',(#8673),#8677);
#8673 = LINE('',#8674,#8675);
#8674 = CARTESIAN_POINT('',(-1.473294286065,-2.551820557966));
#8675 = VECTOR('',#8676,1.);
#8676 = DIRECTION('',(0.866025403784,-0.5));
#8677 = ( GEOMETRIC_REPRESENTATION_CONTEXT(2) 
PARAMETRIC_REPRESENTATION_CONTEXT() REPRESENTATION_CONTEXT('2D SPACE',''
  ) );
#8678 = PCURVE('',#762,#8679);
#8679 = DEFINITIONAL_REPRESENTATION('',(#8680),#8684);
#8680 = LINE('',#8681,#8682);
#8681 = CARTESIAN_POINT('',(-5.101297604831,-7.));
#8682 = VECTOR('',#8683,1.);
#8683 = DIRECTION('',(-1.,1.060575238725E-16));
#8684 = ( GEOMETRIC_REPRESENTATION_CONTEXT(2) 
PARAMETRIC_REPRESENTATION_CONTEXT() REPRESENTATION_CONTEXT('2D SPACE',''
  ) );
#8685 = ORIENTED_EDGE('',*,*,#8686,.T.);
#8686 = EDGE_CURVE('',#8664,#4909,#8687,.T.);
#8687 = SURFACE_CURVE('',#8688,(#8692,#8699),.PCURVE_S1.);
#8688 = LINE('',#8689,#8690);
#8689 = CARTESIAN_POINT('',(-5.891147604114,-4.998828244449,-2.));
#8690 = VECTOR('',#8691,1.);
#8691 = DIRECTION('',(-0.866025403784,0.5,-5.551115123126E-17));
#8692 = PCURVE('',#338,#8693);
#8693 = DEFINITIONAL_REPRESENTATION('',(#8694),#8698);
#8694 = LINE('',#8695,#8696);
#8695 = CARTESIAN_POINT('',(-5.891147604114,-1.171755550656E-03));
#8696 = VECTOR('',#8697,1.);
#8697 = DIRECTION('',(-0.866025403784,-0.5));
#8698 = ( GEOMETRIC_REPRESENTATION_CONTEXT(2) 
PARAMETRIC_REPRESENTATION_CONTEXT() REPRESENTATION_CONTEXT('2D SPACE',''
  ) );
#8699 = PCURVE('',#734,#8700);
#8700 = DEFINITIONAL_REPRESENTATION('',(#8701),#8705);
#8701 = LINE('',#8702,#8703);
#8702 = CARTESIAN_POINT('',(8.246962257847E-16,-7.));
#8703 = VECTOR('',#8704,1.);
#8704 = DIRECTION('',(-1.,0.));
#8705 = ( GEOMETRIC_REPRESENTATION_CONTEXT(2) 
PARAMETRIC_REPRESENTATION_CONTEXT() REPRESENTATION_CONTEXT('2D SPACE',''
  ) );
#8706 = ADVANCED_FACE('',(#8707),#4786,.T.);
#8707 = FACE_BOUND('',#8708,.T.);
#8708 = EDGE_LOOP('',(#8709,#8710,#8731,#8732));
#8709 = ORIENTED_EDGE('',*,*,#5157,.T.);
#8710 = ORIENTED_EDGE('',*,*,#8711,.T.);
#8711 = EDGE_CURVE('',#5135,#4770,#8712,.T.);
#8712 = SURFACE_CURVE('',#8713,(#8717,#8724),.PCURVE_S1.);
#8713 = LINE('',#8714,#8715);
#8714 = CARTESIAN_POINT('',(-5.795298366228,-3.446128433107,5.));
#8715 = VECTOR('',#8716,1.);
#8716 = DIRECTION('',(-1.224646799147E-16,1.110223024625E-16,1.));
#8717 = PCURVE('',#4786,#8718);
#8718 = DEFINITIONAL_REPRESENTATION('',(#8719),#8723);
#8719 = LINE('',#8720,#8721);
#8720 = CARTESIAN_POINT('',(6.021220738052,0.));
#8721 = VECTOR('',#8722,1.);
#8722 = DIRECTION('',(0.,1.));
#8723 = ( GEOMETRIC_REPRESENTATION_CONTEXT(2) 
PARAMETRIC_REPRESENTATION_CONTEXT() REPRESENTATION_CONTEXT('2D SPACE',''
  ) );
#8724 = PCURVE('',#4814,#8725);
#8725 = DEFINITIONAL_REPRESENTATION('',(#8726),#8730);
#8726 = LINE('',#8727,#8728);
#8727 = CARTESIAN_POINT('',(-0.12529996383,9.733080037395E-18));
#8728 = VECTOR('',#8729,1.);
#8729 = DIRECTION('',(-8.749766801906E-17,1.));
#8730 = ( GEOMETRIC_REPRESENTATION_CONTEXT(2) 
PARAMETRIC_REPRESENTATION_CONTEXT() REPRESENTATION_CONTEXT('2D SPACE',''
  ) );
#8731 = ORIENTED_EDGE('',*,*,#4769,.F.);
#8732 = ORIENTED_EDGE('',*,*,#8733,.T.);
#8733 = EDGE_CURVE('',#4742,#5158,#8734,.T.);
#8734 = SURFACE_CURVE('',#8735,(#8739,#8746),.PCURVE_S1.);
#8735 = LINE('',#8736,#8737);
#8736 = CARTESIAN_POINT('',(-5.601002742435,-2.848542754496,5.));
#8737 = VECTOR('',#8738,1.);
#8738 = DIRECTION('',(1.224646799147E-16,-1.110223024625E-16,-1.));
#8739 = PCURVE('',#4786,#8740);
#8740 = DEFINITIONAL_REPRESENTATION('',(#8741),#8745);
#8741 = LINE('',#8742,#8743);
#8742 = CARTESIAN_POINT('',(5.916443080152,0.));
#8743 = VECTOR('',#8744,1.);
#8744 = DIRECTION('',(0.,-1.));
#8745 = ( GEOMETRIC_REPRESENTATION_CONTEXT(2) 
PARAMETRIC_REPRESENTATION_CONTEXT() REPRESENTATION_CONTEXT('2D SPACE',''
  ) );
#8746 = PCURVE('',#4757,#8747);
#8747 = DEFINITIONAL_REPRESENTATION('',(#8748),#8752);
#8748 = LINE('',#8749,#8750);
#8749 = CARTESIAN_POINT('',(0.125328054864,-2.032629822057E-18));
#8750 = VECTOR('',#8751,1.);
#8751 = DIRECTION('',(-1.211509196048E-16,-1.));
#8752 = ( GEOMETRIC_REPRESENTATION_CONTEXT(2) 
PARAMETRIC_REPRESENTATION_CONTEXT() REPRESENTATION_CONTEXT('2D SPACE',''
  ) );
#8753 = ADVANCED_FACE('',(#8754),#4701,.T.);
#8754 = FACE_BOUND('',#8755,.T.);
#8755 = EDGE_LOOP('',(#8756,#8757,#8778,#8779));
#8756 = ORIENTED_EDGE('',*,*,#5231,.T.);
#8757 = ORIENTED_EDGE('',*,*,#8758,.T.);
#8758 = EDGE_CURVE('',#5209,#4685,#8759,.T.);
#8759 = SURFACE_CURVE('',#8760,(#8764,#8771),.PCURVE_S1.);
#8760 = LINE('',#8761,#8762);
#8761 = CARTESIAN_POINT('',(-5.554848959616,-2.732037690822,5.));
#8762 = VECTOR('',#8763,1.);
#8763 = DIRECTION('',(-1.224646799147E-16,1.110223024625E-16,1.));
#8764 = PCURVE('',#4701,#8765);
#8765 = DEFINITIONAL_REPRESENTATION('',(#8766),#8770);
#8766 = LINE('',#8767,#8768);
#8767 = CARTESIAN_POINT('',(5.895557031908,0.));
#8768 = VECTOR('',#8769,1.);
#8769 = DIRECTION('',(0.,1.));
#8770 = ( GEOMETRIC_REPRESENTATION_CONTEXT(2) 
PARAMETRIC_REPRESENTATION_CONTEXT() REPRESENTATION_CONTEXT('2D SPACE',''
  ) );
#8771 = PCURVE('',#4729,#8772);
#8772 = DEFINITIONAL_REPRESENTATION('',(#8773),#8777);
#8773 = LINE('',#8774,#8775);
#8774 = CARTESIAN_POINT('',(-0.12529996383,1.090203059566E-17));
#8775 = VECTOR('',#8776,1.);
#8776 = DIRECTION('',(-7.606866409153E-17,1.));
#8777 = ( GEOMETRIC_REPRESENTATION_CONTEXT(2) 
PARAMETRIC_REPRESENTATION_CONTEXT() REPRESENTATION_CONTEXT('2D SPACE',''
  ) );
#8778 = ORIENTED_EDGE('',*,*,#4684,.F.);
#8779 = ORIENTED_EDGE('',*,*,#8780,.T.);
#8780 = EDGE_CURVE('',#4657,#5232,#8781,.T.);
#8781 = SURFACE_CURVE('',#8782,(#8786,#8793),.PCURVE_S1.);
#8782 = LINE('',#8783,#8784);
#8783 = CARTESIAN_POINT('',(-5.287188069419,-2.163515852574,5.));
#8784 = VECTOR('',#8785,1.);
#8785 = DIRECTION('',(1.224646799147E-16,-1.110223024625E-16,-1.));
#8786 = PCURVE('',#4701,#8787);
#8787 = DEFINITIONAL_REPRESENTATION('',(#8788),#8792);
#8788 = LINE('',#8789,#8790);
#8789 = CARTESIAN_POINT('',(5.790779374008,0.));
#8790 = VECTOR('',#8791,1.);
#8791 = DIRECTION('',(0.,-1.));
#8792 = ( GEOMETRIC_REPRESENTATION_CONTEXT(2) 
PARAMETRIC_REPRESENTATION_CONTEXT() REPRESENTATION_CONTEXT('2D SPACE',''
  ) );
#8793 = PCURVE('',#4672,#8794);
#8794 = DEFINITIONAL_REPRESENTATION('',(#8795),#8799);
#8795 = LINE('',#8796,#8797);
#8796 = CARTESIAN_POINT('',(0.125328054864,-2.913972117083E-19));
#8797 = VECTOR('',#8798,1.);
#8798 = DIRECTION('',(-1.224378213867E-16,-1.));
#8799 = ( GEOMETRIC_REPRESENTATION_CONTEXT(2) 
PARAMETRIC_REPRESENTATION_CONTEXT() REPRESENTATION_CONTEXT('2D SPACE',''
  ) );
#8800 = ADVANCED_FACE('',(#8801),#4616,.T.);
#8801 = FACE_BOUND('',#8802,.T.);
#8802 = EDGE_LOOP('',(#8803,#8804,#8825,#8826));
#8803 = ORIENTED_EDGE('',*,*,#5305,.T.);
#8804 = ORIENTED_EDGE('',*,*,#8805,.T.);
#8805 = EDGE_CURVE('',#5283,#4600,#8806,.T.);
#8806 = SURFACE_CURVE('',#8807,(#8811,#8818),.PCURVE_S1.);
#8807 = LINE('',#8808,#8809);
#8808 = CARTESIAN_POINT('',(-5.226796266605,-2.053714068967,5.));
#8809 = VECTOR('',#8810,1.);
#8810 = DIRECTION('',(-1.224646799147E-16,1.110223024625E-16,1.));
#8811 = PCURVE('',#4616,#8812);
#8812 = DEFINITIONAL_REPRESENTATION('',(#8813),#8817);
#8813 = LINE('',#8814,#8815);
#8814 = CARTESIAN_POINT('',(5.769893325765,0.));
#8815 = VECTOR('',#8816,1.);
#8816 = DIRECTION('',(0.,1.));
#8817 = ( GEOMETRIC_REPRESENTATION_CONTEXT(2) 
PARAMETRIC_REPRESENTATION_CONTEXT() REPRESENTATION_CONTEXT('2D SPACE',''
  ) );
#8818 = PCURVE('',#4644,#8819);
#8819 = DEFINITIONAL_REPRESENTATION('',(#8820),#8824);
#8820 = LINE('',#8821,#8822);
#8821 = CARTESIAN_POINT('',(-0.12529996383,1.189904961886E-17));
#8822 = VECTOR('',#8823,1.);
#8823 = DIRECTION('',(-6.344001189007E-17,1.));
#8824 = ( GEOMETRIC_REPRESENTATION_CONTEXT(2) 
PARAMETRIC_REPRESENTATION_CONTEXT() REPRESENTATION_CONTEXT('2D SPACE',''
  ) );
#8825 = ORIENTED_EDGE('',*,*,#4599,.F.);
#8826 = ORIENTED_EDGE('',*,*,#8827,.T.);
#8827 = EDGE_CURVE('',#4572,#5306,#8828,.T.);
#8828 = SURFACE_CURVE('',#8829,(#8833,#8840),.PCURVE_S1.);
#8829 = LINE('',#8830,#8831);
#8830 = CARTESIAN_POINT('',(-4.889991282134,-1.523222000091,5.));
#8831 = VECTOR('',#8832,1.);
#8832 = DIRECTION('',(1.224646799147E-16,-1.110223024625E-16,-1.));
#8833 = PCURVE('',#4616,#8834);
#8834 = DEFINITIONAL_REPRESENTATION('',(#8835),#8839);
#8835 = LINE('',#8836,#8837);
#8836 = CARTESIAN_POINT('',(5.665115667864,0.));
#8837 = VECTOR('',#8838,1.);
#8838 = DIRECTION('',(0.,-1.));
#8839 = ( GEOMETRIC_REPRESENTATION_CONTEXT(2) 
PARAMETRIC_REPRESENTATION_CONTEXT() REPRESENTATION_CONTEXT('2D SPACE',''
  ) );
#8840 = PCURVE('',#4587,#8841);
#8841 = DEFINITIONAL_REPRESENTATION('',(#8842),#8846);
#8842 = LINE('',#8843,#8844);
#8843 = CARTESIAN_POINT('',(0.125328054864,1.454430906742E-18));
#8844 = VECTOR('',#8845,1.);
#8845 = DIRECTION('',(-1.217938055845E-16,-1.));
#8846 = ( GEOMETRIC_REPRESENTATION_CONTEXT(2) 
PARAMETRIC_REPRESENTATION_CONTEXT() REPRESENTATION_CONTEXT('2D SPACE',''
  ) );
#8847 = ADVANCED_FACE('',(#8848),#4531,.T.);
#8848 = FACE_BOUND('',#8849,.T.);
#8849 = EDGE_LOOP('',(#8850,#8851,#8872,#8873));
#8850 = ORIENTED_EDGE('',*,*,#5379,.T.);
#8851 = ORIENTED_EDGE('',*,*,#8852,.T.);
#8852 = EDGE_CURVE('',#5357,#4515,#8853,.T.);
#8853 = SURFACE_CURVE('',#8854,(#8858,#8865),.PCURVE_S1.);
#8854 = LINE('',#8855,#8856);
#8855 = CARTESIAN_POINT('',(-4.816313874133,-1.421855136271,5.));
#8856 = VECTOR('',#8857,1.);
#8857 = DIRECTION('',(-1.224646799147E-16,1.110223024625E-16,1.));
#8858 = PCURVE('',#4531,#8859);
#8859 = DEFINITIONAL_REPRESENTATION('',(#8860),#8864);
#8860 = LINE('',#8861,#8862);
#8861 = CARTESIAN_POINT('',(5.644229619621,0.));
#8862 = VECTOR('',#8863,1.);
#8863 = DIRECTION('',(0.,1.));
#8864 = ( GEOMETRIC_REPRESENTATION_CONTEXT(2) 
PARAMETRIC_REPRESENTATION_CONTEXT() REPRESENTATION_CONTEXT('2D SPACE',''
  ) );
#8865 = PCURVE('',#4559,#8866);
#8866 = DEFINITIONAL_REPRESENTATION('',(#8867),#8871);
#8867 = LINE('',#8868,#8869);
#8868 = CARTESIAN_POINT('',(-0.12529996383,1.270841352144E-17));
#8869 = VECTOR('',#8870,1.);
#8870 = DIRECTION('',(-4.981087280387E-17,1.));
#8871 = ( GEOMETRIC_REPRESENTATION_CONTEXT(2) 
PARAMETRIC_REPRESENTATION_CONTEXT() REPRESENTATION_CONTEXT('2D SPACE',''
  ) );
#8872 = ORIENTED_EDGE('',*,*,#4514,.F.);
#8873 = ORIENTED_EDGE('',*,*,#8874,.T.);
#8874 = EDGE_CURVE('',#4487,#5380,#8875,.T.);
#8875 = SURFACE_CURVE('',#8876,(#8880,#8887),.PCURVE_S1.);
#8876 = LINE('',#8877,#8878);
#8877 = CARTESIAN_POINT('',(-4.415676411191,-0.937759013592,5.));
#8878 = VECTOR('',#8879,1.);
#8879 = DIRECTION('',(1.224646799147E-16,-1.110223024625E-16,-1.));
#8880 = PCURVE('',#4531,#8881);
#8881 = DEFINITIONAL_REPRESENTATION('',(#8882),#8886);
#8882 = LINE('',#8883,#8884);
#8883 = CARTESIAN_POINT('',(5.539451961721,0.));
#8884 = VECTOR('',#8885,1.);
#8885 = DIRECTION('',(0.,-1.));
#8886 = ( GEOMETRIC_REPRESENTATION_CONTEXT(2) 
PARAMETRIC_REPRESENTATION_CONTEXT() REPRESENTATION_CONTEXT('2D SPACE',''
  ) );
#8887 = PCURVE('',#4502,#8888);
#8888 = DEFINITIONAL_REPRESENTATION('',(#8889),#8893);
#8889 = LINE('',#8890,#8891);
#8890 = CARTESIAN_POINT('',(0.125328054864,3.177321780957E-18));
#8891 = VECTOR('',#8892,1.);
#8892 = DIRECTION('',(-1.192290287121E-16,-1.));
#8893 = ( GEOMETRIC_REPRESENTATION_CONTEXT(2) 
PARAMETRIC_REPRESENTATION_CONTEXT() REPRESENTATION_CONTEXT('2D SPACE',''
  ) );
#8894 = ADVANCED_FACE('',(#8895),#4446,.T.);
#8895 = FACE_BOUND('',#8896,.T.);
#8896 = EDGE_LOOP('',(#8897,#8898,#8919,#8920));
#8897 = ORIENTED_EDGE('',*,*,#5453,.T.);
#8898 = ORIENTED_EDGE('',*,*,#8899,.T.);
#8899 = EDGE_CURVE('',#5431,#4430,#8900,.T.);
#8900 = SURFACE_CURVE('',#8901,(#8905,#8912),.PCURVE_S1.);
#8901 = LINE('',#8902,#8903);
#8902 = CARTESIAN_POINT('',(-4.32987533474,-0.846425685556,5.));
#8903 = VECTOR('',#8904,1.);
#8904 = DIRECTION('',(-1.224646799147E-16,1.110223024625E-16,1.));
#8905 = PCURVE('',#4446,#8906);
#8906 = DEFINITIONAL_REPRESENTATION('',(#8907),#8911);
#8907 = LINE('',#8908,#8909);
#8908 = CARTESIAN_POINT('',(5.518565913477,0.));
#8909 = VECTOR('',#8910,1.);
#8910 = DIRECTION('',(0.,1.));
#8911 = ( GEOMETRIC_REPRESENTATION_CONTEXT(2) 
PARAMETRIC_REPRESENTATION_CONTEXT() REPRESENTATION_CONTEXT('2D SPACE',''
  ) );
#8912 = PCURVE('',#4474,#8913);
#8913 = DEFINITIONAL_REPRESENTATION('',(#8914),#8918);
#8914 = LINE('',#8915,#8916);
#8915 = CARTESIAN_POINT('',(-0.12529996383,1.331735815114E-17));
#8916 = VECTOR('',#8917,1.);
#8917 = DIRECTION('',(-3.539618649799E-17,1.));
#8918 = ( GEOMETRIC_REPRESENTATION_CONTEXT(2) 
PARAMETRIC_REPRESENTATION_CONTEXT() REPRESENTATION_CONTEXT('2D SPACE',''
  ) );
#8919 = ORIENTED_EDGE('',*,*,#4429,.F.);
#8920 = ORIENTED_EDGE('',*,*,#8921,.T.);
#8921 = EDGE_CURVE('',#4402,#5454,#8922,.T.);
#8922 = SURFACE_CURVE('',#8923,(#8927,#8934),.PCURVE_S1.);
#8923 = LINE('',#8924,#8925);
#8924 = CARTESIAN_POINT('',(-3.871723685446,-0.416359994114,5.));
#8925 = VECTOR('',#8926,1.);
#8926 = DIRECTION('',(1.224646799147E-16,-1.110223024625E-16,-1.));
#8927 = PCURVE('',#4446,#8928);
#8928 = DEFINITIONAL_REPRESENTATION('',(#8929),#8933);
#8929 = LINE('',#8930,#8931);
#8930 = CARTESIAN_POINT('',(5.413788255577,0.));
#8931 = VECTOR('',#8932,1.);
#8932 = DIRECTION('',(0.,-1.));
#8933 = ( GEOMETRIC_REPRESENTATION_CONTEXT(2) 
PARAMETRIC_REPRESENTATION_CONTEXT() REPRESENTATION_CONTEXT('2D SPACE',''
  ) );
#8934 = PCURVE('',#4417,#8935);
#8935 = DEFINITIONAL_REPRESENTATION('',(#8936),#8940);
#8936 = LINE('',#8937,#8938);
#8937 = CARTESIAN_POINT('',(0.125328054864,8.930285240928E-16));
#8938 = VECTOR('',#8939,1.);
#8939 = DIRECTION('',(-1.14783938833E-16,-1.));
#8940 = ( GEOMETRIC_REPRESENTATION_CONTEXT(2) 
PARAMETRIC_REPRESENTATION_CONTEXT() REPRESENTATION_CONTEXT('2D SPACE',''
  ) );
#8941 = ADVANCED_FACE('',(#8942),#4361,.T.);
#8942 = FACE_BOUND('',#8943,.T.);
#8943 = EDGE_LOOP('',(#8944,#8945,#8966,#8967));
#8944 = ORIENTED_EDGE('',*,*,#5527,.T.);
#8945 = ORIENTED_EDGE('',*,*,#8946,.T.);
#8946 = EDGE_CURVE('',#5505,#4345,#8947,.T.);
#8947 = SURFACE_CURVE('',#8948,(#8952,#8959),.PCURVE_S1.);
#8948 = LINE('',#8949,#8950);
#8949 = CARTESIAN_POINT('',(-3.775152074775,-0.336500583004,5.));
#8950 = VECTOR('',#8951,1.);
#8951 = DIRECTION('',(-1.224646799147E-16,1.110223024625E-16,1.));
#8952 = PCURVE('',#4361,#8953);
#8953 = DEFINITIONAL_REPRESENTATION('',(#8954),#8958);
#8954 = LINE('',#8955,#8956);
#8955 = CARTESIAN_POINT('',(5.392902207334,0.));
#8956 = VECTOR('',#8957,1.);
#8957 = DIRECTION('',(0.,1.));
#8958 = ( GEOMETRIC_REPRESENTATION_CONTEXT(2) 
PARAMETRIC_REPRESENTATION_CONTEXT() REPRESENTATION_CONTEXT('2D SPACE',''
  ) );
#8959 = PCURVE('',#4389,#8960);
#8960 = DEFINITIONAL_REPRESENTATION('',(#8961),#8965);
#8961 = LINE('',#8962,#8963);
#8962 = CARTESIAN_POINT('',(-0.12529996383,9.018946997875E-16));
#8963 = VECTOR('',#8964,1.);
#8964 = DIRECTION('',(-2.042328118637E-17,1.));
#8965 = ( GEOMETRIC_REPRESENTATION_CONTEXT(2) 
PARAMETRIC_REPRESENTATION_CONTEXT() REPRESENTATION_CONTEXT('2D SPACE',''
  ) );
#8966 = ORIENTED_EDGE('',*,*,#4344,.F.);
#8967 = ORIENTED_EDGE('',*,*,#8968,.T.);
#8968 = EDGE_CURVE('',#4317,#5528,#8969,.T.);
#8969 = SURFACE_CURVE('',#8970,(#8974,#8981),.PCURVE_S1.);
#8970 = LINE('',#8971,#8972);
#8971 = CARTESIAN_POINT('',(-3.266711564326,3.275228433685E-02,5.));
#8972 = VECTOR('',#8973,1.);
#8973 = DIRECTION('',(1.224646799147E-16,-1.110223024625E-16,-1.));
#8974 = PCURVE('',#4361,#8975);
#8975 = DEFINITIONAL_REPRESENTATION('',(#8976),#8980);
#8976 = LINE('',#8977,#8978);
#8977 = CARTESIAN_POINT('',(5.288124549434,0.));
#8978 = VECTOR('',#8979,1.);
#8979 = DIRECTION('',(0.,-1.));
#8980 = ( GEOMETRIC_REPRESENTATION_CONTEXT(2) 
PARAMETRIC_REPRESENTATION_CONTEXT() REPRESENTATION_CONTEXT('2D SPACE',''
  ) );
#8981 = PCURVE('',#4332,#8982);
#8982 = DEFINITIONAL_REPRESENTATION('',(#8983),#8987);
#8983 = LINE('',#8984,#8985);
#8984 = CARTESIAN_POINT('',(0.125328054864,8.946248176609E-16));
#8985 = VECTOR('',#8986,1.);
#8986 = DIRECTION('',(-1.085286376698E-16,-1.));
#8987 = ( GEOMETRIC_REPRESENTATION_CONTEXT(2) 
PARAMETRIC_REPRESENTATION_CONTEXT() REPRESENTATION_CONTEXT('2D SPACE',''
  ) );
#8988 = ADVANCED_FACE('',(#8989),#4276,.T.);
#8989 = FACE_BOUND('',#8990,.T.);
#8990 = EDGE_LOOP('',(#8991,#8992,#9013,#9014));
#8991 = ORIENTED_EDGE('',*,*,#5601,.T.);
#8992 = ORIENTED_EDGE('',*,*,#8993,.T.);
#8993 = EDGE_CURVE('',#5579,#4260,#8994,.T.);
#8994 = SURFACE_CURVE('',#8995,(#8999,#9006),.PCURVE_S1.);
#8995 = LINE('',#8996,#8997);
#8996 = CARTESIAN_POINT('',(-3.160892411425,9.987834790161E-02,5.));
#8997 = VECTOR('',#8998,1.);
#8998 = DIRECTION('',(-1.224646799147E-16,1.110223024625E-16,1.));
#8999 = PCURVE('',#4276,#9000);
#9000 = DEFINITIONAL_REPRESENTATION('',(#9001),#9005);
#9001 = LINE('',#9002,#9003);
#9002 = CARTESIAN_POINT('',(5.26723850119,0.));
#9003 = VECTOR('',#9004,1.);
#9004 = DIRECTION('',(0.,1.));
#9005 = ( GEOMETRIC_REPRESENTATION_CONTEXT(2) 
PARAMETRIC_REPRESENTATION_CONTEXT() REPRESENTATION_CONTEXT('2D SPACE',''
  ) );
#9006 = PCURVE('',#4304,#9007);
#9007 = DEFINITIONAL_REPRESENTATION('',(#9008),#9012);
#9008 = LINE('',#9009,#9010);
#9009 = CARTESIAN_POINT('',(-0.12529996383,9.020773077931E-16));
#9010 = VECTOR('',#9011,1.);
#9011 = DIRECTION('',(-5.128288530168E-18,1.));
#9012 = ( GEOMETRIC_REPRESENTATION_CONTEXT(2) 
PARAMETRIC_REPRESENTATION_CONTEXT() REPRESENTATION_CONTEXT('2D SPACE',''
  ) );
#9013 = ORIENTED_EDGE('',*,*,#4259,.F.);
#9014 = ORIENTED_EDGE('',*,*,#9015,.T.);
#9015 = EDGE_CURVE('',#4232,#5602,#9016,.T.);
#9016 = SURFACE_CURVE('',#9017,(#9021,#9028),.PCURVE_S1.);
#9017 = LINE('',#9018,#9019);
#9018 = CARTESIAN_POINT('',(-2.610181450398,0.402495052844,5.));
#9019 = VECTOR('',#9020,1.);
#9020 = DIRECTION('',(1.224646799147E-16,-1.110223024625E-16,-1.));
#9021 = PCURVE('',#4276,#9022);
#9022 = DEFINITIONAL_REPRESENTATION('',(#9023),#9027);
#9023 = LINE('',#9024,#9025);
#9024 = CARTESIAN_POINT('',(5.16246084329,0.));
#9025 = VECTOR('',#9026,1.);
#9026 = DIRECTION('',(0.,-1.));
#9027 = ( GEOMETRIC_REPRESENTATION_CONTEXT(2) 
PARAMETRIC_REPRESENTATION_CONTEXT() REPRESENTATION_CONTEXT('2D SPACE',''
  ) );
#9028 = PCURVE('',#4247,#9029);
#9029 = DEFINITIONAL_REPRESENTATION('',(#9030),#9034);
#9030 = LINE('',#9031,#9032);
#9031 = CARTESIAN_POINT('',(0.125328054864,8.961194476823E-16));
#9032 = VECTOR('',#9033,1.);
#9033 = DIRECTION('',(-1.005617750588E-16,-1.));
#9034 = ( GEOMETRIC_REPRESENTATION_CONTEXT(2) 
PARAMETRIC_REPRESENTATION_CONTEXT() REPRESENTATION_CONTEXT('2D SPACE',''
  ) );
#9035 = ADVANCED_FACE('',(#9036),#4191,.T.);
#9036 = FACE_BOUND('',#9037,.T.);
#9037 = EDGE_LOOP('',(#9038,#9039,#9060,#9061));
#9038 = ORIENTED_EDGE('',*,*,#5675,.T.);
#9039 = ORIENTED_EDGE('',*,*,#9040,.T.);
#9040 = EDGE_CURVE('',#5653,#4175,#9041,.T.);
#9041 = SURFACE_CURVE('',#9042,(#9046,#9053),.PCURVE_S1.);
#9042 = LINE('',#9043,#9044);
#9043 = CARTESIAN_POINT('',(-2.496783586521,0.455829150741,5.));
#9044 = VECTOR('',#9045,1.);
#9045 = DIRECTION('',(-1.224646799147E-16,1.110223024625E-16,1.));
#9046 = PCURVE('',#4191,#9047);
#9047 = DEFINITIONAL_REPRESENTATION('',(#9048),#9052);
#9048 = LINE('',#9049,#9050);
#9049 = CARTESIAN_POINT('',(5.141574795047,0.));
#9050 = VECTOR('',#9051,1.);
#9051 = DIRECTION('',(0.,1.));
#9052 = ( GEOMETRIC_REPRESENTATION_CONTEXT(2) 
PARAMETRIC_REPRESENTATION_CONTEXT() REPRESENTATION_CONTEXT('2D SPACE',''
  ) );
#9053 = PCURVE('',#4219,#9054);
#9054 = DEFINITIONAL_REPRESENTATION('',(#9055),#9059);
#9055 = LINE('',#9056,#9057);
#9056 = CARTESIAN_POINT('',(-0.12529996383,9.020407220306E-16));
#9057 = VECTOR('',#9058,1.);
#9058 = DIRECTION('',(1.024758029965E-17,1.));
#9059 = ( GEOMETRIC_REPRESENTATION_CONTEXT(2) 
PARAMETRIC_REPRESENTATION_CONTEXT() REPRESENTATION_CONTEXT('2D SPACE',''
  ) );
#9060 = ORIENTED_EDGE('',*,*,#4174,.F.);
#9061 = ORIENTED_EDGE('',*,*,#9062,.T.);
#9062 = EDGE_CURVE('',#4147,#5676,#9063,.T.);
#9063 = SURFACE_CURVE('',#9064,(#9068,#9075),.PCURVE_S1.);
#9064 = LINE('',#9065,#9066);
#9065 = CARTESIAN_POINT('',(-1.91248721575,0.687037247073,5.));
#9066 = VECTOR('',#9067,1.);
#9067 = DIRECTION('',(1.224646799147E-16,-1.110223024625E-16,-1.));
#9068 = PCURVE('',#4191,#9069);
#9069 = DEFINITIONAL_REPRESENTATION('',(#9070),#9074);
#9070 = LINE('',#9071,#9072);
#9071 = CARTESIAN_POINT('',(5.036797137147,0.));
#9072 = VECTOR('',#9073,1.);
#9073 = DIRECTION('',(0.,-1.));
#9074 = ( GEOMETRIC_REPRESENTATION_CONTEXT(2) 
PARAMETRIC_REPRESENTATION_CONTEXT() REPRESENTATION_CONTEXT('2D SPACE',''
  ) );
#9075 = PCURVE('',#4162,#9076);
#9076 = DEFINITIONAL_REPRESENTATION('',(#9077),#9081);
#9077 = LINE('',#9078,#9079);
#9078 = CARTESIAN_POINT('',(0.125328054864,9.310423248482E-18));
#9079 = VECTOR('',#9080,1.);
#9080 = DIRECTION('',(-9.100899318238E-17,-1.));
#9081 = ( GEOMETRIC_REPRESENTATION_CONTEXT(2) 
PARAMETRIC_REPRESENTATION_CONTEXT() REPRESENTATION_CONTEXT('2D SPACE',''
  ) );
#9082 = ADVANCED_FACE('',(#9083),#4106,.T.);
#9083 = FACE_BOUND('',#9084,.T.);
#9084 = EDGE_LOOP('',(#9085,#9086,#9107,#9108));
#9085 = ORIENTED_EDGE('',*,*,#5749,.T.);
#9086 = ORIENTED_EDGE('',*,*,#9087,.T.);
#9087 = EDGE_CURVE('',#5727,#4090,#9088,.T.);
#9088 = SURFACE_CURVE('',#9089,(#9093,#9100),.PCURVE_S1.);
#9089 = LINE('',#9090,#9091);
#9090 = CARTESIAN_POINT('',(-1.793298992951,0.72573826872,5.));
#9091 = VECTOR('',#9092,1.);
#9092 = DIRECTION('',(-1.224646799147E-16,1.110223024625E-16,1.));
#9093 = PCURVE('',#4106,#9094);
#9094 = DEFINITIONAL_REPRESENTATION('',(#9095),#9099);
#9095 = LINE('',#9096,#9097);
#9096 = CARTESIAN_POINT('',(5.015911088903,0.));
#9097 = VECTOR('',#9098,1.);
#9098 = DIRECTION('',(0.,1.));
#9099 = ( GEOMETRIC_REPRESENTATION_CONTEXT(2) 
PARAMETRIC_REPRESENTATION_CONTEXT() REPRESENTATION_CONTEXT('2D SPACE',''
  ) );
#9100 = PCURVE('',#4134,#9101);
#9101 = DEFINITIONAL_REPRESENTATION('',(#9102),#9106);
#9102 = LINE('',#9103,#9104);
#9103 = CARTESIAN_POINT('',(-0.12529996383,1.360709977936E-17));
#9104 = VECTOR('',#9105,1.);
#9105 = DIRECTION('',(2.546183866653E-17,1.));
#9106 = ( GEOMETRIC_REPRESENTATION_CONTEXT(2) 
PARAMETRIC_REPRESENTATION_CONTEXT() REPRESENTATION_CONTEXT('2D SPACE',''
  ) );
#9107 = ORIENTED_EDGE('',*,*,#4089,.F.);
#9108 = ORIENTED_EDGE('',*,*,#9109,.T.);
#9109 = EDGE_CURVE('',#4062,#5750,#9110,.T.);
#9110 = SURFACE_CURVE('',#9111,(#9115,#9122),.PCURVE_S1.);
#9111 = LINE('',#9112,#9113);
#9112 = CARTESIAN_POINT('',(-1.184631915245,0.881891466644,5.));
#9113 = VECTOR('',#9114,1.);
#9114 = DIRECTION('',(1.224646799147E-16,-1.110223024625E-16,-1.));
#9115 = PCURVE('',#4106,#9116);
#9116 = DEFINITIONAL_REPRESENTATION('',(#9117),#9121);
#9117 = LINE('',#9118,#9119);
#9118 = CARTESIAN_POINT('',(4.911133431003,0.));
#9119 = VECTOR('',#9120,1.);
#9120 = DIRECTION('',(0.,-1.));
#9121 = ( GEOMETRIC_REPRESENTATION_CONTEXT(2) 
PARAMETRIC_REPRESENTATION_CONTEXT() REPRESENTATION_CONTEXT('2D SPACE',''
  ) );
#9122 = PCURVE('',#4077,#9123);
#9123 = DEFINITIONAL_REPRESENTATION('',(#9124),#9128);
#9124 = LINE('',#9125,#9126);
#9125 = CARTESIAN_POINT('',(0.125328054864,1.053298757843E-17));
#9126 = VECTOR('',#9127,1.);
#9127 = DIRECTION('',(-8.002094511734E-17,-1.));
#9128 = ( GEOMETRIC_REPRESENTATION_CONTEXT(2) 
PARAMETRIC_REPRESENTATION_CONTEXT() REPRESENTATION_CONTEXT('2D SPACE',''
  ) );
#9129 = ADVANCED_FACE('',(#9130),#4021,.T.);
#9130 = FACE_BOUND('',#9131,.T.);
#9131 = EDGE_LOOP('',(#9132,#9133,#9154,#9155));
#9132 = ORIENTED_EDGE('',*,*,#5823,.T.);
#9133 = ORIENTED_EDGE('',*,*,#9134,.T.);
#9134 = EDGE_CURVE('',#5801,#4005,#9135,.T.);
#9135 = SURFACE_CURVE('',#9136,(#9140,#9147),.PCURVE_S1.);
#9136 = LINE('',#9137,#9138);
#9137 = CARTESIAN_POINT('',(-1.061533002998,0.90534907381,5.));
#9138 = VECTOR('',#9139,1.);
#9139 = DIRECTION('',(-1.224646799147E-16,1.110223024625E-16,1.));
#9140 = PCURVE('',#4021,#9141);
#9141 = DEFINITIONAL_REPRESENTATION('',(#9142),#9146);
#9142 = LINE('',#9143,#9144);
#9143 = CARTESIAN_POINT('',(4.89024738276,0.));
#9144 = VECTOR('',#9145,1.);
#9145 = DIRECTION('',(0.,1.));
#9146 = ( GEOMETRIC_REPRESENTATION_CONTEXT(2) 
PARAMETRIC_REPRESENTATION_CONTEXT() REPRESENTATION_CONTEXT('2D SPACE',''
  ) );
#9147 = PCURVE('',#4049,#9148);
#9148 = DEFINITIONAL_REPRESENTATION('',(#9149),#9153);
#9149 = LINE('',#9150,#9151);
#9150 = CARTESIAN_POINT('',(-0.12529996383,1.313730513621E-17));
#9151 = VECTOR('',#9152,1.);
#9152 = DIRECTION('',(4.027454862747E-17,1.));
#9153 = ( GEOMETRIC_REPRESENTATION_CONTEXT(2) 
PARAMETRIC_REPRESENTATION_CONTEXT() REPRESENTATION_CONTEXT('2D SPACE',''
  ) );
#9154 = ORIENTED_EDGE('',*,*,#4004,.F.);
#9155 = ORIENTED_EDGE('',*,*,#9156,.T.);
#9156 = EDGE_CURVE('',#3977,#5824,#9157,.T.);
#9157 = SURFACE_CURVE('',#9158,(#9162,#9169),.PCURVE_S1.);
#9158 = LINE('',#9159,#9160);
#9159 = CARTESIAN_POINT('',(-0.438094261772,0.983984744115,5.));
#9160 = VECTOR('',#9161,1.);
#9161 = DIRECTION('',(1.224646799147E-16,-1.110223024625E-16,-1.));
#9162 = PCURVE('',#4021,#9163);
#9163 = DEFINITIONAL_REPRESENTATION('',(#9164),#9168);
#9164 = LINE('',#9165,#9166);
#9165 = CARTESIAN_POINT('',(4.785469724859,0.));
#9166 = VECTOR('',#9167,1.);
#9167 = DIRECTION('',(0.,-1.));
#9168 = ( GEOMETRIC_REPRESENTATION_CONTEXT(2) 
PARAMETRIC_REPRESENTATION_CONTEXT() REPRESENTATION_CONTEXT('2D SPACE',''
  ) );
#9169 = PCURVE('',#3992,#9170);
#9170 = DEFINITIONAL_REPRESENTATION('',(#9171),#9175);
#9171 = LINE('',#9172,#9173);
#9172 = CARTESIAN_POINT('',(0.125328054864,1.158944040217E-17));
#9173 = VECTOR('',#9174,1.);
#9174 = DIRECTION('',(-6.777091894561E-17,-1.));
#9175 = ( GEOMETRIC_REPRESENTATION_CONTEXT(2) 
PARAMETRIC_REPRESENTATION_CONTEXT() REPRESENTATION_CONTEXT('2D SPACE',''
  ) );
#9176 = ADVANCED_FACE('',(#9177),#3936,.T.);
#9177 = FACE_BOUND('',#9178,.T.);
#9178 = EDGE_LOOP('',(#9179,#9180,#9201,#9202));
#9179 = ORIENTED_EDGE('',*,*,#5897,.T.);
#9180 = ORIENTED_EDGE('',*,*,#9181,.T.);
#9181 = EDGE_CURVE('',#5875,#3920,#9182,.T.);
#9182 = SURFACE_CURVE('',#9183,(#9187,#9194),.PCURVE_S1.);
#9183 = LINE('',#9184,#9185);
#9184 = CARTESIAN_POINT('',(-0.313026003458,0.991828996321,5.));
#9185 = VECTOR('',#9186,1.);
#9186 = DIRECTION('',(-1.224646799147E-16,1.110223024625E-16,1.));
#9187 = PCURVE('',#3936,#9188);
#9188 = DEFINITIONAL_REPRESENTATION('',(#9189),#9193);
#9189 = LINE('',#9190,#9191);
#9190 = CARTESIAN_POINT('',(4.764583676616,0.));
#9191 = VECTOR('',#9192,1.);
#9192 = DIRECTION('',(0.,1.));
#9193 = ( GEOMETRIC_REPRESENTATION_CONTEXT(2) 
PARAMETRIC_REPRESENTATION_CONTEXT() REPRESENTATION_CONTEXT('2D SPACE',''
  ) );
#9194 = PCURVE('',#3964,#9195);
#9195 = DEFINITIONAL_REPRESENTATION('',(#9196),#9200);
#9196 = LINE('',#9197,#9198);
#9197 = CARTESIAN_POINT('',(-0.12529996383,1.246032734322E-17));
#9198 = VECTOR('',#9199,1.);
#9199 = DIRECTION('',(5.445210489771E-17,1.));
#9200 = ( GEOMETRIC_REPRESENTATION_CONTEXT(2) 
PARAMETRIC_REPRESENTATION_CONTEXT() REPRESENTATION_CONTEXT('2D SPACE',''
  ) );
#9201 = ORIENTED_EDGE('',*,*,#3919,.F.);
#9202 = ORIENTED_EDGE('',*,*,#9203,.T.);
#9203 = EDGE_CURVE('',#3892,#5898,#9204,.T.);
#9204 = SURFACE_CURVE('',#9205,(#9209,#9216),.PCURVE_S1.);
#9205 = LINE('',#9206,#9207);
#9206 = CARTESIAN_POINT('',(0.315352399913,0.991707007512,5.));
#9207 = VECTOR('',#9208,1.);
#9208 = DIRECTION('',(1.224646799147E-16,-1.110223024625E-16,-1.));
#9209 = PCURVE('',#3936,#9210);
#9210 = DEFINITIONAL_REPRESENTATION('',(#9211),#9215);
#9211 = LINE('',#9212,#9213);
#9212 = CARTESIAN_POINT('',(4.659806018716,0.));
#9213 = VECTOR('',#9214,1.);
#9214 = DIRECTION('',(0.,-1.));
#9215 = ( GEOMETRIC_REPRESENTATION_CONTEXT(2) 
PARAMETRIC_REPRESENTATION_CONTEXT() REPRESENTATION_CONTEXT('2D SPACE',''
  ) );
#9216 = PCURVE('',#3907,#9217);
#9217 = DEFINITIONAL_REPRESENTATION('',(#9218),#9222);
#9218 = LINE('',#9219,#9220);
#9219 = CARTESIAN_POINT('',(0.125328054864,1.246312082756E-17));
#9220 = VECTOR('',#9221,1.);
#9221 = DIRECTION('',(-5.445210489771E-17,-1.));
#9222 = ( GEOMETRIC_REPRESENTATION_CONTEXT(2) 
PARAMETRIC_REPRESENTATION_CONTEXT() REPRESENTATION_CONTEXT('2D SPACE',''
  ) );
#9223 = ADVANCED_FACE('',(#9224),#3851,.T.);
#9224 = FACE_BOUND('',#9225,.T.);
#9225 = EDGE_LOOP('',(#9226,#9227,#9248,#9249));
#9226 = ORIENTED_EDGE('',*,*,#5971,.T.);
#9227 = ORIENTED_EDGE('',*,*,#9228,.T.);
#9228 = EDGE_CURVE('',#5949,#3835,#9229,.T.);
#9229 = SURFACE_CURVE('',#9230,(#9234,#9241),.PCURVE_S1.);
#9230 = LINE('',#9231,#9232);
#9231 = CARTESIAN_POINT('',(0.440417603149,0.983814196216,5.));
#9232 = VECTOR('',#9233,1.);
#9233 = DIRECTION('',(-1.224646799147E-16,1.110223024625E-16,1.));
#9234 = PCURVE('',#3851,#9235);
#9235 = DEFINITIONAL_REPRESENTATION('',(#9236),#9240);
#9236 = LINE('',#9237,#9238);
#9237 = CARTESIAN_POINT('',(4.638919970472,0.));
#9238 = VECTOR('',#9239,1.);
#9239 = DIRECTION('',(0.,1.));
#9240 = ( GEOMETRIC_REPRESENTATION_CONTEXT(2) 
PARAMETRIC_REPRESENTATION_CONTEXT() REPRESENTATION_CONTEXT('2D SPACE',''
  ) );
#9241 = PCURVE('',#3879,#9242);
#9242 = DEFINITIONAL_REPRESENTATION('',(#9243),#9247);
#9243 = LINE('',#9244,#9245);
#9244 = CARTESIAN_POINT('',(-0.12529996383,1.158684274458E-17));
#9245 = VECTOR('',#9246,1.);
#9246 = DIRECTION('',(6.77709189456E-17,1.));
#9247 = ( GEOMETRIC_REPRESENTATION_CONTEXT(2) 
PARAMETRIC_REPRESENTATION_CONTEXT() REPRESENTATION_CONTEXT('2D SPACE',''
  ) );
#9248 = ORIENTED_EDGE('',*,*,#3834,.F.);
#9249 = ORIENTED_EDGE('',*,*,#9250,.T.);
#9250 = EDGE_CURVE('',#3807,#5972,#9251,.T.);
#9251 = SURFACE_CURVE('',#9252,(#9256,#9263),.PCURVE_S1.);
#9252 = LINE('',#9253,#9254);
#9253 = CARTESIAN_POINT('',(1.06382576587,0.904936472128,5.));
#9254 = VECTOR('',#9255,1.);
#9255 = DIRECTION('',(1.224646799147E-16,-1.110223024625E-16,-1.));
#9256 = PCURVE('',#3851,#9257);
#9257 = DEFINITIONAL_REPRESENTATION('',(#9258),#9262);
#9258 = LINE('',#9259,#9260);
#9259 = CARTESIAN_POINT('',(4.534142312572,0.));
#9260 = VECTOR('',#9261,1.);
#9261 = DIRECTION('',(0.,-1.));
#9262 = ( GEOMETRIC_REPRESENTATION_CONTEXT(2) 
PARAMETRIC_REPRESENTATION_CONTEXT() REPRESENTATION_CONTEXT('2D SPACE',''
  ) );
#9263 = PCURVE('',#3822,#9264);
#9264 = DEFINITIONAL_REPRESENTATION('',(#9265),#9269);
#9265 = LINE('',#9266,#9267);
#9266 = CARTESIAN_POINT('',(0.125328054864,1.31402503924E-17));
#9267 = VECTOR('',#9268,1.);
#9268 = DIRECTION('',(-4.027454862747E-17,-1.));
#9269 = ( GEOMETRIC_REPRESENTATION_CONTEXT(2) 
PARAMETRIC_REPRESENTATION_CONTEXT() REPRESENTATION_CONTEXT('2D SPACE',''
  ) );
#9270 = ADVANCED_FACE('',(#9271),#3766,.T.);
#9271 = FACE_BOUND('',#9272,.T.);
#9272 = EDGE_LOOP('',(#9273,#9274,#9295,#9296));
#9273 = ORIENTED_EDGE('',*,*,#6045,.T.);
#9274 = ORIENTED_EDGE('',*,*,#9275,.T.);
#9275 = EDGE_CURVE('',#6023,#3750,#9276,.T.);
#9276 = SURFACE_CURVE('',#9277,(#9281,#9288),.PCURVE_S1.);
#9277 = LINE('',#9278,#9279);
#9278 = CARTESIAN_POINT('',(1.186915561061,0.881431071679,5.));
#9279 = VECTOR('',#9280,1.);
#9280 = DIRECTION('',(-1.224646799147E-16,1.110223024625E-16,1.));
#9281 = PCURVE('',#3766,#9282);
#9282 = DEFINITIONAL_REPRESENTATION('',(#9283),#9287);
#9283 = LINE('',#9284,#9285);
#9284 = CARTESIAN_POINT('',(4.513256264329,0.));
#9285 = VECTOR('',#9286,1.);
#9286 = DIRECTION('',(0.,1.));
#9287 = ( GEOMETRIC_REPRESENTATION_CONTEXT(2) 
PARAMETRIC_REPRESENTATION_CONTEXT() REPRESENTATION_CONTEXT('2D SPACE',''
  ) );
#9288 = PCURVE('',#3794,#9289);
#9289 = DEFINITIONAL_REPRESENTATION('',(#9290),#9294);
#9290 = LINE('',#9291,#9292);
#9291 = CARTESIAN_POINT('',(-0.12529996383,1.053062671422E-17));
#9292 = VECTOR('',#9293,1.);
#9293 = DIRECTION('',(8.002094511734E-17,1.));
#9294 = ( GEOMETRIC_REPRESENTATION_CONTEXT(2) 
PARAMETRIC_REPRESENTATION_CONTEXT() REPRESENTATION_CONTEXT('2D SPACE',''
  ) );
#9295 = ORIENTED_EDGE('',*,*,#3749,.F.);
#9296 = ORIENTED_EDGE('',*,*,#9297,.T.);
#9297 = EDGE_CURVE('',#3722,#6046,#9298,.T.);
#9298 = SURFACE_CURVE('',#9299,(#9303,#9310),.PCURVE_S1.);
#9299 = LINE('',#9300,#9301);
#9300 = CARTESIAN_POINT('',(1.795521964001,0.725041561141,5.));
#9301 = VECTOR('',#9302,1.);
#9302 = DIRECTION('',(1.224646799147E-16,-1.110223024625E-16,-1.));
#9303 = PCURVE('',#3766,#9304);
#9304 = DEFINITIONAL_REPRESENTATION('',(#9305),#9309);
#9305 = LINE('',#9306,#9307);
#9306 = CARTESIAN_POINT('',(4.408478606429,0.));
#9307 = VECTOR('',#9308,1.);
#9308 = DIRECTION('',(0.,-1.));
#9309 = ( GEOMETRIC_REPRESENTATION_CONTEXT(2) 
PARAMETRIC_REPRESENTATION_CONTEXT() REPRESENTATION_CONTEXT('2D SPACE',''
  ) );
#9310 = PCURVE('',#3737,#9311);
#9311 = DEFINITIONAL_REPRESENTATION('',(#9312),#9316);
#9312 = LINE('',#9313,#9314);
#9313 = CARTESIAN_POINT('',(0.125328054864,9.017885700591E-16));
#9314 = VECTOR('',#9315,1.);
#9315 = DIRECTION('',(-2.546183866653E-17,-1.));
#9316 = ( GEOMETRIC_REPRESENTATION_CONTEXT(2) 
PARAMETRIC_REPRESENTATION_CONTEXT() REPRESENTATION_CONTEXT('2D SPACE',''
  ) );
#9317 = ADVANCED_FACE('',(#9318),#3681,.T.);
#9318 = FACE_BOUND('',#9319,.T.);
#9319 = EDGE_LOOP('',(#9320,#9321,#9342,#9343));
#9320 = ORIENTED_EDGE('',*,*,#6119,.T.);
#9321 = ORIENTED_EDGE('',*,*,#9322,.T.);
#9322 = EDGE_CURVE('',#6097,#3665,#9323,.T.);
#9323 = SURFACE_CURVE('',#9324,(#9328,#9335),.PCURVE_S1.);
#9324 = LINE('',#9325,#9326);
#9325 = CARTESIAN_POINT('',(1.914695151547,0.686294265745,5.));
#9326 = VECTOR('',#9327,1.);
#9327 = DIRECTION('',(-1.224646799147E-16,1.110223024625E-16,1.));
#9328 = PCURVE('',#3681,#9329);
#9329 = DEFINITIONAL_REPRESENTATION('',(#9330),#9334);
#9330 = LINE('',#9331,#9332);
#9331 = CARTESIAN_POINT('',(4.387592558185,0.));
#9332 = VECTOR('',#9333,1.);
#9333 = DIRECTION('',(0.,1.));
#9334 = ( GEOMETRIC_REPRESENTATION_CONTEXT(2) 
PARAMETRIC_REPRESENTATION_CONTEXT() REPRESENTATION_CONTEXT('2D SPACE',''
  ) );
#9335 = PCURVE('',#3709,#9336);
#9336 = DEFINITIONAL_REPRESENTATION('',(#9337),#9341);
#9337 = LINE('',#9338,#9339);
#9338 = CARTESIAN_POINT('',(-0.12529996383,8.9748675611E-16));
#9339 = VECTOR('',#9340,1.);
#9340 = DIRECTION('',(9.100899318238E-17,1.));
#9341 = ( GEOMETRIC_REPRESENTATION_CONTEXT(2) 
PARAMETRIC_REPRESENTATION_CONTEXT() REPRESENTATION_CONTEXT('2D SPACE',''
  ) );
#9342 = ORIENTED_EDGE('',*,*,#3664,.F.);
#9343 = ORIENTED_EDGE('',*,*,#9344,.T.);
#9344 = EDGE_CURVE('',#3637,#6120,#9345,.T.);
#9345 = SURFACE_CURVE('',#9346,(#9350,#9357),.PCURVE_S1.);
#9346 = LINE('',#9347,#9348);
#9347 = CARTESIAN_POINT('',(2.498901708166,0.45485932476,5.));
#9348 = VECTOR('',#9349,1.);
#9349 = DIRECTION('',(1.224646799147E-16,-1.110223024625E-16,-1.));
#9350 = PCURVE('',#3681,#9351);
#9351 = DEFINITIONAL_REPRESENTATION('',(#9352),#9356);
#9352 = LINE('',#9353,#9354);
#9353 = CARTESIAN_POINT('',(4.282814900285,0.));
#9354 = VECTOR('',#9355,1.);
#9355 = DIRECTION('',(0.,-1.));
#9356 = ( GEOMETRIC_REPRESENTATION_CONTEXT(2) 
PARAMETRIC_REPRESENTATION_CONTEXT() REPRESENTATION_CONTEXT('2D SPACE',''
  ) );
#9357 = PCURVE('',#3652,#9358);
#9358 = DEFINITIONAL_REPRESENTATION('',(#9359),#9363);
#9359 = LINE('',#9360,#9361);
#9360 = CARTESIAN_POINT('',(0.125328054864,9.020438298242E-16));
#9361 = VECTOR('',#9362,1.);
#9362 = DIRECTION('',(-1.024758029965E-17,-1.));
#9363 = ( GEOMETRIC_REPRESENTATION_CONTEXT(2) 
PARAMETRIC_REPRESENTATION_CONTEXT() REPRESENTATION_CONTEXT('2D SPACE',''
  ) );
#9364 = ADVANCED_FACE('',(#9365),#3596,.T.);
#9365 = FACE_BOUND('',#9366,.T.);
#9366 = EDGE_LOOP('',(#9367,#9368,#9389,#9390));
#9367 = ORIENTED_EDGE('',*,*,#6193,.T.);
#9368 = ORIENTED_EDGE('',*,*,#9369,.T.);
#9369 = EDGE_CURVE('',#6171,#3580,#9370,.T.);
#9370 = SURFACE_CURVE('',#9371,(#9375,#9382),.PCURVE_S1.);
#9371 = LINE('',#9372,#9373);
#9372 = CARTESIAN_POINT('',(2.612278855709,0.401481202412,5.));
#9373 = VECTOR('',#9374,1.);
#9374 = DIRECTION('',(-1.224646799147E-16,1.110223024625E-16,1.));
#9375 = PCURVE('',#3596,#9376);
#9376 = DEFINITIONAL_REPRESENTATION('',(#9377),#9381);
#9377 = LINE('',#9378,#9379);
#9378 = CARTESIAN_POINT('',(4.261928852042,0.));
#9379 = VECTOR('',#9380,1.);
#9380 = DIRECTION('',(0.,1.));
#9381 = ( GEOMETRIC_REPRESENTATION_CONTEXT(2) 
PARAMETRIC_REPRESENTATION_CONTEXT() REPRESENTATION_CONTEXT('2D SPACE',''
  ) );
#9382 = PCURVE('',#3624,#9383);
#9383 = DEFINITIONAL_REPRESENTATION('',(#9384),#9388);
#9384 = LINE('',#9385,#9386);
#9385 = CARTESIAN_POINT('',(-0.12529996383,8.9611766778E-16));
#9386 = VECTOR('',#9387,1.);
#9387 = DIRECTION('',(1.005617750588E-16,1.));
#9388 = ( GEOMETRIC_REPRESENTATION_CONTEXT(2) 
PARAMETRIC_REPRESENTATION_CONTEXT() REPRESENTATION_CONTEXT('2D SPACE',''
  ) );
#9389 = ORIENTED_EDGE('',*,*,#3579,.F.);
#9390 = ORIENTED_EDGE('',*,*,#9391,.T.);
#9391 = EDGE_CURVE('',#3552,#6194,#9392,.T.);
#9392 = SURFACE_CURVE('',#9393,(#9397,#9404),.PCURVE_S1.);
#9393 = LINE('',#9394,#9395);
#9394 = CARTESIAN_POINT('',(3.162872279622,9.865069825333E-02,5.));
#9395 = VECTOR('',#9396,1.);
#9396 = DIRECTION('',(1.224646799147E-16,-1.110223024625E-16,-1.));
#9397 = PCURVE('',#3596,#9398);
#9398 = DEFINITIONAL_REPRESENTATION('',(#9399),#9403);
#9399 = LINE('',#9400,#9401);
#9400 = CARTESIAN_POINT('',(4.157151194141,0.));
#9401 = VECTOR('',#9402,1.);
#9402 = DIRECTION('',(0.,-1.));
#9403 = ( GEOMETRIC_REPRESENTATION_CONTEXT(2) 
PARAMETRIC_REPRESENTATION_CONTEXT() REPRESENTATION_CONTEXT('2D SPACE',''
  ) );
#9404 = PCURVE('',#3567,#9405);
#9405 = DEFINITIONAL_REPRESENTATION('',(#9406),#9410);
#9406 = LINE('',#9407,#9408);
#9407 = CARTESIAN_POINT('',(0.125328054864,9.020804237888E-16));
#9408 = VECTOR('',#9409,1.);
#9409 = DIRECTION('',(5.128288530165E-18,-1.));
#9410 = ( GEOMETRIC_REPRESENTATION_CONTEXT(2) 
PARAMETRIC_REPRESENTATION_CONTEXT() REPRESENTATION_CONTEXT('2D SPACE',''
  ) );
#9411 = ADVANCED_FACE('',(#9412),#3511,.T.);
#9412 = FACE_BOUND('',#9413,.T.);
#9413 = EDGE_LOOP('',(#9414,#9415,#9436,#9437));
#9414 = ORIENTED_EDGE('',*,*,#6267,.T.);
#9415 = ORIENTED_EDGE('',*,*,#9416,.T.);
#9416 = EDGE_CURVE('',#6245,#3495,#9417,.T.);
#9417 = SURFACE_CURVE('',#9418,(#9422,#9429),.PCURVE_S1.);
#9418 = LINE('',#9419,#9420);
#9419 = CARTESIAN_POINT('',(3.268665361817,3.148355382952E-02,5.));
#9420 = VECTOR('',#9421,1.);
#9421 = DIRECTION('',(-1.224646799147E-16,1.110223024625E-16,1.));
#9422 = PCURVE('',#3511,#9423);
#9423 = DEFINITIONAL_REPRESENTATION('',(#9424),#9428);
#9424 = LINE('',#9425,#9426);
#9425 = CARTESIAN_POINT('',(4.136265145898,0.));
#9426 = VECTOR('',#9427,1.);
#9427 = DIRECTION('',(0.,1.));
#9428 = ( GEOMETRIC_REPRESENTATION_CONTEXT(2) 
PARAMETRIC_REPRESENTATION_CONTEXT() REPRESENTATION_CONTEXT('2D SPACE',''
  ) );
#9429 = PCURVE('',#3539,#9430);
#9430 = DEFINITIONAL_REPRESENTATION('',(#9431),#9435);
#9431 = LINE('',#9432,#9433);
#9432 = CARTESIAN_POINT('',(-0.12529996383,8.94623372765E-16));
#9433 = VECTOR('',#9434,1.);
#9434 = DIRECTION('',(1.085286376698E-16,1.));
#9435 = ( GEOMETRIC_REPRESENTATION_CONTEXT(2) 
PARAMETRIC_REPRESENTATION_CONTEXT() REPRESENTATION_CONTEXT('2D SPACE',''
  ) );
#9436 = ORIENTED_EDGE('',*,*,#3494,.F.);
#9437 = ORIENTED_EDGE('',*,*,#9438,.T.);
#9438 = EDGE_CURVE('',#3467,#6268,#9439,.T.);
#9439 = SURFACE_CURVE('',#9440,(#9444,#9451),.PCURVE_S1.);
#9440 = LINE('',#9441,#9442);
#9441 = CARTESIAN_POINT('',(3.77696246582,-0.337966695551,5.));
#9442 = VECTOR('',#9443,1.);
#9443 = DIRECTION('',(1.224646799147E-16,-1.110223024625E-16,-1.));
#9444 = PCURVE('',#3511,#9445);
#9445 = DEFINITIONAL_REPRESENTATION('',(#9446),#9450);
#9446 = LINE('',#9447,#9448);
#9447 = CARTESIAN_POINT('',(4.031487487998,0.));
#9448 = VECTOR('',#9449,1.);
#9449 = DIRECTION('',(0.,-1.));
#9450 = ( GEOMETRIC_REPRESENTATION_CONTEXT(2) 
PARAMETRIC_REPRESENTATION_CONTEXT() REPRESENTATION_CONTEXT('2D SPACE',''
  ) );
#9451 = PCURVE('',#3482,#9452);
#9452 = DEFINITIONAL_REPRESENTATION('',(#9453),#9457);
#9453 = LINE('',#9454,#9455);
#9454 = CARTESIAN_POINT('',(0.125328054864,9.018977748443E-16));
#9455 = VECTOR('',#9456,1.);
#9456 = DIRECTION('',(2.042328118637E-17,-1.));
#9457 = ( GEOMETRIC_REPRESENTATION_CONTEXT(2) 
PARAMETRIC_REPRESENTATION_CONTEXT() REPRESENTATION_CONTEXT('2D SPACE',''
  ) );
#9458 = ADVANCED_FACE('',(#9459),#3426,.T.);
#9459 = FACE_BOUND('',#9460,.T.);
#9460 = EDGE_LOOP('',(#9461,#9462,#9483,#9484));
#9461 = ORIENTED_EDGE('',*,*,#6341,.T.);
#9462 = ORIENTED_EDGE('',*,*,#9463,.T.);
#9463 = EDGE_CURVE('',#6319,#3410,#9464,.T.);
#9464 = SURFACE_CURVE('',#9465,(#9469,#9476),.PCURVE_S1.);
#9465 = LINE('',#9466,#9467);
#9466 = CARTESIAN_POINT('',(3.873503062563,-0.41786359606,5.));
#9467 = VECTOR('',#9468,1.);
#9468 = DIRECTION('',(-1.224646799147E-16,1.110223024625E-16,1.));
#9469 = PCURVE('',#3426,#9470);
#9470 = DEFINITIONAL_REPRESENTATION('',(#9471),#9475);
#9471 = LINE('',#9472,#9473);
#9472 = CARTESIAN_POINT('',(4.010601439754,0.));
#9473 = VECTOR('',#9474,1.);
#9474 = DIRECTION('',(0.,1.));
#9475 = ( GEOMETRIC_REPRESENTATION_CONTEXT(2) 
PARAMETRIC_REPRESENTATION_CONTEXT() REPRESENTATION_CONTEXT('2D SPACE',''
  ) );
#9476 = PCURVE('',#3454,#9477);
#9477 = DEFINITIONAL_REPRESENTATION('',(#9478),#9482);
#9478 = LINE('',#9479,#9480);
#9479 = CARTESIAN_POINT('',(-0.12529996383,8.930274369902E-16));
#9480 = VECTOR('',#9481,1.);
#9481 = DIRECTION('',(1.14783938833E-16,1.));
#9482 = ( GEOMETRIC_REPRESENTATION_CONTEXT(2) 
PARAMETRIC_REPRESENTATION_CONTEXT() REPRESENTATION_CONTEXT('2D SPACE',''
  ) );
#9483 = ORIENTED_EDGE('',*,*,#3409,.F.);
#9484 = ORIENTED_EDGE('',*,*,#9485,.T.);
#9485 = EDGE_CURVE('',#3382,#6342,#9486,.T.);
#9486 = SURFACE_CURVE('',#9487,(#9491,#9498),.PCURVE_S1.);
#9487 = LINE('',#9488,#9489);
#9488 = CARTESIAN_POINT('',(4.331487697684,-0.848107139531,5.));
#9489 = VECTOR('',#9490,1.);
#9490 = DIRECTION('',(1.224646799147E-16,-1.110223024625E-16,-1.));
#9491 = PCURVE('',#3426,#9492);
#9492 = DEFINITIONAL_REPRESENTATION('',(#9493),#9497);
#9493 = LINE('',#9494,#9495);
#9494 = CARTESIAN_POINT('',(3.905823781854,0.));
#9495 = VECTOR('',#9496,1.);
#9496 = DIRECTION('',(0.,-1.));
#9497 = ( GEOMETRIC_REPRESENTATION_CONTEXT(2) 
PARAMETRIC_REPRESENTATION_CONTEXT() REPRESENTATION_CONTEXT('2D SPACE',''
  ) );
#9498 = PCURVE('',#3397,#9499);
#9499 = DEFINITIONAL_REPRESENTATION('',(#9500),#9504);
#9500 = LINE('',#9501,#9502);
#9501 = CARTESIAN_POINT('',(0.125328054864,9.014987634736E-16));
#9502 = VECTOR('',#9503,1.);
#9503 = DIRECTION('',(3.539618649798E-17,-1.));
#9504 = ( GEOMETRIC_REPRESENTATION_CONTEXT(2) 
PARAMETRIC_REPRESENTATION_CONTEXT() REPRESENTATION_CONTEXT('2D SPACE',''
  ) );
#9505 = ADVANCED_FACE('',(#9506),#3341,.T.);
#9506 = FACE_BOUND('',#9507,.T.);
#9507 = EDGE_LOOP('',(#9508,#9509,#9530,#9531));
#9508 = ORIENTED_EDGE('',*,*,#6415,.T.);
#9509 = ORIENTED_EDGE('',*,*,#9510,.T.);
#9510 = EDGE_CURVE('',#6393,#3325,#9511,.T.);
#9511 = SURFACE_CURVE('',#9512,(#9516,#9523),.PCURVE_S1.);
#9512 = LINE('',#9513,#9514);
#9513 = CARTESIAN_POINT('',(4.417253306094,-0.939473774275,5.));
#9514 = VECTOR('',#9515,1.);
#9515 = DIRECTION('',(-1.224646799147E-16,1.110223024625E-16,1.));
#9516 = PCURVE('',#3341,#9517);
#9517 = DEFINITIONAL_REPRESENTATION('',(#9518),#9522);
#9518 = LINE('',#9519,#9520);
#9519 = CARTESIAN_POINT('',(3.884937733611,0.));
#9520 = VECTOR('',#9521,1.);
#9521 = DIRECTION('',(0.,1.));
#9522 = ( GEOMETRIC_REPRESENTATION_CONTEXT(2) 
PARAMETRIC_REPRESENTATION_CONTEXT() REPRESENTATION_CONTEXT('2D SPACE',''
  ) );
#9523 = PCURVE('',#3369,#9524);
#9524 = DEFINITIONAL_REPRESENTATION('',(#9525),#9529);
#9525 = LINE('',#9526,#9527);
#9526 = CARTESIAN_POINT('',(-0.12529996383,8.913550293161E-16));
#9527 = VECTOR('',#9528,1.);
#9528 = DIRECTION('',(1.192290287121E-16,1.));
#9529 = ( GEOMETRIC_REPRESENTATION_CONTEXT(2) 
PARAMETRIC_REPRESENTATION_CONTEXT() REPRESENTATION_CONTEXT('2D SPACE',''
  ) );
#9530 = ORIENTED_EDGE('',*,*,#3324,.F.);
#9531 = ORIENTED_EDGE('',*,*,#9532,.T.);
#9532 = EDGE_CURVE('',#3297,#6416,#9533,.T.);
#9533 = SURFACE_CURVE('',#9534,(#9538,#9545),.PCURVE_S1.);
#9534 = LINE('',#9535,#9536);
#9535 = CARTESIAN_POINT('',(4.81770278105,-1.423725414141,5.));
#9536 = VECTOR('',#9537,1.);
#9537 = DIRECTION('',(1.224646799147E-16,-1.110223024625E-16,-1.));
#9538 = PCURVE('',#3341,#9539);
#9539 = DEFINITIONAL_REPRESENTATION('',(#9540),#9544);
#9540 = LINE('',#9541,#9542);
#9541 = CARTESIAN_POINT('',(3.780160075711,0.));
#9542 = VECTOR('',#9543,1.);
#9543 = DIRECTION('',(0.,-1.));
#9544 = ( GEOMETRIC_REPRESENTATION_CONTEXT(2) 
PARAMETRIC_REPRESENTATION_CONTEXT() REPRESENTATION_CONTEXT('2D SPACE',''
  ) );
#9545 = PCURVE('',#3312,#9546);
#9546 = DEFINITIONAL_REPRESENTATION('',(#9547),#9551);
#9547 = LINE('',#9548,#9549);
#9548 = CARTESIAN_POINT('',(0.125328054864,-8.754671570758E-16));
#9549 = VECTOR('',#9550,1.);
#9550 = DIRECTION('',(4.981087280387E-17,-1.));
#9551 = ( GEOMETRIC_REPRESENTATION_CONTEXT(2) 
PARAMETRIC_REPRESENTATION_CONTEXT() REPRESENTATION_CONTEXT('2D SPACE',''
  ) );
#9552 = ADVANCED_FACE('',(#9553),#3256,.T.);
#9553 = FACE_BOUND('',#9554,.T.);
#9554 = EDGE_LOOP('',(#9555,#9556,#9577,#9578));
#9555 = ORIENTED_EDGE('',*,*,#6489,.T.);
#9556 = ORIENTED_EDGE('',*,*,#9557,.T.);
#9557 = EDGE_CURVE('',#6467,#3240,#9558,.T.);
#9558 = SURFACE_CURVE('',#9559,(#9563,#9570),.PCURVE_S1.);
#9559 = LINE('',#9560,#9561);
#9560 = CARTESIAN_POINT('',(4.891340826249,-1.525120876711,5.));
#9561 = VECTOR('',#9562,1.);
#9562 = DIRECTION('',(-1.224646799147E-16,1.110223024625E-16,1.));
#9563 = PCURVE('',#3256,#9564);
#9564 = DEFINITIONAL_REPRESENTATION('',(#9565),#9569);
#9565 = LINE('',#9566,#9567);
#9566 = CARTESIAN_POINT('',(3.759274027467,0.));
#9567 = VECTOR('',#9568,1.);
#9568 = DIRECTION('',(0.,1.));
#9569 = ( GEOMETRIC_REPRESENTATION_CONTEXT(2) 
PARAMETRIC_REPRESENTATION_CONTEXT() REPRESENTATION_CONTEXT('2D SPACE',''
  ) );
#9570 = PCURVE('',#3284,#9571);
#9571 = DEFINITIONAL_REPRESENTATION('',(#9572),#9576);
#9572 = LINE('',#9573,#9574);
#9573 = CARTESIAN_POINT('',(-0.12529996383,-8.867243147896E-16));
#9574 = VECTOR('',#9575,1.);
#9575 = DIRECTION('',(1.217938055845E-16,1.));
#9576 = ( GEOMETRIC_REPRESENTATION_CONTEXT(2) 
PARAMETRIC_REPRESENTATION_CONTEXT() REPRESENTATION_CONTEXT('2D SPACE',''
  ) );
#9577 = ORIENTED_EDGE('',*,*,#3239,.F.);
#9578 = ORIENTED_EDGE('',*,*,#9579,.T.);
#9579 = EDGE_CURVE('',#3212,#6490,#9580,.T.);
#9580 = SURFACE_CURVE('',#9581,(#9585,#9592),.PCURVE_S1.);
#9581 = LINE('',#9582,#9583);
#9582 = CARTESIAN_POINT('',(5.227939813603,-2.055743675333,5.));
#9583 = VECTOR('',#9584,1.);
#9584 = DIRECTION('',(1.224646799147E-16,-1.110223024625E-16,-1.));
#9585 = PCURVE('',#3256,#9586);
#9586 = DEFINITIONAL_REPRESENTATION('',(#9587),#9591);
#9587 = LINE('',#9588,#9589);
#9588 = CARTESIAN_POINT('',(3.654496369567,0.));
#9589 = VECTOR('',#9590,1.);
#9590 = DIRECTION('',(0.,-1.));
#9591 = ( GEOMETRIC_REPRESENTATION_CONTEXT(2) 
PARAMETRIC_REPRESENTATION_CONTEXT() REPRESENTATION_CONTEXT('2D SPACE',''
  ) );
#9592 = PCURVE('',#3227,#9593);
#9593 = DEFINITIONAL_REPRESENTATION('',(#9594),#9598);
#9594 = LINE('',#9595,#9596);
#9595 = CARTESIAN_POINT('',(0.125328054864,-8.762767024299E-16));
#9596 = VECTOR('',#9597,1.);
#9597 = DIRECTION('',(6.344001189007E-17,-1.));
#9598 = ( GEOMETRIC_REPRESENTATION_CONTEXT(2) 
PARAMETRIC_REPRESENTATION_CONTEXT() REPRESENTATION_CONTEXT('2D SPACE',''
  ) );
#9599 = ADVANCED_FACE('',(#9600),#3171,.T.);
#9600 = FACE_BOUND('',#9601,.T.);
#9601 = EDGE_LOOP('',(#9602,#9603,#9624,#9625));
#9602 = ORIENTED_EDGE('',*,*,#6563,.T.);
#9603 = ORIENTED_EDGE('',*,*,#9604,.T.);
#9604 = EDGE_CURVE('',#6541,#3155,#9605,.T.);
#9605 = SURFACE_CURVE('',#9606,(#9610,#9617),.PCURVE_S1.);
#9606 = LINE('',#9607,#9608);
#9607 = CARTESIAN_POINT('',(5.288288979628,-2.165568898713,5.));
#9608 = VECTOR('',#9609,1.);
#9609 = DIRECTION('',(-1.224646799147E-16,1.110223024625E-16,1.));
#9610 = PCURVE('',#3171,#9611);
#9611 = DEFINITIONAL_REPRESENTATION('',(#9612),#9616);
#9612 = LINE('',#9613,#9614);
#9613 = CARTESIAN_POINT('',(3.633610321324,0.));
#9614 = VECTOR('',#9615,1.);
#9615 = DIRECTION('',(0.,1.));
#9616 = ( GEOMETRIC_REPRESENTATION_CONTEXT(2) 
PARAMETRIC_REPRESENTATION_CONTEXT() REPRESENTATION_CONTEXT('2D SPACE',''
  ) );
#9617 = PCURVE('',#3199,#9618);
#9618 = DEFINITIONAL_REPRESENTATION('',(#9619),#9623);
#9619 = LINE('',#9620,#9621);
#9620 = CARTESIAN_POINT('',(-0.12529996383,-8.884697515981E-16));
#9621 = VECTOR('',#9622,1.);
#9622 = DIRECTION('',(1.224378213867E-16,1.));
#9623 = ( GEOMETRIC_REPRESENTATION_CONTEXT(2) 
PARAMETRIC_REPRESENTATION_CONTEXT() REPRESENTATION_CONTEXT('2D SPACE',''
  ) );
#9624 = ORIENTED_EDGE('',*,*,#3154,.F.);
#9625 = ORIENTED_EDGE('',*,*,#9626,.T.);
#9626 = EDGE_CURVE('',#3127,#6564,#9627,.T.);
#9627 = SURFACE_CURVE('',#9628,(#9632,#9639),.PCURVE_S1.);
#9628 = LINE('',#9629,#9630);
#9629 = CARTESIAN_POINT('',(5.555729112276,-2.734194617578,5.));
#9630 = VECTOR('',#9631,1.);
#9631 = DIRECTION('',(1.224646799147E-16,-1.110223024625E-16,-1.));
#9632 = PCURVE('',#3171,#9633);
#9633 = DEFINITIONAL_REPRESENTATION('',(#9634),#9638);
#9634 = LINE('',#9635,#9636);
#9635 = CARTESIAN_POINT('',(3.528832663423,0.));
#9636 = VECTOR('',#9637,1.);
#9637 = DIRECTION('',(0.,-1.));
#9638 = ( GEOMETRIC_REPRESENTATION_CONTEXT(2) 
PARAMETRIC_REPRESENTATION_CONTEXT() REPRESENTATION_CONTEXT('2D SPACE',''
  ) );
#9639 = PCURVE('',#3142,#9640);
#9640 = DEFINITIONAL_REPRESENTATION('',(#9641),#9645);
#9641 = LINE('',#9642,#9643);
#9642 = CARTESIAN_POINT('',(0.125328054864,-8.772739449751E-16));
#9643 = VECTOR('',#9644,1.);
#9644 = DIRECTION('',(7.606866409153E-17,-1.));
#9645 = ( GEOMETRIC_REPRESENTATION_CONTEXT(2) 
PARAMETRIC_REPRESENTATION_CONTEXT() REPRESENTATION_CONTEXT('2D SPACE',''
  ) );
#9646 = ADVANCED_FACE('',(#9647),#3086,.T.);
#9647 = FACE_BOUND('',#9648,.T.);
#9648 = EDGE_LOOP('',(#9649,#9650,#9671,#9672));
#9649 = ORIENTED_EDGE('',*,*,#6637,.T.);
#9650 = ORIENTED_EDGE('',*,*,#9651,.T.);
#9651 = EDGE_CURVE('',#6615,#3070,#9652,.T.);
#9652 = SURFACE_CURVE('',#9653,(#9657,#9664),.PCURVE_S1.);
#9653 = LINE('',#9654,#9655);
#9654 = CARTESIAN_POINT('',(5.601837656728,-2.850717592389,5.));
#9655 = VECTOR('',#9656,1.);
#9656 = DIRECTION('',(-1.224646799147E-16,1.110223024625E-16,1.));
#9657 = PCURVE('',#3086,#9658);
#9658 = DEFINITIONAL_REPRESENTATION('',(#9659),#9663);
#9659 = LINE('',#9660,#9661);
#9660 = CARTESIAN_POINT('',(3.50794661518,0.));
#9661 = VECTOR('',#9662,1.);
#9662 = DIRECTION('',(0.,1.));
#9663 = ( GEOMETRIC_REPRESENTATION_CONTEXT(2) 
PARAMETRIC_REPRESENTATION_CONTEXT() REPRESENTATION_CONTEXT('2D SPACE',''
  ) );
#9664 = PCURVE('',#3114,#9665);
#9665 = DEFINITIONAL_REPRESENTATION('',(#9666),#9670);
#9666 = LINE('',#9667,#9668);
#9667 = CARTESIAN_POINT('',(-0.12529996383,-2.032174228336E-18));
#9668 = VECTOR('',#9669,1.);
#9669 = DIRECTION('',(1.211509196048E-16,1.));
#9670 = ( GEOMETRIC_REPRESENTATION_CONTEXT(2) 
PARAMETRIC_REPRESENTATION_CONTEXT() REPRESENTATION_CONTEXT('2D SPACE',''
  ) );
#9671 = ORIENTED_EDGE('',*,*,#3069,.F.);
#9672 = ORIENTED_EDGE('',*,*,#9673,.T.);
#9673 = EDGE_CURVE('',#3042,#6638,#9674,.T.);
#9674 = SURFACE_CURVE('',#9675,(#9679,#9686),.PCURVE_S1.);
#9675 = LINE('',#9676,#9677);
#9676 = CARTESIAN_POINT('',(5.795901244016,-3.44837866423,5.));
#9677 = VECTOR('',#9678,1.);
#9678 = DIRECTION('',(1.224646799147E-16,-1.110223024625E-16,-1.));
#9679 = PCURVE('',#3086,#9680);
#9680 = DEFINITIONAL_REPRESENTATION('',(#9681),#9685);
#9681 = LINE('',#9682,#9683);
#9682 = CARTESIAN_POINT('',(3.40316895728,0.));
#9683 = VECTOR('',#9684,1.);
#9684 = DIRECTION('',(0.,-1.));
#9685 = ( GEOMETRIC_REPRESENTATION_CONTEXT(2) 
PARAMETRIC_REPRESENTATION_CONTEXT() REPRESENTATION_CONTEXT('2D SPACE',''
  ) );
#9686 = PCURVE('',#3057,#9687);
#9687 = DEFINITIONAL_REPRESENTATION('',(#9688),#9692);
#9688 = LINE('',#9689,#9690);
#9689 = CARTESIAN_POINT('',(0.125328054864,9.735262099389E-18));
#9690 = VECTOR('',#9691,1.);
#9691 = DIRECTION('',(8.749766801905E-17,-1.));
#9692 = ( GEOMETRIC_REPRESENTATION_CONTEXT(2) 
PARAMETRIC_REPRESENTATION_CONTEXT() REPRESENTATION_CONTEXT('2D SPACE',''
  ) );
#9693 = ADVANCED_FACE('',(#9694),#3001,.T.);
#9694 = FACE_BOUND('',#9695,.T.);
#9695 = EDGE_LOOP('',(#9696,#9697,#9718,#9719));
#9696 = ORIENTED_EDGE('',*,*,#6711,.T.);
#9697 = ORIENTED_EDGE('',*,*,#9698,.T.);
#9698 = EDGE_CURVE('',#6689,#2985,#9699,.T.);
#9699 = SURFACE_CURVE('',#9700,(#9704,#9711),.PCURVE_S1.);
#9700 = LINE('',#9701,#9702);
#9701 = CARTESIAN_POINT('',(5.827042007606,-3.569761753553,5.));
#9702 = VECTOR('',#9703,1.);
#9703 = DIRECTION('',(-1.224646799147E-16,1.110223024625E-16,1.));
#9704 = PCURVE('',#3001,#9705);
#9705 = DEFINITIONAL_REPRESENTATION('',(#9706),#9710);
#9706 = LINE('',#9707,#9708);
#9707 = CARTESIAN_POINT('',(3.382282909036,0.));
#9708 = VECTOR('',#9709,1.);
#9709 = DIRECTION('',(0.,1.));
#9710 = ( GEOMETRIC_REPRESENTATION_CONTEXT(2) 
PARAMETRIC_REPRESENTATION_CONTEXT() REPRESENTATION_CONTEXT('2D SPACE',''
  ) );
#9711 = PCURVE('',#3029,#9712);
#9712 = DEFINITIONAL_REPRESENTATION('',(#9713),#9717);
#9713 = LINE('',#9714,#9715);
#9714 = CARTESIAN_POINT('',(-0.12529996383,-3.740967957203E-18));
#9715 = VECTOR('',#9716,1.);
#9716 = DIRECTION('',(1.179533954487E-16,1.));
#9717 = ( GEOMETRIC_REPRESENTATION_CONTEXT(2) 
PARAMETRIC_REPRESENTATION_CONTEXT() REPRESENTATION_CONTEXT('2D SPACE',''
  ) );
#9718 = ORIENTED_EDGE('',*,*,#2984,.F.);
#9719 = ORIENTED_EDGE('',*,*,#9720,.T.);
#9720 = EDGE_CURVE('',#2957,#6712,#9721,.T.);
#9721 = SURFACE_CURVE('',#9722,(#9726,#9733),.PCURVE_S1.);
#9722 = LINE('',#9723,#9724);
#9723 = CARTESIAN_POINT('',(5.944668550834,-4.187032706242,5.));
#9724 = VECTOR('',#9725,1.);
#9725 = DIRECTION('',(1.224646799147E-16,-1.110223024625E-16,-1.));
#9726 = PCURVE('',#3001,#9727);
#9727 = DEFINITIONAL_REPRESENTATION('',(#9728),#9732);
#9728 = LINE('',#9729,#9730);
#9729 = CARTESIAN_POINT('',(3.277505251136,0.));
#9730 = VECTOR('',#9731,1.);
#9731 = DIRECTION('',(0.,-1.));
#9732 = ( GEOMETRIC_REPRESENTATION_CONTEXT(2) 
PARAMETRIC_REPRESENTATION_CONTEXT() REPRESENTATION_CONTEXT('2D SPACE',''
  ) );
#9733 = PCURVE('',#2972,#9734);
#9734 = DEFINITIONAL_REPRESENTATION('',(#9735),#9739);
#9735 = LINE('',#9736,#9737);
#9736 = CARTESIAN_POINT('',(0.125328054864,8.412518574898E-18));
#9737 = VECTOR('',#9738,1.);
#9738 = DIRECTION('',(9.754678145334E-17,-1.));
#9739 = ( GEOMETRIC_REPRESENTATION_CONTEXT(2) 
PARAMETRIC_REPRESENTATION_CONTEXT() REPRESENTATION_CONTEXT('2D SPACE',''
  ) );
#9740 = ADVANCED_FACE('',(#9741),#2916,.T.);
#9741 = FACE_BOUND('',#9742,.T.);
#9742 = EDGE_LOOP('',(#9743,#9744,#9765,#9766));
#9743 = ORIENTED_EDGE('',*,*,#6785,.T.);
#9744 = ORIENTED_EDGE('',*,*,#9745,.T.);
#9745 = EDGE_CURVE('',#6763,#2900,#9746,.T.);
#9746 = SURFACE_CURVE('',#9747,(#9751,#9758),.PCURVE_S1.);
#9747 = LINE('',#9748,#9749);
#9748 = CARTESIAN_POINT('',(5.960350425117,-4.311361626246,5.));
#9749 = VECTOR('',#9750,1.);
#9750 = DIRECTION('',(-1.224646799147E-16,1.110223024625E-16,1.));
#9751 = PCURVE('',#2916,#9752);
#9752 = DEFINITIONAL_REPRESENTATION('',(#9753),#9757);
#9753 = LINE('',#9754,#9755);
#9754 = CARTESIAN_POINT('',(3.256619202893,0.));
#9755 = VECTOR('',#9756,1.);
#9756 = DIRECTION('',(0.,1.));
#9757 = ( GEOMETRIC_REPRESENTATION_CONTEXT(2) 
PARAMETRIC_REPRESENTATION_CONTEXT() REPRESENTATION_CONTEXT('2D SPACE',''
  ) );
#9758 = PCURVE('',#2944,#9759);
#9759 = DEFINITIONAL_REPRESENTATION('',(#9760),#9764);
#9760 = LINE('',#9761,#9762);
#9761 = CARTESIAN_POINT('',(-0.12529996383,-5.390764386639E-18));
#9762 = VECTOR('',#9763,1.);
#9763 = DIRECTION('',(1.128956757845E-16,1.));
#9764 = ( GEOMETRIC_REPRESENTATION_CONTEXT(2) 
PARAMETRIC_REPRESENTATION_CONTEXT() REPRESENTATION_CONTEXT('2D SPACE',''
  ) );
#9765 = ORIENTED_EDGE('',*,*,#2899,.F.);
#9766 = ORIENTED_EDGE('',*,*,#9767,.T.);
#9767 = EDGE_CURVE('',#2872,#6786,#9768,.T.);
#9768 = SURFACE_CURVE('',#9769,(#9773,#9780),.PCURVE_S1.);
#9769 = LINE('',#9770,#9771);
#9770 = CARTESIAN_POINT('',(5.999684883433,-4.938507728119,5.));
#9771 = VECTOR('',#9772,1.);
#9772 = DIRECTION('',(1.224646799147E-16,-1.110223024625E-16,-1.));
#9773 = PCURVE('',#2916,#9774);
#9774 = DEFINITIONAL_REPRESENTATION('',(#9775),#9779);
#9775 = LINE('',#9776,#9777);
#9776 = CARTESIAN_POINT('',(3.151841544993,0.));
#9777 = VECTOR('',#9778,1.);
#9778 = DIRECTION('',(0.,-1.));
#9779 = ( GEOMETRIC_REPRESENTATION_CONTEXT(2) 
PARAMETRIC_REPRESENTATION_CONTEXT() REPRESENTATION_CONTEXT('2D SPACE',''
  ) );
#9780 = PCURVE('',#2887,#9781);
#9781 = DEFINITIONAL_REPRESENTATION('',(#9782),#9786);
#9782 = LINE('',#9783,#9784);
#9783 = CARTESIAN_POINT('',(0.125328054864,6.957104607086E-18));
#9784 = VECTOR('',#9785,1.);
#9785 = DIRECTION('',(1.060575238725E-16,-1.));
#9786 = ( GEOMETRIC_REPRESENTATION_CONTEXT(2) 
PARAMETRIC_REPRESENTATION_CONTEXT() REPRESENTATION_CONTEXT('2D SPACE',''
  ) );
#9787 = ADVANCED_FACE('',(#9788),#2831,.T.);
#9788 = FACE_BOUND('',#9789,.T.);
#9789 = EDGE_LOOP('',(#9790,#9791,#9812,#9813));
#9790 = ORIENTED_EDGE('',*,*,#6859,.T.);
#9791 = ORIENTED_EDGE('',*,*,#9792,.T.);
#9792 = EDGE_CURVE('',#6837,#2815,#9793,.T.);
#9793 = SURFACE_CURVE('',#9794,(#9798,#9805),.PCURVE_S1.);
#9794 = LINE('',#9795,#9796);
#9795 = CARTESIAN_POINT('',(5.999660555884,-5.063821737465,5.));
#9796 = VECTOR('',#9797,1.);
#9797 = DIRECTION('',(-1.224646799147E-16,1.110223024625E-16,1.));
#9798 = PCURVE('',#2831,#9799);
#9799 = DEFINITIONAL_REPRESENTATION('',(#9800),#9804);
#9800 = LINE('',#9801,#9802);
#9801 = CARTESIAN_POINT('',(3.130955496749,0.));
#9802 = VECTOR('',#9803,1.);
#9803 = DIRECTION('',(0.,1.));
#9804 = ( GEOMETRIC_REPRESENTATION_CONTEXT(2) 
PARAMETRIC_REPRESENTATION_CONTEXT() REPRESENTATION_CONTEXT('2D SPACE',''
  ) );
#9805 = PCURVE('',#2859,#9806);
#9806 = DEFINITIONAL_REPRESENTATION('',(#9807),#9811);
#9807 = LINE('',#9808,#9809);
#9808 = CARTESIAN_POINT('',(-0.12529996383,-6.955545241411E-18));
#9809 = VECTOR('',#9810,1.);
#9810 = DIRECTION('',(1.060575238725E-16,1.));
#9811 = ( GEOMETRIC_REPRESENTATION_CONTEXT(2) 
PARAMETRIC_REPRESENTATION_CONTEXT() REPRESENTATION_CONTEXT('2D SPACE',''
  ) );
#9812 = ORIENTED_EDGE('',*,*,#2814,.F.);
#9813 = ORIENTED_EDGE('',*,*,#9814,.T.);
#9814 = EDGE_CURVE('',#2787,#6860,#9815,.T.);
#9815 = SURFACE_CURVE('',#9816,(#9820,#9827),.PCURVE_S1.);
#9816 = LINE('',#9817,#9818);
#9817 = CARTESIAN_POINT('',(5.960082601383,-5.690952519857,5.));
#9818 = VECTOR('',#9819,1.);
#9819 = DIRECTION('',(1.224646799147E-16,-1.110223024625E-16,-1.));
#9820 = PCURVE('',#2831,#9821);
#9821 = DEFINITIONAL_REPRESENTATION('',(#9822),#9826);
#9822 = LINE('',#9823,#9824);
#9823 = CARTESIAN_POINT('',(3.026177838849,0.));
#9824 = VECTOR('',#9825,1.);
#9825 = DIRECTION('',(0.,-1.));
#9826 = ( GEOMETRIC_REPRESENTATION_CONTEXT(2) 
PARAMETRIC_REPRESENTATION_CONTEXT() REPRESENTATION_CONTEXT('2D SPACE',''
  ) );
#9827 = PCURVE('',#2802,#9828);
#9828 = DEFINITIONAL_REPRESENTATION('',(#9829),#9833);
#9829 = LINE('',#9830,#9831);
#9830 = CARTESIAN_POINT('',(0.125328054864,5.391972943647E-18));
#9831 = VECTOR('',#9832,1.);
#9832 = DIRECTION('',(1.128956757845E-16,-1.));
#9833 = ( GEOMETRIC_REPRESENTATION_CONTEXT(2) 
PARAMETRIC_REPRESENTATION_CONTEXT() REPRESENTATION_CONTEXT('2D SPACE',''
  ) );
#9834 = ADVANCED_FACE('',(#9835),#2746,.T.);
#9835 = FACE_BOUND('',#9836,.T.);
#9836 = EDGE_LOOP('',(#9837,#9838,#9859,#9860));
#9837 = ORIENTED_EDGE('',*,*,#6933,.T.);
#9838 = ORIENTED_EDGE('',*,*,#9839,.T.);
#9839 = EDGE_CURVE('',#6911,#2730,#9840,.T.);
#9840 = SURFACE_CURVE('',#9841,(#9845,#9852),.PCURVE_S1.);
#9841 = LINE('',#9842,#9843);
#9842 = CARTESIAN_POINT('',(5.944352455661,-5.81527534176,5.));
#9843 = VECTOR('',#9844,1.);
#9844 = DIRECTION('',(-1.224646799147E-16,1.110223024625E-16,1.));
#9845 = PCURVE('',#2746,#9846);
#9846 = DEFINITIONAL_REPRESENTATION('',(#9847),#9851);
#9847 = LINE('',#9848,#9849);
#9848 = CARTESIAN_POINT('',(3.005291790606,0.));
#9849 = VECTOR('',#9850,1.);
#9850 = DIRECTION('',(0.,1.));
#9851 = ( GEOMETRIC_REPRESENTATION_CONTEXT(2) 
PARAMETRIC_REPRESENTATION_CONTEXT() REPRESENTATION_CONTEXT('2D SPACE',''
  ) );
#9852 = PCURVE('',#2774,#9853);
#9853 = DEFINITIONAL_REPRESENTATION('',(#9854),#9858);
#9854 = LINE('',#9855,#9856);
#9855 = CARTESIAN_POINT('',(-0.12529996383,-8.410632992685E-18));
#9856 = VECTOR('',#9857,1.);
#9857 = DIRECTION('',(9.754678145334E-17,1.));
#9858 = ( GEOMETRIC_REPRESENTATION_CONTEXT(2) 
PARAMETRIC_REPRESENTATION_CONTEXT() REPRESENTATION_CONTEXT('2D SPACE',''
  ) );
#9859 = ORIENTED_EDGE('',*,*,#2729,.F.);
#9860 = ORIENTED_EDGE('',*,*,#9861,.T.);
#9861 = EDGE_CURVE('',#2702,#6934,#9862,.T.);
#9862 = SURFACE_CURVE('',#9863,(#9867,#9874),.PCURVE_S1.);
#9863 = LINE('',#9864,#9865);
#9864 = CARTESIAN_POINT('',(5.826486256327,-6.432500577602,5.));
#9865 = VECTOR('',#9866,1.);
#9866 = DIRECTION('',(1.224646799147E-16,-1.110223024625E-16,-1.));
#9867 = PCURVE('',#2746,#9868);
#9868 = DEFINITIONAL_REPRESENTATION('',(#9869),#9873);
#9869 = LINE('',#9870,#9871);
#9870 = CARTESIAN_POINT('',(2.900514132705,0.));
#9871 = VECTOR('',#9872,1.);
#9872 = DIRECTION('',(0.,-1.));
#9873 = ( GEOMETRIC_REPRESENTATION_CONTEXT(2) 
PARAMETRIC_REPRESENTATION_CONTEXT() REPRESENTATION_CONTEXT('2D SPACE',''
  ) );
#9874 = PCURVE('',#2717,#9875);
#9875 = DEFINITIONAL_REPRESENTATION('',(#9876),#9880);
#9876 = LINE('',#9877,#9878);
#9877 = CARTESIAN_POINT('',(0.125328054864,3.741806645878E-18));
#9878 = VECTOR('',#9879,1.);
#9879 = DIRECTION('',(1.179533954487E-16,-1.));
#9880 = ( GEOMETRIC_REPRESENTATION_CONTEXT(2) 
PARAMETRIC_REPRESENTATION_CONTEXT() REPRESENTATION_CONTEXT('2D SPACE',''
  ) );
#9881 = ADVANCED_FACE('',(#9882),#2661,.T.);
#9882 = FACE_BOUND('',#9883,.T.);
#9883 = EDGE_LOOP('',(#9884,#9885,#9906,#9907));
#9884 = ORIENTED_EDGE('',*,*,#7007,.T.);
#9885 = ORIENTED_EDGE('',*,*,#9886,.T.);
#9886 = EDGE_CURVE('',#6985,#2645,#9887,.T.);
#9887 = SURFACE_CURVE('',#9888,(#9892,#9899),.PCURVE_S1.);
#9888 = LINE('',#9889,#9890);
#9889 = CARTESIAN_POINT('',(5.795298366228,-6.553871566893,5.));
#9890 = VECTOR('',#9891,1.);
#9891 = DIRECTION('',(-1.224646799147E-16,1.110223024625E-16,1.));
#9892 = PCURVE('',#2661,#9893);
#9893 = DEFINITIONAL_REPRESENTATION('',(#9894),#9898);
#9894 = LINE('',#9895,#9896);
#9895 = CARTESIAN_POINT('',(2.879628084462,0.));
#9896 = VECTOR('',#9897,1.);
#9897 = DIRECTION('',(0.,1.));
#9898 = ( GEOMETRIC_REPRESENTATION_CONTEXT(2) 
PARAMETRIC_REPRESENTATION_CONTEXT() REPRESENTATION_CONTEXT('2D SPACE',''
  ) );
#9899 = PCURVE('',#2689,#9900);
#9900 = DEFINITIONAL_REPRESENTATION('',(#9901),#9905);
#9901 = LINE('',#9902,#9903);
#9902 = CARTESIAN_POINT('',(-0.12529996383,-9.733080037395E-18));
#9903 = VECTOR('',#9904,1.);
#9904 = DIRECTION('',(8.749766801906E-17,1.));
#9905 = ( GEOMETRIC_REPRESENTATION_CONTEXT(2) 
PARAMETRIC_REPRESENTATION_CONTEXT() REPRESENTATION_CONTEXT('2D SPACE',''
  ) );
#9906 = ORIENTED_EDGE('',*,*,#2644,.F.);
#9907 = ORIENTED_EDGE('',*,*,#9908,.T.);
#9908 = EDGE_CURVE('',#2617,#7008,#9909,.T.);
#9909 = SURFACE_CURVE('',#9910,(#9914,#9921),.PCURVE_S1.);
#9910 = LINE('',#9911,#9912);
#9911 = CARTESIAN_POINT('',(5.601002742435,-7.151457245504,5.));
#9912 = VECTOR('',#9913,1.);
#9913 = DIRECTION('',(1.224646799147E-16,-1.110223024625E-16,-1.));
#9914 = PCURVE('',#2661,#9915);
#9915 = DEFINITIONAL_REPRESENTATION('',(#9916),#9920);
#9916 = LINE('',#9917,#9918);
#9917 = CARTESIAN_POINT('',(2.774850426562,0.));
#9918 = VECTOR('',#9919,1.);
#9919 = DIRECTION('',(0.,-1.));
#9920 = ( GEOMETRIC_REPRESENTATION_CONTEXT(2) 
PARAMETRIC_REPRESENTATION_CONTEXT() REPRESENTATION_CONTEXT('2D SPACE',''
  ) );
#9921 = PCURVE('',#2632,#9922);
#9922 = DEFINITIONAL_REPRESENTATION('',(#9923),#9927);
#9923 = LINE('',#9924,#9925);
#9924 = CARTESIAN_POINT('',(0.125328054864,2.032629822057E-18));
#9925 = VECTOR('',#9926,1.);
#9926 = DIRECTION('',(1.211509196048E-16,-1.));
#9927 = ( GEOMETRIC_REPRESENTATION_CONTEXT(2) 
PARAMETRIC_REPRESENTATION_CONTEXT() REPRESENTATION_CONTEXT('2D SPACE',''
  ) );
#9928 = ADVANCED_FACE('',(#9929),#2576,.T.);
#9929 = FACE_BOUND('',#9930,.T.);
#9930 = EDGE_LOOP('',(#9931,#9932,#9953,#9954));
#9931 = ORIENTED_EDGE('',*,*,#7081,.T.);
#9932 = ORIENTED_EDGE('',*,*,#9933,.T.);
#9933 = EDGE_CURVE('',#7059,#2560,#9934,.T.);
#9934 = SURFACE_CURVE('',#9935,(#9939,#9946),.PCURVE_S1.);
#9935 = LINE('',#9936,#9937);
#9936 = CARTESIAN_POINT('',(5.554848959616,-7.267962309178,5.));
#9937 = VECTOR('',#9938,1.);
#9938 = DIRECTION('',(-1.224646799147E-16,1.110223024625E-16,1.));
#9939 = PCURVE('',#2576,#9940);
#9940 = DEFINITIONAL_REPRESENTATION('',(#9941),#9945);
#9941 = LINE('',#9942,#9943);
#9942 = CARTESIAN_POINT('',(2.753964378318,0.));
#9943 = VECTOR('',#9944,1.);
#9944 = DIRECTION('',(0.,1.));
#9945 = ( GEOMETRIC_REPRESENTATION_CONTEXT(2) 
PARAMETRIC_REPRESENTATION_CONTEXT() REPRESENTATION_CONTEXT('2D SPACE',''
  ) );
#9946 = PCURVE('',#2604,#9947);
#9947 = DEFINITIONAL_REPRESENTATION('',(#9948),#9952);
#9948 = LINE('',#9949,#9950);
#9949 = CARTESIAN_POINT('',(-0.12529996383,-1.090203059566E-17));
#9950 = VECTOR('',#9951,1.);
#9951 = DIRECTION('',(7.606866409153E-17,1.));
#9952 = ( GEOMETRIC_REPRESENTATION_CONTEXT(2) 
PARAMETRIC_REPRESENTATION_CONTEXT() REPRESENTATION_CONTEXT('2D SPACE',''
  ) );
#9953 = ORIENTED_EDGE('',*,*,#2559,.F.);
#9954 = ORIENTED_EDGE('',*,*,#9955,.T.);
#9955 = EDGE_CURVE('',#2532,#7082,#9956,.T.);
#9956 = SURFACE_CURVE('',#9957,(#9961,#9968),.PCURVE_S1.);
#9957 = LINE('',#9958,#9959);
#9958 = CARTESIAN_POINT('',(5.287188069419,-7.836484147426,5.));
#9959 = VECTOR('',#9960,1.);
#9960 = DIRECTION('',(1.224646799147E-16,-1.110223024625E-16,-1.));
#9961 = PCURVE('',#2576,#9962);
#9962 = DEFINITIONAL_REPRESENTATION('',(#9963),#9967);
#9963 = LINE('',#9964,#9965);
#9964 = CARTESIAN_POINT('',(2.649186720418,0.));
#9965 = VECTOR('',#9966,1.);
#9966 = DIRECTION('',(0.,-1.));
#9967 = ( GEOMETRIC_REPRESENTATION_CONTEXT(2) 
PARAMETRIC_REPRESENTATION_CONTEXT() REPRESENTATION_CONTEXT('2D SPACE',''
  ) );
#9968 = PCURVE('',#2547,#9969);
#9969 = DEFINITIONAL_REPRESENTATION('',(#9970),#9974);
#9970 = LINE('',#9971,#9972);
#9971 = CARTESIAN_POINT('',(0.125328054864,2.913972117081E-19));
#9972 = VECTOR('',#9973,1.);
#9973 = DIRECTION('',(1.224378213867E-16,-1.));
#9974 = ( GEOMETRIC_REPRESENTATION_CONTEXT(2) 
PARAMETRIC_REPRESENTATION_CONTEXT() REPRESENTATION_CONTEXT('2D SPACE',''
  ) );
#9975 = ADVANCED_FACE('',(#9976),#2491,.T.);
#9976 = FACE_BOUND('',#9977,.T.);
#9977 = EDGE_LOOP('',(#9978,#9979,#10000,#10001));
#9978 = ORIENTED_EDGE('',*,*,#7155,.T.);
#9979 = ORIENTED_EDGE('',*,*,#9980,.T.);
#9980 = EDGE_CURVE('',#7133,#2475,#9981,.T.);
#9981 = SURFACE_CURVE('',#9982,(#9986,#9993),.PCURVE_S1.);
#9982 = LINE('',#9983,#9984);
#9983 = CARTESIAN_POINT('',(5.226796266605,-7.946285931033,5.));
#9984 = VECTOR('',#9985,1.);
#9985 = DIRECTION('',(-1.224646799147E-16,1.110223024625E-16,1.));
#9986 = PCURVE('',#2491,#9987);
#9987 = DEFINITIONAL_REPRESENTATION('',(#9988),#9992);
#9988 = LINE('',#9989,#9990);
#9989 = CARTESIAN_POINT('',(2.628300672175,0.));
#9990 = VECTOR('',#9991,1.);
#9991 = DIRECTION('',(0.,1.));
#9992 = ( GEOMETRIC_REPRESENTATION_CONTEXT(2) 
PARAMETRIC_REPRESENTATION_CONTEXT() REPRESENTATION_CONTEXT('2D SPACE',''
  ) );
#9993 = PCURVE('',#2519,#9994);
#9994 = DEFINITIONAL_REPRESENTATION('',(#9995),#9999);
#9995 = LINE('',#9996,#9997);
#9996 = CARTESIAN_POINT('',(-0.12529996383,-1.189904961886E-17));
#9997 = VECTOR('',#9998,1.);
#9998 = DIRECTION('',(6.344001189007E-17,1.));
#9999 = ( GEOMETRIC_REPRESENTATION_CONTEXT(2) 
PARAMETRIC_REPRESENTATION_CONTEXT() REPRESENTATION_CONTEXT('2D SPACE',''
  ) );
#10000 = ORIENTED_EDGE('',*,*,#2474,.F.);
#10001 = ORIENTED_EDGE('',*,*,#10002,.T.);
#10002 = EDGE_CURVE('',#2447,#7156,#10003,.T.);
#10003 = SURFACE_CURVE('',#10004,(#10008,#10015),.PCURVE_S1.);
#10004 = LINE('',#10005,#10006);
#10005 = CARTESIAN_POINT('',(4.889991282134,-8.476777999909,5.));
#10006 = VECTOR('',#10007,1.);
#10007 = DIRECTION('',(1.224646799147E-16,-1.110223024625E-16,-1.));
#10008 = PCURVE('',#2491,#10009);
#10009 = DEFINITIONAL_REPRESENTATION('',(#10010),#10014);
#10010 = LINE('',#10011,#10012);
#10011 = CARTESIAN_POINT('',(2.523523014275,0.));
#10012 = VECTOR('',#10013,1.);
#10013 = DIRECTION('',(0.,-1.));
#10014 = ( GEOMETRIC_REPRESENTATION_CONTEXT(2) 
PARAMETRIC_REPRESENTATION_CONTEXT() REPRESENTATION_CONTEXT('2D SPACE',''
  ) );
#10015 = PCURVE('',#2462,#10016);
#10016 = DEFINITIONAL_REPRESENTATION('',(#10017),#10021);
#10017 = LINE('',#10018,#10019);
#10018 = CARTESIAN_POINT('',(0.125328054864,-1.454430906742E-18));
#10019 = VECTOR('',#10020,1.);
#10020 = DIRECTION('',(1.217938055845E-16,-1.));
#10021 = ( GEOMETRIC_REPRESENTATION_CONTEXT(2) 
PARAMETRIC_REPRESENTATION_CONTEXT() REPRESENTATION_CONTEXT('2D SPACE',''
  ) );
#10022 = ADVANCED_FACE('',(#10023),#2406,.T.);
#10023 = FACE_BOUND('',#10024,.T.);
#10024 = EDGE_LOOP('',(#10025,#10026,#10047,#10048));
#10025 = ORIENTED_EDGE('',*,*,#7229,.T.);
#10026 = ORIENTED_EDGE('',*,*,#10027,.T.);
#10027 = EDGE_CURVE('',#7207,#2390,#10028,.T.);
#10028 = SURFACE_CURVE('',#10029,(#10033,#10040),.PCURVE_S1.);
#10029 = LINE('',#10030,#10031);
#10030 = CARTESIAN_POINT('',(4.816313874133,-8.578144863729,5.));
#10031 = VECTOR('',#10032,1.);
#10032 = DIRECTION('',(-1.224646799147E-16,1.110223024625E-16,1.));
#10033 = PCURVE('',#2406,#10034);
#10034 = DEFINITIONAL_REPRESENTATION('',(#10035),#10039);
#10035 = LINE('',#10036,#10037);
#10036 = CARTESIAN_POINT('',(2.502636966031,0.));
#10037 = VECTOR('',#10038,1.);
#10038 = DIRECTION('',(0.,1.));
#10039 = ( GEOMETRIC_REPRESENTATION_CONTEXT(2) 
PARAMETRIC_REPRESENTATION_CONTEXT() REPRESENTATION_CONTEXT('2D SPACE',''
  ) );
#10040 = PCURVE('',#2434,#10041);
#10041 = DEFINITIONAL_REPRESENTATION('',(#10042),#10046);
#10042 = LINE('',#10043,#10044);
#10043 = CARTESIAN_POINT('',(-0.12529996383,-1.270841352144E-17));
#10044 = VECTOR('',#10045,1.);
#10045 = DIRECTION('',(4.981087280387E-17,1.));
#10046 = ( GEOMETRIC_REPRESENTATION_CONTEXT(2) 
PARAMETRIC_REPRESENTATION_CONTEXT() REPRESENTATION_CONTEXT('2D SPACE',''
  ) );
#10047 = ORIENTED_EDGE('',*,*,#2389,.F.);
#10048 = ORIENTED_EDGE('',*,*,#10049,.T.);
#10049 = EDGE_CURVE('',#2362,#7230,#10050,.T.);
#10050 = SURFACE_CURVE('',#10051,(#10055,#10062),.PCURVE_S1.);
#10051 = LINE('',#10052,#10053);
#10052 = CARTESIAN_POINT('',(4.415676411191,-9.062240986408,5.));
#10053 = VECTOR('',#10054,1.);
#10054 = DIRECTION('',(1.224646799147E-16,-1.110223024625E-16,-1.));
#10055 = PCURVE('',#2406,#10056);
#10056 = DEFINITIONAL_REPRESENTATION('',(#10057),#10061);
#10057 = LINE('',#10058,#10059);
#10058 = CARTESIAN_POINT('',(2.397859308131,0.));
#10059 = VECTOR('',#10060,1.);
#10060 = DIRECTION('',(0.,-1.));
#10061 = ( GEOMETRIC_REPRESENTATION_CONTEXT(2) 
PARAMETRIC_REPRESENTATION_CONTEXT() REPRESENTATION_CONTEXT('2D SPACE',''
  ) );
#10062 = PCURVE('',#2377,#10063);
#10063 = DEFINITIONAL_REPRESENTATION('',(#10064),#10068);
#10064 = LINE('',#10065,#10066);
#10065 = CARTESIAN_POINT('',(0.125328054864,-3.177321780958E-18));
#10066 = VECTOR('',#10067,1.);
#10067 = DIRECTION('',(1.192290287121E-16,-1.));
#10068 = ( GEOMETRIC_REPRESENTATION_CONTEXT(2) 
PARAMETRIC_REPRESENTATION_CONTEXT() REPRESENTATION_CONTEXT('2D SPACE',''
  ) );
#10069 = ADVANCED_FACE('',(#10070),#2321,.T.);
#10070 = FACE_BOUND('',#10071,.T.);
#10071 = EDGE_LOOP('',(#10072,#10073,#10094,#10095));
#10072 = ORIENTED_EDGE('',*,*,#7303,.T.);
#10073 = ORIENTED_EDGE('',*,*,#10074,.T.);
#10074 = EDGE_CURVE('',#7281,#2305,#10075,.T.);
#10075 = SURFACE_CURVE('',#10076,(#10080,#10087),.PCURVE_S1.);
#10076 = LINE('',#10077,#10078);
#10077 = CARTESIAN_POINT('',(4.32987533474,-9.153574314444,5.));
#10078 = VECTOR('',#10079,1.);
#10079 = DIRECTION('',(-1.224646799147E-16,1.110223024625E-16,1.));
#10080 = PCURVE('',#2321,#10081);
#10081 = DEFINITIONAL_REPRESENTATION('',(#10082),#10086);
#10082 = LINE('',#10083,#10084);
#10083 = CARTESIAN_POINT('',(2.376973259888,0.));
#10084 = VECTOR('',#10085,1.);
#10085 = DIRECTION('',(0.,1.));
#10086 = ( GEOMETRIC_REPRESENTATION_CONTEXT(2) 
PARAMETRIC_REPRESENTATION_CONTEXT() REPRESENTATION_CONTEXT('2D SPACE',''
  ) );
#10087 = PCURVE('',#2349,#10088);
#10088 = DEFINITIONAL_REPRESENTATION('',(#10089),#10093);
#10089 = LINE('',#10090,#10091);
#10090 = CARTESIAN_POINT('',(-0.12529996383,-1.331735815114E-17));
#10091 = VECTOR('',#10092,1.);
#10092 = DIRECTION('',(3.539618649799E-17,1.));
#10093 = ( GEOMETRIC_REPRESENTATION_CONTEXT(2) 
PARAMETRIC_REPRESENTATION_CONTEXT() REPRESENTATION_CONTEXT('2D SPACE',''
  ) );
#10094 = ORIENTED_EDGE('',*,*,#2304,.F.);
#10095 = ORIENTED_EDGE('',*,*,#10096,.T.);
#10096 = EDGE_CURVE('',#2277,#7304,#10097,.T.);
#10097 = SURFACE_CURVE('',#10098,(#10102,#10109),.PCURVE_S1.);
#10098 = LINE('',#10099,#10100);
#10099 = CARTESIAN_POINT('',(3.871723685446,-9.583640005886,5.));
#10100 = VECTOR('',#10101,1.);
#10101 = DIRECTION('',(1.224646799147E-16,-1.110223024625E-16,-1.));
#10102 = PCURVE('',#2321,#10103);
#10103 = DEFINITIONAL_REPRESENTATION('',(#10104),#10108);
#10104 = LINE('',#10105,#10106);
#10105 = CARTESIAN_POINT('',(2.272195601987,0.));
#10106 = VECTOR('',#10107,1.);
#10107 = DIRECTION('',(0.,-1.));
#10108 = ( GEOMETRIC_REPRESENTATION_CONTEXT(2) 
PARAMETRIC_REPRESENTATION_CONTEXT() REPRESENTATION_CONTEXT('2D SPACE',''
  ) );
#10109 = PCURVE('',#2292,#10110);
#10110 = DEFINITIONAL_REPRESENTATION('',(#10111),#10115);
#10111 = LINE('',#10112,#10113);
#10112 = CARTESIAN_POINT('',(0.125328054864,-4.850104392648E-18));
#10113 = VECTOR('',#10114,1.);
#10114 = DIRECTION('',(1.14783938833E-16,-1.));
#10115 = ( GEOMETRIC_REPRESENTATION_CONTEXT(2) 
PARAMETRIC_REPRESENTATION_CONTEXT() REPRESENTATION_CONTEXT('2D SPACE',''
  ) );
#10116 = ADVANCED_FACE('',(#10117),#2236,.T.);
#10117 = FACE_BOUND('',#10118,.T.);
#10118 = EDGE_LOOP('',(#10119,#10120,#10141,#10142));
#10119 = ORIENTED_EDGE('',*,*,#7377,.T.);
#10120 = ORIENTED_EDGE('',*,*,#10121,.T.);
#10121 = EDGE_CURVE('',#7355,#2220,#10122,.T.);
#10122 = SURFACE_CURVE('',#10123,(#10127,#10134),.PCURVE_S1.);
#10123 = LINE('',#10124,#10125);
#10124 = CARTESIAN_POINT('',(3.775152074775,-9.663499416996,5.));
#10125 = VECTOR('',#10126,1.);
#10126 = DIRECTION('',(-1.224646799147E-16,1.110223024625E-16,1.));
#10127 = PCURVE('',#2236,#10128);
#10128 = DEFINITIONAL_REPRESENTATION('',(#10129),#10133);
#10129 = LINE('',#10130,#10131);
#10130 = CARTESIAN_POINT('',(2.251309553744,0.));
#10131 = VECTOR('',#10132,1.);
#10132 = DIRECTION('',(0.,1.));
#10133 = ( GEOMETRIC_REPRESENTATION_CONTEXT(2) 
PARAMETRIC_REPRESENTATION_CONTEXT() REPRESENTATION_CONTEXT('2D SPACE',''
  ) );
#10134 = PCURVE('',#2264,#10135);
#10135 = DEFINITIONAL_REPRESENTATION('',(#10136),#10140);
#10136 = LINE('',#10137,#10138);
#10137 = CARTESIAN_POINT('',(-0.12529996383,-1.371628008739E-17));
#10138 = VECTOR('',#10139,1.);
#10139 = DIRECTION('',(2.042328118637E-17,1.));
#10140 = ( GEOMETRIC_REPRESENTATION_CONTEXT(2) 
PARAMETRIC_REPRESENTATION_CONTEXT() REPRESENTATION_CONTEXT('2D SPACE',''
  ) );
#10141 = ORIENTED_EDGE('',*,*,#2219,.F.);
#10142 = ORIENTED_EDGE('',*,*,#10143,.T.);
#10143 = EDGE_CURVE('',#2192,#7378,#10144,.T.);
#10144 = SURFACE_CURVE('',#10145,(#10149,#10156),.PCURVE_S1.);
#10145 = LINE('',#10146,#10147);
#10146 = CARTESIAN_POINT('',(3.266711564326,-10.03275228433,5.));
#10147 = VECTOR('',#10148,1.);
#10148 = DIRECTION('',(1.224646799147E-16,-1.110223024625E-16,-1.));
#10149 = PCURVE('',#2236,#10150);
#10150 = DEFINITIONAL_REPRESENTATION('',(#10151),#10155);
#10151 = LINE('',#10152,#10153);
#10152 = CARTESIAN_POINT('',(2.146531895844,0.));
#10153 = VECTOR('',#10154,1.);
#10154 = DIRECTION('',(0.,-1.));
#10155 = ( GEOMETRIC_REPRESENTATION_CONTEXT(2) 
PARAMETRIC_REPRESENTATION_CONTEXT() REPRESENTATION_CONTEXT('2D SPACE',''
  ) );
#10156 = PCURVE('',#2207,#10157);
#10157 = DEFINITIONAL_REPRESENTATION('',(#10158),#10162);
#10158 = LINE('',#10159,#10160);
#10159 = CARTESIAN_POINT('',(0.125328054864,-6.446397960754E-18));
#10160 = VECTOR('',#10161,1.);
#10161 = DIRECTION('',(1.085286376698E-16,-1.));
#10162 = ( GEOMETRIC_REPRESENTATION_CONTEXT(2) 
PARAMETRIC_REPRESENTATION_CONTEXT() REPRESENTATION_CONTEXT('2D SPACE',''
  ) );
#10163 = ADVANCED_FACE('',(#10164),#2151,.T.);
#10164 = FACE_BOUND('',#10165,.T.);
#10165 = EDGE_LOOP('',(#10166,#10167,#10188,#10189));
#10166 = ORIENTED_EDGE('',*,*,#7451,.T.);
#10167 = ORIENTED_EDGE('',*,*,#10168,.T.);
#10168 = EDGE_CURVE('',#7429,#2135,#10169,.T.);
#10169 = SURFACE_CURVE('',#10170,(#10174,#10181),.PCURVE_S1.);
#10170 = LINE('',#10171,#10172);
#10171 = CARTESIAN_POINT('',(3.160892411425,-10.0998783479,5.));
#10172 = VECTOR('',#10173,1.);
#10173 = DIRECTION('',(-1.224646799147E-16,1.110223024625E-16,1.));
#10174 = PCURVE('',#2151,#10175);
#10175 = DEFINITIONAL_REPRESENTATION('',(#10176),#10180);
#10176 = LINE('',#10177,#10178);
#10177 = CARTESIAN_POINT('',(2.125645847601,0.));
#10178 = VECTOR('',#10179,1.);
#10179 = DIRECTION('',(0.,1.));
#10180 = ( GEOMETRIC_REPRESENTATION_CONTEXT(2) 
PARAMETRIC_REPRESENTATION_CONTEXT() REPRESENTATION_CONTEXT('2D SPACE',''
  ) );
#10181 = PCURVE('',#2179,#10182);
#10182 = DEFINITIONAL_REPRESENTATION('',(#10183),#10187);
#10183 = LINE('',#10184,#10185);
#10184 = CARTESIAN_POINT('',(-0.12529996383,-1.389888809296E-17));
#10185 = VECTOR('',#10186,1.);
#10186 = DIRECTION('',(5.128288530167E-18,1.));
#10187 = ( GEOMETRIC_REPRESENTATION_CONTEXT(2) 
PARAMETRIC_REPRESENTATION_CONTEXT() REPRESENTATION_CONTEXT('2D SPACE',''
  ) );
#10188 = ORIENTED_EDGE('',*,*,#2134,.F.);
#10189 = ORIENTED_EDGE('',*,*,#10190,.T.);
#10190 = EDGE_CURVE('',#2107,#7452,#10191,.T.);
#10191 = SURFACE_CURVE('',#10192,(#10196,#10203),.PCURVE_S1.);
#10192 = LINE('',#10193,#10194);
#10193 = CARTESIAN_POINT('',(2.610181450398,-10.40249505284,5.));
#10194 = VECTOR('',#10195,1.);
#10195 = DIRECTION('',(1.224646799147E-16,-1.110223024625E-16,-1.));
#10196 = PCURVE('',#2151,#10197);
#10197 = DEFINITIONAL_REPRESENTATION('',(#10198),#10202);
#10198 = LINE('',#10199,#10200);
#10199 = CARTESIAN_POINT('',(2.0208681897,0.));
#10200 = VECTOR('',#10201,1.);
#10201 = DIRECTION('',(0.,-1.));
#10202 = ( GEOMETRIC_REPRESENTATION_CONTEXT(2) 
PARAMETRIC_REPRESENTATION_CONTEXT() REPRESENTATION_CONTEXT('2D SPACE',''
  ) );
#10203 = PCURVE('',#2122,#10204);
#10204 = DEFINITIONAL_REPRESENTATION('',(#10205),#10209);
#10205 = LINE('',#10206,#10207);
#10206 = CARTESIAN_POINT('',(0.125328054864,-7.941027982127E-18));
#10207 = VECTOR('',#10208,1.);
#10208 = DIRECTION('',(1.005617750588E-16,-1.));
#10209 = ( GEOMETRIC_REPRESENTATION_CONTEXT(2) 
PARAMETRIC_REPRESENTATION_CONTEXT() REPRESENTATION_CONTEXT('2D SPACE',''
  ) );
#10210 = ADVANCED_FACE('',(#10211),#2066,.T.);
#10211 = FACE_BOUND('',#10212,.T.);
#10212 = EDGE_LOOP('',(#10213,#10214,#10235,#10236));
#10213 = ORIENTED_EDGE('',*,*,#7525,.T.);
#10214 = ORIENTED_EDGE('',*,*,#10215,.T.);
#10215 = EDGE_CURVE('',#7503,#2050,#10216,.T.);
#10216 = SURFACE_CURVE('',#10217,(#10221,#10228),.PCURVE_S1.);
#10217 = LINE('',#10218,#10219);
#10218 = CARTESIAN_POINT('',(2.496783586521,-10.45582915074,5.));
#10219 = VECTOR('',#10220,1.);
#10220 = DIRECTION('',(-1.224646799147E-16,1.110223024625E-16,1.));
#10221 = PCURVE('',#2066,#10222);
#10222 = DEFINITIONAL_REPRESENTATION('',(#10223),#10227);
#10223 = LINE('',#10224,#10225);
#10224 = CARTESIAN_POINT('',(1.999982141457,0.));
#10225 = VECTOR('',#10226,1.);
#10226 = DIRECTION('',(0.,1.));
#10227 = ( GEOMETRIC_REPRESENTATION_CONTEXT(2) 
PARAMETRIC_REPRESENTATION_CONTEXT() REPRESENTATION_CONTEXT('2D SPACE',''
  ) );
#10228 = PCURVE('',#2094,#10229);
#10229 = DEFINITIONAL_REPRESENTATION('',(#10230),#10234);
#10230 = LINE('',#10231,#10232);
#10231 = CARTESIAN_POINT('',(-0.12529996383,-1.386230233051E-17));
#10232 = VECTOR('',#10233,1.);
#10233 = DIRECTION('',(-1.024758029965E-17,1.));
#10234 = ( GEOMETRIC_REPRESENTATION_CONTEXT(2) 
PARAMETRIC_REPRESENTATION_CONTEXT() REPRESENTATION_CONTEXT('2D SPACE',''
  ) );
#10235 = ORIENTED_EDGE('',*,*,#2049,.F.);
#10236 = ORIENTED_EDGE('',*,*,#10237,.T.);
#10237 = EDGE_CURVE('',#2022,#7526,#10238,.T.);
#10238 = SURFACE_CURVE('',#10239,(#10243,#10250),.PCURVE_S1.);
#10239 = LINE('',#10240,#10241);
#10240 = CARTESIAN_POINT('',(1.91248721575,-10.68703724707,5.));
#10241 = VECTOR('',#10242,1.);
#10242 = DIRECTION('',(1.224646799147E-16,-1.110223024625E-16,-1.));
#10243 = PCURVE('',#2066,#10244);
#10244 = DEFINITIONAL_REPRESENTATION('',(#10245),#10249);
#10245 = LINE('',#10246,#10247);
#10246 = CARTESIAN_POINT('',(1.895204483557,0.));
#10247 = VECTOR('',#10248,1.);
#10248 = DIRECTION('',(0.,-1.));
#10249 = ( GEOMETRIC_REPRESENTATION_CONTEXT(2) 
PARAMETRIC_REPRESENTATION_CONTEXT() REPRESENTATION_CONTEXT('2D SPACE',''
  ) );
#10250 = PCURVE('',#2037,#10251);
#10251 = DEFINITIONAL_REPRESENTATION('',(#10252),#10256);
#10252 = LINE('',#10253,#10254);
#10253 = CARTESIAN_POINT('',(0.125328054864,-9.310423248482E-18));
#10254 = VECTOR('',#10255,1.);
#10255 = DIRECTION('',(9.100899318238E-17,-1.));
#10256 = ( GEOMETRIC_REPRESENTATION_CONTEXT(2) 
PARAMETRIC_REPRESENTATION_CONTEXT() REPRESENTATION_CONTEXT('2D SPACE',''
  ) );
#10257 = ADVANCED_FACE('',(#10258),#1981,.T.);
#10258 = FACE_BOUND('',#10259,.T.);
#10259 = EDGE_LOOP('',(#10260,#10261,#10282,#10283));
#10260 = ORIENTED_EDGE('',*,*,#7599,.T.);
#10261 = ORIENTED_EDGE('',*,*,#10262,.T.);
#10262 = EDGE_CURVE('',#7577,#1965,#10263,.T.);
#10263 = SURFACE_CURVE('',#10264,(#10268,#10275),.PCURVE_S1.);
#10264 = LINE('',#10265,#10266);
#10265 = CARTESIAN_POINT('',(1.793298992951,-10.72573826872,5.));
#10266 = VECTOR('',#10267,1.);
#10267 = DIRECTION('',(-1.224646799147E-16,1.110223024625E-16,1.));
#10268 = PCURVE('',#1981,#10269);
#10269 = DEFINITIONAL_REPRESENTATION('',(#10270),#10274);
#10270 = LINE('',#10271,#10272);
#10271 = CARTESIAN_POINT('',(1.874318435313,0.));
#10272 = VECTOR('',#10273,1.);
#10273 = DIRECTION('',(0.,1.));
#10274 = ( GEOMETRIC_REPRESENTATION_CONTEXT(2) 
PARAMETRIC_REPRESENTATION_CONTEXT() REPRESENTATION_CONTEXT('2D SPACE',''
  ) );
#10275 = PCURVE('',#2009,#10276);
#10276 = DEFINITIONAL_REPRESENTATION('',(#10277),#10281);
#10277 = LINE('',#10278,#10279);
#10278 = CARTESIAN_POINT('',(-0.12529996383,-1.360709977936E-17));
#10279 = VECTOR('',#10280,1.);
#10280 = DIRECTION('',(-2.546183866653E-17,1.));
#10281 = ( GEOMETRIC_REPRESENTATION_CONTEXT(2) 
PARAMETRIC_REPRESENTATION_CONTEXT() REPRESENTATION_CONTEXT('2D SPACE',''
  ) );
#10282 = ORIENTED_EDGE('',*,*,#1964,.F.);
#10283 = ORIENTED_EDGE('',*,*,#10284,.T.);
#10284 = EDGE_CURVE('',#1937,#7600,#10285,.T.);
#10285 = SURFACE_CURVE('',#10286,(#10290,#10297),.PCURVE_S1.);
#10286 = LINE('',#10287,#10288);
#10287 = CARTESIAN_POINT('',(1.184631915245,-10.88189146664,5.));
#10288 = VECTOR('',#10289,1.);
#10289 = DIRECTION('',(1.224646799147E-16,-1.110223024625E-16,-1.));
#10290 = PCURVE('',#1981,#10291);
#10291 = DEFINITIONAL_REPRESENTATION('',(#10292),#10296);
#10292 = LINE('',#10293,#10294);
#10293 = CARTESIAN_POINT('',(1.769540777413,0.));
#10294 = VECTOR('',#10295,1.);
#10295 = DIRECTION('',(0.,-1.));
#10296 = ( GEOMETRIC_REPRESENTATION_CONTEXT(2) 
PARAMETRIC_REPRESENTATION_CONTEXT() REPRESENTATION_CONTEXT('2D SPACE',''
  ) );
#10297 = PCURVE('',#1952,#10298);
#10298 = DEFINITIONAL_REPRESENTATION('',(#10299),#10303);
#10299 = LINE('',#10300,#10301);
#10300 = CARTESIAN_POINT('',(0.125328054864,-1.053298757843E-17));
#10301 = VECTOR('',#10302,1.);
#10302 = DIRECTION('',(8.002094511734E-17,-1.));
#10303 = ( GEOMETRIC_REPRESENTATION_CONTEXT(2) 
PARAMETRIC_REPRESENTATION_CONTEXT() REPRESENTATION_CONTEXT('2D SPACE',''
  ) );
#10304 = ADVANCED_FACE('',(#10305),#1896,.T.);
#10305 = FACE_BOUND('',#10306,.T.);
#10306 = EDGE_LOOP('',(#10307,#10308,#10329,#10330));
#10307 = ORIENTED_EDGE('',*,*,#7673,.T.);
#10308 = ORIENTED_EDGE('',*,*,#10309,.T.);
#10309 = EDGE_CURVE('',#7651,#1880,#10310,.T.);
#10310 = SURFACE_CURVE('',#10311,(#10315,#10322),.PCURVE_S1.);
#10311 = LINE('',#10312,#10313);
#10312 = CARTESIAN_POINT('',(1.061533002998,-10.90534907381,5.));
#10313 = VECTOR('',#10314,1.);
#10314 = DIRECTION('',(-1.224646799147E-16,1.110223024625E-16,1.));
#10315 = PCURVE('',#1896,#10316);
#10316 = DEFINITIONAL_REPRESENTATION('',(#10317),#10321);
#10317 = LINE('',#10318,#10319);
#10318 = CARTESIAN_POINT('',(1.74865472917,0.));
#10319 = VECTOR('',#10320,1.);
#10320 = DIRECTION('',(0.,1.));
#10321 = ( GEOMETRIC_REPRESENTATION_CONTEXT(2) 
PARAMETRIC_REPRESENTATION_CONTEXT() REPRESENTATION_CONTEXT('2D SPACE',''
  ) );
#10322 = PCURVE('',#1924,#10323);
#10323 = DEFINITIONAL_REPRESENTATION('',(#10324),#10328);
#10324 = LINE('',#10325,#10326);
#10325 = CARTESIAN_POINT('',(-0.12529996383,-1.313730513621E-17));
#10326 = VECTOR('',#10327,1.);
#10327 = DIRECTION('',(-4.027454862747E-17,1.));
#10328 = ( GEOMETRIC_REPRESENTATION_CONTEXT(2) 
PARAMETRIC_REPRESENTATION_CONTEXT() REPRESENTATION_CONTEXT('2D SPACE',''
  ) );
#10329 = ORIENTED_EDGE('',*,*,#1879,.F.);
#10330 = ORIENTED_EDGE('',*,*,#10331,.T.);
#10331 = EDGE_CURVE('',#1852,#7674,#10332,.T.);
#10332 = SURFACE_CURVE('',#10333,(#10337,#10344),.PCURVE_S1.);
#10333 = LINE('',#10334,#10335);
#10334 = CARTESIAN_POINT('',(0.438094261772,-10.98398474411,5.));
#10335 = VECTOR('',#10336,1.);
#10336 = DIRECTION('',(1.224646799147E-16,-1.110223024625E-16,-1.));
#10337 = PCURVE('',#1896,#10338);
#10338 = DEFINITIONAL_REPRESENTATION('',(#10339),#10343);
#10339 = LINE('',#10340,#10341);
#10340 = CARTESIAN_POINT('',(1.64387707127,0.));
#10341 = VECTOR('',#10342,1.);
#10342 = DIRECTION('',(0.,-1.));
#10343 = ( GEOMETRIC_REPRESENTATION_CONTEXT(2) 
PARAMETRIC_REPRESENTATION_CONTEXT() REPRESENTATION_CONTEXT('2D SPACE',''
  ) );
#10344 = PCURVE('',#1867,#10345);
#10345 = DEFINITIONAL_REPRESENTATION('',(#10346),#10350);
#10346 = LINE('',#10347,#10348);
#10347 = CARTESIAN_POINT('',(0.125328054864,-1.158944040217E-17));
#10348 = VECTOR('',#10349,1.);
#10349 = DIRECTION('',(6.777091894561E-17,-1.));
#10350 = ( GEOMETRIC_REPRESENTATION_CONTEXT(2) 
PARAMETRIC_REPRESENTATION_CONTEXT() REPRESENTATION_CONTEXT('2D SPACE',''
  ) );
#10351 = ADVANCED_FACE('',(#10352),#1811,.T.);
#10352 = FACE_BOUND('',#10353,.T.);
#10353 = EDGE_LOOP('',(#10354,#10355,#10376,#10377));
#10354 = ORIENTED_EDGE('',*,*,#7747,.T.);
#10355 = ORIENTED_EDGE('',*,*,#10356,.T.);
#10356 = EDGE_CURVE('',#7725,#1795,#10357,.T.);
#10357 = SURFACE_CURVE('',#10358,(#10362,#10369),.PCURVE_S1.);
#10358 = LINE('',#10359,#10360);
#10359 = CARTESIAN_POINT('',(0.313026003458,-10.99182899632,5.));
#10360 = VECTOR('',#10361,1.);
#10361 = DIRECTION('',(-1.224646799147E-16,1.110223024625E-16,1.));
#10362 = PCURVE('',#1811,#10363);
#10363 = DEFINITIONAL_REPRESENTATION('',(#10364),#10368);
#10364 = LINE('',#10365,#10366);
#10365 = CARTESIAN_POINT('',(1.622991023026,0.));
#10366 = VECTOR('',#10367,1.);
#10367 = DIRECTION('',(0.,1.));
#10368 = ( GEOMETRIC_REPRESENTATION_CONTEXT(2) 
PARAMETRIC_REPRESENTATION_CONTEXT() REPRESENTATION_CONTEXT('2D SPACE',''
  ) );
#10369 = PCURVE('',#1839,#10370);
#10370 = DEFINITIONAL_REPRESENTATION('',(#10371),#10375);
#10371 = LINE('',#10372,#10373);
#10372 = CARTESIAN_POINT('',(-0.12529996383,-1.246032734322E-17));
#10373 = VECTOR('',#10374,1.);
#10374 = DIRECTION('',(-5.445210489771E-17,1.));
#10375 = ( GEOMETRIC_REPRESENTATION_CONTEXT(2) 
PARAMETRIC_REPRESENTATION_CONTEXT() REPRESENTATION_CONTEXT('2D SPACE',''
  ) );
#10376 = ORIENTED_EDGE('',*,*,#1794,.F.);
#10377 = ORIENTED_EDGE('',*,*,#10378,.T.);
#10378 = EDGE_CURVE('',#1767,#7748,#10379,.T.);
#10379 = SURFACE_CURVE('',#10380,(#10384,#10391),.PCURVE_S1.);
#10380 = LINE('',#10381,#10382);
#10381 = CARTESIAN_POINT('',(-0.315352399913,-10.99170700751,5.));
#10382 = VECTOR('',#10383,1.);
#10383 = DIRECTION('',(1.224646799147E-16,-1.110223024625E-16,-1.));
#10384 = PCURVE('',#1811,#10385);
#10385 = DEFINITIONAL_REPRESENTATION('',(#10386),#10390);
#10386 = LINE('',#10387,#10388);
#10387 = CARTESIAN_POINT('',(1.518213365126,0.));
#10388 = VECTOR('',#10389,1.);
#10389 = DIRECTION('',(0.,-1.));
#10390 = ( GEOMETRIC_REPRESENTATION_CONTEXT(2) 
PARAMETRIC_REPRESENTATION_CONTEXT() REPRESENTATION_CONTEXT('2D SPACE',''
  ) );
#10391 = PCURVE('',#1782,#10392);
#10392 = DEFINITIONAL_REPRESENTATION('',(#10393),#10397);
#10393 = LINE('',#10394,#10395);
#10394 = CARTESIAN_POINT('',(0.125328054864,-1.246312082756E-17));
#10395 = VECTOR('',#10396,1.);
#10396 = DIRECTION('',(5.445210489771E-17,-1.));
#10397 = ( GEOMETRIC_REPRESENTATION_CONTEXT(2) 
PARAMETRIC_REPRESENTATION_CONTEXT() REPRESENTATION_CONTEXT('2D SPACE',''
  ) );
#10398 = ADVANCED_FACE('',(#10399),#1726,.T.);
#10399 = FACE_BOUND('',#10400,.T.);
#10400 = EDGE_LOOP('',(#10401,#10402,#10423,#10424));
#10401 = ORIENTED_EDGE('',*,*,#7821,.T.);
#10402 = ORIENTED_EDGE('',*,*,#10403,.T.);
#10403 = EDGE_CURVE('',#7799,#1710,#10404,.T.);
#10404 = SURFACE_CURVE('',#10405,(#10409,#10416),.PCURVE_S1.);
#10405 = LINE('',#10406,#10407);
#10406 = CARTESIAN_POINT('',(-0.440417603149,-10.98381419621,5.));
#10407 = VECTOR('',#10408,1.);
#10408 = DIRECTION('',(-1.224646799147E-16,1.110223024625E-16,1.));
#10409 = PCURVE('',#1726,#10410);
#10410 = DEFINITIONAL_REPRESENTATION('',(#10411),#10415);
#10411 = LINE('',#10412,#10413);
#10412 = CARTESIAN_POINT('',(1.497327316883,0.));
#10413 = VECTOR('',#10414,1.);
#10414 = DIRECTION('',(0.,1.));
#10415 = ( GEOMETRIC_REPRESENTATION_CONTEXT(2) 
PARAMETRIC_REPRESENTATION_CONTEXT() REPRESENTATION_CONTEXT('2D SPACE',''
  ) );
#10416 = PCURVE('',#1754,#10417);
#10417 = DEFINITIONAL_REPRESENTATION('',(#10418),#10422);
#10418 = LINE('',#10419,#10420);
#10419 = CARTESIAN_POINT('',(-0.12529996383,-1.158684274458E-17));
#10420 = VECTOR('',#10421,1.);
#10421 = DIRECTION('',(-6.777091894561E-17,1.));
#10422 = ( GEOMETRIC_REPRESENTATION_CONTEXT(2) 
PARAMETRIC_REPRESENTATION_CONTEXT() REPRESENTATION_CONTEXT('2D SPACE',''
  ) );
#10423 = ORIENTED_EDGE('',*,*,#1709,.F.);
#10424 = ORIENTED_EDGE('',*,*,#10425,.T.);
#10425 = EDGE_CURVE('',#1682,#7822,#10426,.T.);
#10426 = SURFACE_CURVE('',#10427,(#10431,#10438),.PCURVE_S1.);
#10427 = LINE('',#10428,#10429);
#10428 = CARTESIAN_POINT('',(-1.06382576587,-10.90493647212,5.));
#10429 = VECTOR('',#10430,1.);
#10430 = DIRECTION('',(1.224646799147E-16,-1.110223024625E-16,-1.));
#10431 = PCURVE('',#1726,#10432);
#10432 = DEFINITIONAL_REPRESENTATION('',(#10433),#10437);
#10433 = LINE('',#10434,#10435);
#10434 = CARTESIAN_POINT('',(1.392549658982,0.));
#10435 = VECTOR('',#10436,1.);
#10436 = DIRECTION('',(0.,-1.));
#10437 = ( GEOMETRIC_REPRESENTATION_CONTEXT(2) 
PARAMETRIC_REPRESENTATION_CONTEXT() REPRESENTATION_CONTEXT('2D SPACE',''
  ) );
#10438 = PCURVE('',#1697,#10439);
#10439 = DEFINITIONAL_REPRESENTATION('',(#10440),#10444);
#10440 = LINE('',#10441,#10442);
#10441 = CARTESIAN_POINT('',(0.125328054864,-1.31402503924E-17));
#10442 = VECTOR('',#10443,1.);
#10443 = DIRECTION('',(4.027454862747E-17,-1.));
#10444 = ( GEOMETRIC_REPRESENTATION_CONTEXT(2) 
PARAMETRIC_REPRESENTATION_CONTEXT() REPRESENTATION_CONTEXT('2D SPACE',''
  ) );
#10445 = ADVANCED_FACE('',(#10446),#1641,.T.);
#10446 = FACE_BOUND('',#10447,.T.);
#10447 = EDGE_LOOP('',(#10448,#10449,#10470,#10471));
#10448 = ORIENTED_EDGE('',*,*,#7895,.T.);
#10449 = ORIENTED_EDGE('',*,*,#10450,.T.);
#10450 = EDGE_CURVE('',#7873,#1625,#10451,.T.);
#10451 = SURFACE_CURVE('',#10452,(#10456,#10463),.PCURVE_S1.);
#10452 = LINE('',#10453,#10454);
#10453 = CARTESIAN_POINT('',(-1.186915561061,-10.88143107167,5.));
#10454 = VECTOR('',#10455,1.);
#10455 = DIRECTION('',(-1.224646799147E-16,1.110223024625E-16,1.));
#10456 = PCURVE('',#1641,#10457);
#10457 = DEFINITIONAL_REPRESENTATION('',(#10458),#10462);
#10458 = LINE('',#10459,#10460);
#10459 = CARTESIAN_POINT('',(1.371663610739,0.));
#10460 = VECTOR('',#10461,1.);
#10461 = DIRECTION('',(0.,1.));
#10462 = ( GEOMETRIC_REPRESENTATION_CONTEXT(2) 
PARAMETRIC_REPRESENTATION_CONTEXT() REPRESENTATION_CONTEXT('2D SPACE',''
  ) );
#10463 = PCURVE('',#1669,#10464);
#10464 = DEFINITIONAL_REPRESENTATION('',(#10465),#10469);
#10465 = LINE('',#10466,#10467);
#10466 = CARTESIAN_POINT('',(-0.12529996383,-1.053062671422E-17));
#10467 = VECTOR('',#10468,1.);
#10468 = DIRECTION('',(-8.002094511734E-17,1.));
#10469 = ( GEOMETRIC_REPRESENTATION_CONTEXT(2) 
PARAMETRIC_REPRESENTATION_CONTEXT() REPRESENTATION_CONTEXT('2D SPACE',''
  ) );
#10470 = ORIENTED_EDGE('',*,*,#1624,.F.);
#10471 = ORIENTED_EDGE('',*,*,#10472,.T.);
#10472 = EDGE_CURVE('',#1597,#7896,#10473,.T.);
#10473 = SURFACE_CURVE('',#10474,(#10478,#10485),.PCURVE_S1.);
#10474 = LINE('',#10475,#10476);
#10475 = CARTESIAN_POINT('',(-1.795521964001,-10.72504156114,5.));
#10476 = VECTOR('',#10477,1.);
#10477 = DIRECTION('',(1.224646799147E-16,-1.110223024625E-16,-1.));
#10478 = PCURVE('',#1641,#10479);
#10479 = DEFINITIONAL_REPRESENTATION('',(#10480),#10484);
#10480 = LINE('',#10481,#10482);
#10481 = CARTESIAN_POINT('',(1.266885952839,0.));
#10482 = VECTOR('',#10483,1.);
#10483 = DIRECTION('',(0.,-1.));
#10484 = ( GEOMETRIC_REPRESENTATION_CONTEXT(2) 
PARAMETRIC_REPRESENTATION_CONTEXT() REPRESENTATION_CONTEXT('2D SPACE',''
  ) );
#10485 = PCURVE('',#1612,#10486);
#10486 = DEFINITIONAL_REPRESENTATION('',(#10487),#10491);
#10487 = LINE('',#10488,#10489);
#10488 = CARTESIAN_POINT('',(0.125328054864,-9.017885700591E-16));
#10489 = VECTOR('',#10490,1.);
#10490 = DIRECTION('',(2.546183866653E-17,-1.));
#10491 = ( GEOMETRIC_REPRESENTATION_CONTEXT(2) 
PARAMETRIC_REPRESENTATION_CONTEXT() REPRESENTATION_CONTEXT('2D SPACE',''
  ) );
#10492 = ADVANCED_FACE('',(#10493),#1556,.T.);
#10493 = FACE_BOUND('',#10494,.T.);
#10494 = EDGE_LOOP('',(#10495,#10496,#10517,#10518));
#10495 = ORIENTED_EDGE('',*,*,#7969,.T.);
#10496 = ORIENTED_EDGE('',*,*,#10497,.T.);
#10497 = EDGE_CURVE('',#7947,#1540,#10498,.T.);
#10498 = SURFACE_CURVE('',#10499,(#10503,#10510),.PCURVE_S1.);
#10499 = LINE('',#10500,#10501);
#10500 = CARTESIAN_POINT('',(-1.914695151547,-10.68629426574,5.));
#10501 = VECTOR('',#10502,1.);
#10502 = DIRECTION('',(-1.224646799147E-16,1.110223024625E-16,1.));
#10503 = PCURVE('',#1556,#10504);
#10504 = DEFINITIONAL_REPRESENTATION('',(#10505),#10509);
#10505 = LINE('',#10506,#10507);
#10506 = CARTESIAN_POINT('',(1.245999904595,0.));
#10507 = VECTOR('',#10508,1.);
#10508 = DIRECTION('',(0.,1.));
#10509 = ( GEOMETRIC_REPRESENTATION_CONTEXT(2) 
PARAMETRIC_REPRESENTATION_CONTEXT() REPRESENTATION_CONTEXT('2D SPACE',''
  ) );
#10510 = PCURVE('',#1584,#10511);
#10511 = DEFINITIONAL_REPRESENTATION('',(#10512),#10516);
#10512 = LINE('',#10513,#10514);
#10513 = CARTESIAN_POINT('',(-0.12529996383,-8.9748675611E-16));
#10514 = VECTOR('',#10515,1.);
#10515 = DIRECTION('',(-9.100899318238E-17,1.));
#10516 = ( GEOMETRIC_REPRESENTATION_CONTEXT(2) 
PARAMETRIC_REPRESENTATION_CONTEXT() REPRESENTATION_CONTEXT('2D SPACE',''
  ) );
#10517 = ORIENTED_EDGE('',*,*,#1539,.F.);
#10518 = ORIENTED_EDGE('',*,*,#10519,.T.);
#10519 = EDGE_CURVE('',#1512,#7970,#10520,.T.);
#10520 = SURFACE_CURVE('',#10521,(#10525,#10532),.PCURVE_S1.);
#10521 = LINE('',#10522,#10523);
#10522 = CARTESIAN_POINT('',(-2.498901708166,-10.45485932476,5.));
#10523 = VECTOR('',#10524,1.);
#10524 = DIRECTION('',(1.224646799147E-16,-1.110223024625E-16,-1.));
#10525 = PCURVE('',#1556,#10526);
#10526 = DEFINITIONAL_REPRESENTATION('',(#10527),#10531);
#10527 = LINE('',#10528,#10529);
#10528 = CARTESIAN_POINT('',(1.141222246695,0.));
#10529 = VECTOR('',#10530,1.);
#10530 = DIRECTION('',(0.,-1.));
#10531 = ( GEOMETRIC_REPRESENTATION_CONTEXT(2) 
PARAMETRIC_REPRESENTATION_CONTEXT() REPRESENTATION_CONTEXT('2D SPACE',''
  ) );
#10532 = PCURVE('',#1527,#10533);
#10533 = DEFINITIONAL_REPRESENTATION('',(#10534),#10538);
#10534 = LINE('',#10535,#10536);
#10535 = CARTESIAN_POINT('',(0.125328054864,-1.386541012403E-17));
#10536 = VECTOR('',#10537,1.);
#10537 = DIRECTION('',(1.024758029965E-17,-1.));
#10538 = ( GEOMETRIC_REPRESENTATION_CONTEXT(2) 
PARAMETRIC_REPRESENTATION_CONTEXT() REPRESENTATION_CONTEXT('2D SPACE',''
  ) );
#10539 = ADVANCED_FACE('',(#10540),#1471,.T.);
#10540 = FACE_BOUND('',#10541,.T.);
#10541 = EDGE_LOOP('',(#10542,#10543,#10564,#10565));
#10542 = ORIENTED_EDGE('',*,*,#8043,.T.);
#10543 = ORIENTED_EDGE('',*,*,#10544,.T.);
#10544 = EDGE_CURVE('',#8021,#1455,#10545,.T.);
#10545 = SURFACE_CURVE('',#10546,(#10550,#10557),.PCURVE_S1.);
#10546 = LINE('',#10547,#10548);
#10547 = CARTESIAN_POINT('',(-2.612278855709,-10.40148120241,5.));
#10548 = VECTOR('',#10549,1.);
#10549 = DIRECTION('',(-1.224646799147E-16,1.110223024625E-16,1.));
#10550 = PCURVE('',#1471,#10551);
#10551 = DEFINITIONAL_REPRESENTATION('',(#10552),#10556);
#10552 = LINE('',#10553,#10554);
#10553 = CARTESIAN_POINT('',(1.120336198452,0.));
#10554 = VECTOR('',#10555,1.);
#10555 = DIRECTION('',(0.,1.));
#10556 = ( GEOMETRIC_REPRESENTATION_CONTEXT(2) 
PARAMETRIC_REPRESENTATION_CONTEXT() REPRESENTATION_CONTEXT('2D SPACE',''
  ) );
#10557 = PCURVE('',#1499,#10558);
#10558 = DEFINITIONAL_REPRESENTATION('',(#10559),#10563);
#10559 = LINE('',#10560,#10561);
#10560 = CARTESIAN_POINT('',(-0.12529996383,-7.939248079832E-18));
#10561 = VECTOR('',#10562,1.);
#10562 = DIRECTION('',(-1.005617750588E-16,1.));
#10563 = ( GEOMETRIC_REPRESENTATION_CONTEXT(2) 
PARAMETRIC_REPRESENTATION_CONTEXT() REPRESENTATION_CONTEXT('2D SPACE',''
  ) );
#10564 = ORIENTED_EDGE('',*,*,#1454,.F.);
#10565 = ORIENTED_EDGE('',*,*,#10566,.T.);
#10566 = EDGE_CURVE('',#1427,#8044,#10567,.T.);
#10567 = SURFACE_CURVE('',#10568,(#10572,#10579),.PCURVE_S1.);
#10568 = LINE('',#10569,#10570);
#10569 = CARTESIAN_POINT('',(-3.162872279622,-10.09865069825,5.));
#10570 = VECTOR('',#10571,1.);
#10571 = DIRECTION('',(1.224646799147E-16,-1.110223024625E-16,-1.));
#10572 = PCURVE('',#1471,#10573);
#10573 = DEFINITIONAL_REPRESENTATION('',(#10574),#10578);
#10574 = LINE('',#10575,#10576);
#10575 = CARTESIAN_POINT('',(1.015558540552,0.));
#10576 = VECTOR('',#10577,1.);
#10577 = DIRECTION('',(0.,-1.));
#10578 = ( GEOMETRIC_REPRESENTATION_CONTEXT(2) 
PARAMETRIC_REPRESENTATION_CONTEXT() REPRESENTATION_CONTEXT('2D SPACE',''
  ) );
#10579 = PCURVE('',#1442,#10580);
#10580 = DEFINITIONAL_REPRESENTATION('',(#10581),#10585);
#10581 = LINE('',#10582,#10583);
#10582 = CARTESIAN_POINT('',(0.125328054864,-1.390200408865E-17));
#10583 = VECTOR('',#10584,1.);
#10584 = DIRECTION('',(-5.128288530166E-18,-1.));
#10585 = ( GEOMETRIC_REPRESENTATION_CONTEXT(2) 
PARAMETRIC_REPRESENTATION_CONTEXT() REPRESENTATION_CONTEXT('2D SPACE',''
  ) );
#10586 = ADVANCED_FACE('',(#10587),#1386,.T.);
#10587 = FACE_BOUND('',#10588,.T.);
#10588 = EDGE_LOOP('',(#10589,#10590,#10611,#10612));
#10589 = ORIENTED_EDGE('',*,*,#8117,.T.);
#10590 = ORIENTED_EDGE('',*,*,#10591,.T.);
#10591 = EDGE_CURVE('',#8095,#1370,#10592,.T.);
#10592 = SURFACE_CURVE('',#10593,(#10597,#10604),.PCURVE_S1.);
#10593 = LINE('',#10594,#10595);
#10594 = CARTESIAN_POINT('',(-3.268665361817,-10.03148355382,5.));
#10595 = VECTOR('',#10596,1.);
#10596 = DIRECTION('',(-1.224646799147E-16,1.110223024625E-16,1.));
#10597 = PCURVE('',#1386,#10598);
#10598 = DEFINITIONAL_REPRESENTATION('',(#10599),#10603);
#10599 = LINE('',#10600,#10601);
#10600 = CARTESIAN_POINT('',(0.994672492308,0.));
#10601 = VECTOR('',#10602,1.);
#10602 = DIRECTION('',(0.,1.));
#10603 = ( GEOMETRIC_REPRESENTATION_CONTEXT(2) 
PARAMETRIC_REPRESENTATION_CONTEXT() REPRESENTATION_CONTEXT('2D SPACE',''
  ) );
#10604 = PCURVE('',#1414,#10605);
#10605 = DEFINITIONAL_REPRESENTATION('',(#10606),#10610);
#10606 = LINE('',#10607,#10608);
#10607 = CARTESIAN_POINT('',(-0.12529996383,-6.444953064885E-18));
#10608 = VECTOR('',#10609,1.);
#10609 = DIRECTION('',(-1.085286376698E-16,1.));
#10610 = ( GEOMETRIC_REPRESENTATION_CONTEXT(2) 
PARAMETRIC_REPRESENTATION_CONTEXT() REPRESENTATION_CONTEXT('2D SPACE',''
  ) );
#10611 = ORIENTED_EDGE('',*,*,#1369,.F.);
#10612 = ORIENTED_EDGE('',*,*,#10613,.T.);
#10613 = EDGE_CURVE('',#1342,#8118,#10614,.T.);
#10614 = SURFACE_CURVE('',#10615,(#10619,#10626),.PCURVE_S1.);
#10615 = LINE('',#10616,#10617);
#10616 = CARTESIAN_POINT('',(-3.77696246582,-9.662033304449,5.));
#10617 = VECTOR('',#10618,1.);
#10618 = DIRECTION('',(1.224646799147E-16,-1.110223024625E-16,-1.));
#10619 = PCURVE('',#1386,#10620);
#10620 = DEFINITIONAL_REPRESENTATION('',(#10621),#10625);
#10621 = LINE('',#10622,#10623);
#10622 = CARTESIAN_POINT('',(0.889894834408,0.));
#10623 = VECTOR('',#10624,1.);
#10624 = DIRECTION('',(0.,-1.));
#10625 = ( GEOMETRIC_REPRESENTATION_CONTEXT(2) 
PARAMETRIC_REPRESENTATION_CONTEXT() REPRESENTATION_CONTEXT('2D SPACE',''
  ) );
#10626 = PCURVE('',#1357,#10627);
#10627 = DEFINITIONAL_REPRESENTATION('',(#10628),#10632);
#10628 = LINE('',#10629,#10630);
#10629 = CARTESIAN_POINT('',(0.125328054864,-1.371935514414E-17));
#10630 = VECTOR('',#10631,1.);
#10631 = DIRECTION('',(-2.042328118637E-17,-1.));
#10632 = ( GEOMETRIC_REPRESENTATION_CONTEXT(2) 
PARAMETRIC_REPRESENTATION_CONTEXT() REPRESENTATION_CONTEXT('2D SPACE',''
  ) );
#10633 = ADVANCED_FACE('',(#10634),#1301,.T.);
#10634 = FACE_BOUND('',#10635,.T.);
#10635 = EDGE_LOOP('',(#10636,#10637,#10658,#10659));
#10636 = ORIENTED_EDGE('',*,*,#8191,.T.);
#10637 = ORIENTED_EDGE('',*,*,#10638,.T.);
#10638 = EDGE_CURVE('',#8169,#1285,#10639,.T.);
#10639 = SURFACE_CURVE('',#10640,(#10644,#10651),.PCURVE_S1.);
#10640 = LINE('',#10641,#10642);
#10641 = CARTESIAN_POINT('',(-3.873503062563,-9.58213640394,5.));
#10642 = VECTOR('',#10643,1.);
#10643 = DIRECTION('',(-1.224646799147E-16,1.110223024625E-16,1.));
#10644 = PCURVE('',#1301,#10645);
#10645 = DEFINITIONAL_REPRESENTATION('',(#10646),#10650);
#10646 = LINE('',#10647,#10648);
#10647 = CARTESIAN_POINT('',(0.869008786165,0.));
#10648 = VECTOR('',#10649,1.);
#10649 = DIRECTION('',(0.,1.));
#10650 = ( GEOMETRIC_REPRESENTATION_CONTEXT(2) 
PARAMETRIC_REPRESENTATION_CONTEXT() REPRESENTATION_CONTEXT('2D SPACE',''
  ) );
#10651 = PCURVE('',#1329,#10652);
#10652 = DEFINITIONAL_REPRESENTATION('',(#10653),#10657);
#10653 = LINE('',#10654,#10655);
#10654 = CARTESIAN_POINT('',(-0.12529996383,-4.849017290076E-18));
#10655 = VECTOR('',#10656,1.);
#10656 = DIRECTION('',(-1.14783938833E-16,1.));
#10657 = ( GEOMETRIC_REPRESENTATION_CONTEXT(2) 
PARAMETRIC_REPRESENTATION_CONTEXT() REPRESENTATION_CONTEXT('2D SPACE',''
  ) );
#10658 = ORIENTED_EDGE('',*,*,#1284,.F.);
#10659 = ORIENTED_EDGE('',*,*,#10660,.T.);
#10660 = EDGE_CURVE('',#1257,#8192,#10661,.T.);
#10661 = SURFACE_CURVE('',#10662,(#10666,#10673),.PCURVE_S1.);
#10662 = LINE('',#10663,#10664);
#10663 = CARTESIAN_POINT('',(-4.331487697684,-9.151892860469,5.));
#10664 = VECTOR('',#10665,1.);
#10665 = DIRECTION('',(1.224646799147E-16,-1.110223024625E-16,-1.));
#10666 = PCURVE('',#1301,#10667);
#10667 = DEFINITIONAL_REPRESENTATION('',(#10668),#10672);
#10668 = LINE('',#10669,#10670);
#10669 = CARTESIAN_POINT('',(0.764231128264,0.));
#10670 = VECTOR('',#10671,1.);
#10671 = DIRECTION('',(0.,-1.));
#10672 = ( GEOMETRIC_REPRESENTATION_CONTEXT(2) 
PARAMETRIC_REPRESENTATION_CONTEXT() REPRESENTATION_CONTEXT('2D SPACE',''
  ) );
#10673 = PCURVE('',#1272,#10674);
#10674 = DEFINITIONAL_REPRESENTATION('',(#10675),#10679);
#10675 = LINE('',#10676,#10677);
#10676 = CARTESIAN_POINT('',(0.125328054864,-1.332034377347E-17));
#10677 = VECTOR('',#10678,1.);
#10678 = DIRECTION('',(-3.539618649799E-17,-1.));
#10679 = ( GEOMETRIC_REPRESENTATION_CONTEXT(2) 
PARAMETRIC_REPRESENTATION_CONTEXT() REPRESENTATION_CONTEXT('2D SPACE',''
  ) );
#10680 = ADVANCED_FACE('',(#10681),#1216,.T.);
#10681 = FACE_BOUND('',#10682,.T.);
#10682 = EDGE_LOOP('',(#10683,#10684,#10705,#10706));
#10683 = ORIENTED_EDGE('',*,*,#8265,.T.);
#10684 = ORIENTED_EDGE('',*,*,#10685,.T.);
#10685 = EDGE_CURVE('',#8243,#1200,#10686,.T.);
#10686 = SURFACE_CURVE('',#10687,(#10691,#10698),.PCURVE_S1.);
#10687 = LINE('',#10688,#10689);
#10688 = CARTESIAN_POINT('',(-4.417253306094,-9.060526225725,5.));
#10689 = VECTOR('',#10690,1.);
#10690 = DIRECTION('',(-1.224646799147E-16,1.110223024625E-16,1.));
#10691 = PCURVE('',#1216,#10692);
#10692 = DEFINITIONAL_REPRESENTATION('',(#10693),#10697);
#10693 = LINE('',#10694,#10695);
#10694 = CARTESIAN_POINT('',(0.743345080021,0.));
#10695 = VECTOR('',#10696,1.);
#10696 = DIRECTION('',(0.,1.));
#10697 = ( GEOMETRIC_REPRESENTATION_CONTEXT(2) 
PARAMETRIC_REPRESENTATION_CONTEXT() REPRESENTATION_CONTEXT('2D SPACE',''
  ) );
#10698 = PCURVE('',#1244,#10699);
#10699 = DEFINITIONAL_REPRESENTATION('',(#10700),#10704);
#10700 = LINE('',#10701,#10702);
#10701 = CARTESIAN_POINT('',(-0.12529996383,-3.176609615941E-18));
#10702 = VECTOR('',#10703,1.);
#10703 = DIRECTION('',(-1.192290287121E-16,1.));
#10704 = ( GEOMETRIC_REPRESENTATION_CONTEXT(2) 
PARAMETRIC_REPRESENTATION_CONTEXT() REPRESENTATION_CONTEXT('2D SPACE',''
  ) );
#10705 = ORIENTED_EDGE('',*,*,#1199,.F.);
#10706 = ORIENTED_EDGE('',*,*,#10707,.T.);
#10707 = EDGE_CURVE('',#1172,#8266,#10708,.T.);
#10708 = SURFACE_CURVE('',#10709,(#10713,#10720),.PCURVE_S1.);
#10709 = LINE('',#10710,#10711);
#10710 = CARTESIAN_POINT('',(-4.81770278105,-8.576274585859,5.));
#10711 = VECTOR('',#10712,1.);
#10712 = DIRECTION('',(1.224646799147E-16,-1.110223024625E-16,-1.));
#10713 = PCURVE('',#1216,#10714);
#10714 = DEFINITIONAL_REPRESENTATION('',(#10715),#10719);
#10715 = LINE('',#10716,#10717);
#10716 = CARTESIAN_POINT('',(0.638567422121,0.));
#10717 = VECTOR('',#10718,1.);
#10718 = DIRECTION('',(0.,-1.));
#10719 = ( GEOMETRIC_REPRESENTATION_CONTEXT(2) 
PARAMETRIC_REPRESENTATION_CONTEXT() REPRESENTATION_CONTEXT('2D SPACE',''
  ) );
#10720 = PCURVE('',#1187,#10721);
#10721 = DEFINITIONAL_REPRESENTATION('',(#10722),#10726);
#10722 = LINE('',#10723,#10724);
#10723 = CARTESIAN_POINT('',(0.125328054864,8.754671570758E-16));
#10724 = VECTOR('',#10725,1.);
#10725 = DIRECTION('',(-4.981087280387E-17,-1.));
#10726 = ( GEOMETRIC_REPRESENTATION_CONTEXT(2) 
PARAMETRIC_REPRESENTATION_CONTEXT() REPRESENTATION_CONTEXT('2D SPACE',''
  ) );
#10727 = ADVANCED_FACE('',(#10728),#1131,.T.);
#10728 = FACE_BOUND('',#10729,.T.);
#10729 = EDGE_LOOP('',(#10730,#10731,#10752,#10753));
#10730 = ORIENTED_EDGE('',*,*,#8339,.T.);
#10731 = ORIENTED_EDGE('',*,*,#10732,.T.);
#10732 = EDGE_CURVE('',#8317,#1115,#10733,.T.);
#10733 = SURFACE_CURVE('',#10734,(#10738,#10745),.PCURVE_S1.);
#10734 = LINE('',#10735,#10736);
#10735 = CARTESIAN_POINT('',(-4.891340826249,-8.474879123289,5.));
#10736 = VECTOR('',#10737,1.);
#10737 = DIRECTION('',(-1.224646799147E-16,1.110223024625E-16,1.));
#10738 = PCURVE('',#1131,#10739);
#10739 = DEFINITIONAL_REPRESENTATION('',(#10740),#10744);
#10740 = LINE('',#10741,#10742);
#10741 = CARTESIAN_POINT('',(0.617681373877,0.));
#10742 = VECTOR('',#10743,1.);
#10743 = DIRECTION('',(0.,1.));
#10744 = ( GEOMETRIC_REPRESENTATION_CONTEXT(2) 
PARAMETRIC_REPRESENTATION_CONTEXT() REPRESENTATION_CONTEXT('2D SPACE',''
  ) );
#10745 = PCURVE('',#1159,#10746);
#10746 = DEFINITIONAL_REPRESENTATION('',(#10747),#10751);
#10747 = LINE('',#10748,#10749);
#10748 = CARTESIAN_POINT('',(-0.12529996383,8.867243147896E-16));
#10749 = VECTOR('',#10750,1.);
#10750 = DIRECTION('',(-1.217938055845E-16,1.));
#10751 = ( GEOMETRIC_REPRESENTATION_CONTEXT(2) 
PARAMETRIC_REPRESENTATION_CONTEXT() REPRESENTATION_CONTEXT('2D SPACE',''
  ) );
#10752 = ORIENTED_EDGE('',*,*,#1114,.F.);
#10753 = ORIENTED_EDGE('',*,*,#10754,.T.);
#10754 = EDGE_CURVE('',#1087,#8340,#10755,.T.);
#10755 = SURFACE_CURVE('',#10756,(#10760,#10767),.PCURVE_S1.);
#10756 = LINE('',#10757,#10758);
#10757 = CARTESIAN_POINT('',(-5.227939813603,-7.944256324667,5.));
#10758 = VECTOR('',#10759,1.);
#10759 = DIRECTION('',(1.224646799147E-16,-1.110223024625E-16,-1.));
#10760 = PCURVE('',#1131,#10761);
#10761 = DEFINITIONAL_REPRESENTATION('',(#10762),#10766);
#10762 = LINE('',#10763,#10764);
#10763 = CARTESIAN_POINT('',(0.512903715977,0.));
#10764 = VECTOR('',#10765,1.);
#10765 = DIRECTION('',(0.,-1.));
#10766 = ( GEOMETRIC_REPRESENTATION_CONTEXT(2) 
PARAMETRIC_REPRESENTATION_CONTEXT() REPRESENTATION_CONTEXT('2D SPACE',''
  ) );
#10767 = PCURVE('',#1102,#10768);
#10768 = DEFINITIONAL_REPRESENTATION('',(#10769),#10773);
#10769 = LINE('',#10770,#10771);
#10770 = CARTESIAN_POINT('',(0.125328054864,8.762767024299E-16));
#10771 = VECTOR('',#10772,1.);
#10772 = DIRECTION('',(-6.344001189007E-17,-1.));
#10773 = ( GEOMETRIC_REPRESENTATION_CONTEXT(2) 
PARAMETRIC_REPRESENTATION_CONTEXT() REPRESENTATION_CONTEXT('2D SPACE',''
  ) );
#10774 = ADVANCED_FACE('',(#10775),#1046,.T.);
#10775 = FACE_BOUND('',#10776,.T.);
#10776 = EDGE_LOOP('',(#10777,#10778,#10799,#10800));
#10777 = ORIENTED_EDGE('',*,*,#8413,.T.);
#10778 = ORIENTED_EDGE('',*,*,#10779,.T.);
#10779 = EDGE_CURVE('',#8391,#1030,#10780,.T.);
#10780 = SURFACE_CURVE('',#10781,(#10785,#10792),.PCURVE_S1.);
#10781 = LINE('',#10782,#10783);
#10782 = CARTESIAN_POINT('',(-5.288288979628,-7.834431101287,5.));
#10783 = VECTOR('',#10784,1.);
#10784 = DIRECTION('',(-1.224646799147E-16,1.110223024625E-16,1.));
#10785 = PCURVE('',#1046,#10786);
#10786 = DEFINITIONAL_REPRESENTATION('',(#10787),#10791);
#10787 = LINE('',#10788,#10789);
#10788 = CARTESIAN_POINT('',(0.492017667734,0.));
#10789 = VECTOR('',#10790,1.);
#10790 = DIRECTION('',(0.,1.));
#10791 = ( GEOMETRIC_REPRESENTATION_CONTEXT(2) 
PARAMETRIC_REPRESENTATION_CONTEXT() REPRESENTATION_CONTEXT('2D SPACE',''
  ) );
#10792 = PCURVE('',#1074,#10793);
#10793 = DEFINITIONAL_REPRESENTATION('',(#10794),#10798);
#10794 = LINE('',#10795,#10796);
#10795 = CARTESIAN_POINT('',(-0.12529996383,8.884697515981E-16));
#10796 = VECTOR('',#10797,1.);
#10797 = DIRECTION('',(-1.224378213867E-16,1.));
#10798 = ( GEOMETRIC_REPRESENTATION_CONTEXT(2) 
PARAMETRIC_REPRESENTATION_CONTEXT() REPRESENTATION_CONTEXT('2D SPACE',''
  ) );
#10799 = ORIENTED_EDGE('',*,*,#1029,.F.);
#10800 = ORIENTED_EDGE('',*,*,#10801,.T.);
#10801 = EDGE_CURVE('',#1002,#8414,#10802,.T.);
#10802 = SURFACE_CURVE('',#10803,(#10807,#10814),.PCURVE_S1.);
#10803 = LINE('',#10804,#10805);
#10804 = CARTESIAN_POINT('',(-5.555729112276,-7.265805382422,5.));
#10805 = VECTOR('',#10806,1.);
#10806 = DIRECTION('',(1.224646799147E-16,-1.110223024625E-16,-1.));
#10807 = PCURVE('',#1046,#10808);
#10808 = DEFINITIONAL_REPRESENTATION('',(#10809),#10813);
#10809 = LINE('',#10810,#10811);
#10810 = CARTESIAN_POINT('',(0.387240009834,0.));
#10811 = VECTOR('',#10812,1.);
#10812 = DIRECTION('',(0.,-1.));
#10813 = ( GEOMETRIC_REPRESENTATION_CONTEXT(2) 
PARAMETRIC_REPRESENTATION_CONTEXT() REPRESENTATION_CONTEXT('2D SPACE',''
  ) );
#10814 = PCURVE('',#1017,#10815);
#10815 = DEFINITIONAL_REPRESENTATION('',(#10816),#10820);
#10816 = LINE('',#10817,#10818);
#10817 = CARTESIAN_POINT('',(0.125328054864,8.772739449751E-16));
#10818 = VECTOR('',#10819,1.);
#10819 = DIRECTION('',(-7.606866409153E-17,-1.));
#10820 = ( GEOMETRIC_REPRESENTATION_CONTEXT(2) 
PARAMETRIC_REPRESENTATION_CONTEXT() REPRESENTATION_CONTEXT('2D SPACE',''
  ) );
#10821 = ADVANCED_FACE('',(#10822),#961,.T.);
#10822 = FACE_BOUND('',#10823,.T.);
#10823 = EDGE_LOOP('',(#10824,#10825,#10846,#10847));
#10824 = ORIENTED_EDGE('',*,*,#8487,.T.);
#10825 = ORIENTED_EDGE('',*,*,#10826,.T.);
#10826 = EDGE_CURVE('',#8465,#945,#10827,.T.);
#10827 = SURFACE_CURVE('',#10828,(#10832,#10839),.PCURVE_S1.);
#10828 = LINE('',#10829,#10830);
#10829 = CARTESIAN_POINT('',(-5.601837656728,-7.149282407611,5.));
#10830 = VECTOR('',#10831,1.);
#10831 = DIRECTION('',(-1.224646799147E-16,1.110223024625E-16,1.));
#10832 = PCURVE('',#961,#10833);
#10833 = DEFINITIONAL_REPRESENTATION('',(#10834),#10838);
#10834 = LINE('',#10835,#10836);
#10835 = CARTESIAN_POINT('',(0.36635396159,0.));
#10836 = VECTOR('',#10837,1.);
#10837 = DIRECTION('',(0.,1.));
#10838 = ( GEOMETRIC_REPRESENTATION_CONTEXT(2) 
PARAMETRIC_REPRESENTATION_CONTEXT() REPRESENTATION_CONTEXT('2D SPACE',''
  ) );
#10839 = PCURVE('',#989,#10840);
#10840 = DEFINITIONAL_REPRESENTATION('',(#10841),#10845);
#10841 = LINE('',#10842,#10843);
#10842 = CARTESIAN_POINT('',(-0.12529996383,2.032174228336E-18));
#10843 = VECTOR('',#10844,1.);
#10844 = DIRECTION('',(-1.211509196048E-16,1.));
#10845 = ( GEOMETRIC_REPRESENTATION_CONTEXT(2) 
PARAMETRIC_REPRESENTATION_CONTEXT() REPRESENTATION_CONTEXT('2D SPACE',''
  ) );
#10846 = ORIENTED_EDGE('',*,*,#944,.F.);
#10847 = ORIENTED_EDGE('',*,*,#10848,.T.);
#10848 = EDGE_CURVE('',#917,#8488,#10849,.T.);
#10849 = SURFACE_CURVE('',#10850,(#10854,#10861),.PCURVE_S1.);
#10850 = LINE('',#10851,#10852);
#10851 = CARTESIAN_POINT('',(-5.795901244016,-6.55162133577,5.));
#10852 = VECTOR('',#10853,1.);
#10853 = DIRECTION('',(1.224646799147E-16,-1.110223024625E-16,-1.));
#10854 = PCURVE('',#961,#10855);
#10855 = DEFINITIONAL_REPRESENTATION('',(#10856),#10860);
#10856 = LINE('',#10857,#10858);
#10857 = CARTESIAN_POINT('',(0.26157630369,0.));
#10858 = VECTOR('',#10859,1.);
#10859 = DIRECTION('',(0.,-1.));
#10860 = ( GEOMETRIC_REPRESENTATION_CONTEXT(2) 
PARAMETRIC_REPRESENTATION_CONTEXT() REPRESENTATION_CONTEXT('2D SPACE',''
  ) );
#10861 = PCURVE('',#932,#10862);
#10862 = DEFINITIONAL_REPRESENTATION('',(#10863),#10867);
#10863 = LINE('',#10864,#10865);
#10864 = CARTESIAN_POINT('',(0.125328054864,-9.735262099389E-18));
#10865 = VECTOR('',#10866,1.);
#10866 = DIRECTION('',(-8.749766801905E-17,-1.));
#10867 = ( GEOMETRIC_REPRESENTATION_CONTEXT(2) 
PARAMETRIC_REPRESENTATION_CONTEXT() REPRESENTATION_CONTEXT('2D SPACE',''
  ) );
#10868 = ADVANCED_FACE('',(#10869),#876,.T.);
#10869 = FACE_BOUND('',#10870,.T.);
#10870 = EDGE_LOOP('',(#10871,#10872,#10893,#10894));
#10871 = ORIENTED_EDGE('',*,*,#8561,.T.);
#10872 = ORIENTED_EDGE('',*,*,#10873,.T.);
#10873 = EDGE_CURVE('',#8539,#860,#10874,.T.);
#10874 = SURFACE_CURVE('',#10875,(#10879,#10886),.PCURVE_S1.);
#10875 = LINE('',#10876,#10877);
#10876 = CARTESIAN_POINT('',(-5.827042007606,-6.430238246447,5.));
#10877 = VECTOR('',#10878,1.);
#10878 = DIRECTION('',(-1.224646799147E-16,1.110223024625E-16,1.));
#10879 = PCURVE('',#876,#10880);
#10880 = DEFINITIONAL_REPRESENTATION('',(#10881),#10885);
#10881 = LINE('',#10882,#10883);
#10882 = CARTESIAN_POINT('',(0.240690255447,0.));
#10883 = VECTOR('',#10884,1.);
#10884 = DIRECTION('',(0.,1.));
#10885 = ( GEOMETRIC_REPRESENTATION_CONTEXT(2) 
PARAMETRIC_REPRESENTATION_CONTEXT() REPRESENTATION_CONTEXT('2D SPACE',''
  ) );
#10886 = PCURVE('',#904,#10887);
#10887 = DEFINITIONAL_REPRESENTATION('',(#10888),#10892);
#10888 = LINE('',#10889,#10890);
#10889 = CARTESIAN_POINT('',(-0.12529996383,3.740967957203E-18));
#10890 = VECTOR('',#10891,1.);
#10891 = DIRECTION('',(-1.179533954487E-16,1.));
#10892 = ( GEOMETRIC_REPRESENTATION_CONTEXT(2) 
PARAMETRIC_REPRESENTATION_CONTEXT() REPRESENTATION_CONTEXT('2D SPACE',''
  ) );
#10893 = ORIENTED_EDGE('',*,*,#859,.F.);
#10894 = ORIENTED_EDGE('',*,*,#10895,.T.);
#10895 = EDGE_CURVE('',#832,#8562,#10896,.T.);
#10896 = SURFACE_CURVE('',#10897,(#10901,#10908),.PCURVE_S1.);
#10897 = LINE('',#10898,#10899);
#10898 = CARTESIAN_POINT('',(-5.944668550834,-5.812967293758,5.));
#10899 = VECTOR('',#10900,1.);
#10900 = DIRECTION('',(1.224646799147E-16,-1.110223024625E-16,-1.));
#10901 = PCURVE('',#876,#10902);
#10902 = DEFINITIONAL_REPRESENTATION('',(#10903),#10907);
#10903 = LINE('',#10904,#10905);
#10904 = CARTESIAN_POINT('',(0.135912597546,0.));
#10905 = VECTOR('',#10906,1.);
#10906 = DIRECTION('',(0.,-1.));
#10907 = ( GEOMETRIC_REPRESENTATION_CONTEXT(2) 
PARAMETRIC_REPRESENTATION_CONTEXT() REPRESENTATION_CONTEXT('2D SPACE',''
  ) );
#10908 = PCURVE('',#847,#10909);
#10909 = DEFINITIONAL_REPRESENTATION('',(#10910),#10914);
#10910 = LINE('',#10911,#10912);
#10911 = CARTESIAN_POINT('',(0.125328054864,-8.412518574897E-18));
#10912 = VECTOR('',#10913,1.);
#10913 = DIRECTION('',(-9.754678145334E-17,-1.));
#10914 = ( GEOMETRIC_REPRESENTATION_CONTEXT(2) 
PARAMETRIC_REPRESENTATION_CONTEXT() REPRESENTATION_CONTEXT('2D SPACE',''
  ) );
#10915 = ADVANCED_FACE('',(#10916),#791,.T.);
#10916 = FACE_BOUND('',#10917,.T.);
#10917 = EDGE_LOOP('',(#10918,#10919,#10940,#10941));
#10918 = ORIENTED_EDGE('',*,*,#8635,.T.);
#10919 = ORIENTED_EDGE('',*,*,#10920,.T.);
#10920 = EDGE_CURVE('',#8613,#775,#10921,.T.);
#10921 = SURFACE_CURVE('',#10922,(#10926,#10933),.PCURVE_S1.);
#10922 = LINE('',#10923,#10924);
#10923 = CARTESIAN_POINT('',(-5.960350425117,-5.688638373754,5.));
#10924 = VECTOR('',#10925,1.);
#10925 = DIRECTION('',(-1.224646799147E-16,1.110223024625E-16,1.));
#10926 = PCURVE('',#791,#10927);
#10927 = DEFINITIONAL_REPRESENTATION('',(#10928),#10932);
#10928 = LINE('',#10929,#10930);
#10929 = CARTESIAN_POINT('',(0.115026549303,0.));
#10930 = VECTOR('',#10931,1.);
#10931 = DIRECTION('',(0.,1.));
#10932 = ( GEOMETRIC_REPRESENTATION_CONTEXT(2) 
PARAMETRIC_REPRESENTATION_CONTEXT() REPRESENTATION_CONTEXT('2D SPACE',''
  ) );
#10933 = PCURVE('',#819,#10934);
#10934 = DEFINITIONAL_REPRESENTATION('',(#10935),#10939);
#10935 = LINE('',#10936,#10937);
#10936 = CARTESIAN_POINT('',(-0.12529996383,5.390764386639E-18));
#10937 = VECTOR('',#10938,1.);
#10938 = DIRECTION('',(-1.128956757845E-16,1.));
#10939 = ( GEOMETRIC_REPRESENTATION_CONTEXT(2) 
PARAMETRIC_REPRESENTATION_CONTEXT() REPRESENTATION_CONTEXT('2D SPACE',''
  ) );
#10940 = ORIENTED_EDGE('',*,*,#774,.F.);
#10941 = ORIENTED_EDGE('',*,*,#10942,.T.);
#10942 = EDGE_CURVE('',#747,#8636,#10943,.T.);
#10943 = SURFACE_CURVE('',#10944,(#10948,#10955),.PCURVE_S1.);
#10944 = LINE('',#10945,#10946);
#10945 = CARTESIAN_POINT('',(-5.999684883433,-5.061492271881,5.));
#10946 = VECTOR('',#10947,1.);
#10947 = DIRECTION('',(1.224646799147E-16,-1.110223024625E-16,-1.));
#10948 = PCURVE('',#791,#10949);
#10949 = DEFINITIONAL_REPRESENTATION('',(#10950),#10954);
#10950 = LINE('',#10951,#10952);
#10951 = CARTESIAN_POINT('',(1.024889140284E-02,0.));
#10952 = VECTOR('',#10953,1.);
#10953 = DIRECTION('',(0.,-1.));
#10954 = ( GEOMETRIC_REPRESENTATION_CONTEXT(2) 
PARAMETRIC_REPRESENTATION_CONTEXT() REPRESENTATION_CONTEXT('2D SPACE',''
  ) );
#10955 = PCURVE('',#762,#10956);
#10956 = DEFINITIONAL_REPRESENTATION('',(#10957),#10961);
#10957 = LINE('',#10958,#10959);
#10958 = CARTESIAN_POINT('',(0.125328054864,-6.957104607085E-18));
#10959 = VECTOR('',#10960,1.);
#10960 = DIRECTION('',(-1.060575238725E-16,-1.));
#10961 = ( GEOMETRIC_REPRESENTATION_CONTEXT(2) 
PARAMETRIC_REPRESENTATION_CONTEXT() REPRESENTATION_CONTEXT('2D SPACE',''
  ) );
#10962 = ADVANCED_FACE('',(#10963),#542,.T.);
#10963 = FACE_BOUND('',#10964,.T.);
#10964 = EDGE_LOOP('',(#10965,#10966,#10988,#10989));
#10965 = ORIENTED_EDGE('',*,*,#526,.F.);
#10966 = ORIENTED_EDGE('',*,*,#10967,.T.);
#10967 = EDGE_CURVE('',#498,#496,#10968,.T.);
#10968 = SURFACE_CURVE('',#10969,(#10974,#10981),.PCURVE_S1.);
#10969 = CIRCLE('',#10970,3.2);
#10970 = AXIS2_PLACEMENT_3D('',#10971,#10972,#10973);
#10971 = CARTESIAN_POINT('',(4.65365783676E-16,-5.,1.2));
#10972 = DIRECTION('',(-1.224646799147E-16,1.110223024625E-16,1.));
#10973 = DIRECTION('',(-1.,-1.359631073447E-32,-1.224646799147E-16));
#10974 = PCURVE('',#542,#10975);
#10975 = DEFINITIONAL_REPRESENTATION('',(#10976),#10980);
#10976 = LINE('',#10977,#10978);
#10977 = CARTESIAN_POINT('',(0.,-3.8));
#10978 = VECTOR('',#10979,1.);
#10979 = DIRECTION('',(1.,0.));
#10980 = ( GEOMETRIC_REPRESENTATION_CONTEXT(2) 
PARAMETRIC_REPRESENTATION_CONTEXT() REPRESENTATION_CONTEXT('2D SPACE',''
  ) );
#10981 = PCURVE('',#459,#10982);
#10982 = DEFINITIONAL_REPRESENTATION('',(#10983),#10987);
#10983 = CIRCLE('',#10984,3.2);
#10984 = AXIS2_PLACEMENT_2D('',#10985,#10986);
#10985 = CARTESIAN_POINT('',(-4.65365783676E-16,0.));
#10986 = DIRECTION('',(1.,0.));
#10987 = ( GEOMETRIC_REPRESENTATION_CONTEXT(2) 
PARAMETRIC_REPRESENTATION_CONTEXT() REPRESENTATION_CONTEXT('2D SPACE',''
  ) );
#10988 = ORIENTED_EDGE('',*,*,#582,.T.);
#10989 = ORIENTED_EDGE('',*,*,#10990,.F.);
#10990 = EDGE_CURVE('',#527,#555,#10991,.T.);
#10991 = SURFACE_CURVE('',#10992,(#10997,#11004),.PCURVE_S1.);
#10992 = CIRCLE('',#10993,3.2);
#10993 = AXIS2_PLACEMENT_3D('',#10994,#10995,#10996);
#10994 = CARTESIAN_POINT('',(3.673940397442E-16,-5.,2.));
#10995 = DIRECTION('',(-1.224646799147E-16,1.110223024625E-16,1.));
#10996 = DIRECTION('',(-1.,-1.359631073447E-32,-1.224646799147E-16));
#10997 = PCURVE('',#542,#10998);
#10998 = DEFINITIONAL_REPRESENTATION('',(#10999),#11003);
#10999 = LINE('',#11000,#11001);
#11000 = CARTESIAN_POINT('',(0.,-3.));
#11001 = VECTOR('',#11002,1.);
#11002 = DIRECTION('',(1.,0.));
#11003 = ( GEOMETRIC_REPRESENTATION_CONTEXT(2) 
PARAMETRIC_REPRESENTATION_CONTEXT() REPRESENTATION_CONTEXT('2D SPACE',''
  ) );
#11004 = PCURVE('',#45,#11005);
#11005 = DEFINITIONAL_REPRESENTATION('',(#11006),#11014);
#11006 = ( BOUNDED_CURVE() B_SPLINE_CURVE(2,(#11007,#11008,#11009,#11010
    ,#11011,#11012,#11013),.UNSPECIFIED.,.T.,.F.) 
B_SPLINE_CURVE_WITH_KNOTS((1,2,2,2,2,1),(-2.094395102393,0.,
    2.094395102393,4.188790204786,6.28318530718,8.377580409573),
.UNSPECIFIED.) CURVE() GEOMETRIC_REPRESENTATION_ITEM() 
RATIONAL_B_SPLINE_CURVE((1.,0.5,1.,0.5,1.,0.5,1.)) REPRESENTATION_ITEM(
  '') );
#11007 = CARTESIAN_POINT('',(-3.2,0.));
#11008 = CARTESIAN_POINT('',(-3.2,5.54256258422));
#11009 = CARTESIAN_POINT('',(1.6,2.77128129211));
#11010 = CARTESIAN_POINT('',(6.4,7.837739514543E-16));
#11011 = CARTESIAN_POINT('',(1.6,-2.77128129211));
#11012 = CARTESIAN_POINT('',(-3.2,-5.54256258422));
#11013 = CARTESIAN_POINT('',(-3.2,0.));
#11014 = ( GEOMETRIC_REPRESENTATION_CONTEXT(2) 
PARAMETRIC_REPRESENTATION_CONTEXT() REPRESENTATION_CONTEXT('2D SPACE',''
  ) );
#11015 = ADVANCED_FACE('',(#11016,#11041),#459,.T.);
#11016 = FACE_BOUND('',#11017,.T.);
#11017 = EDGE_LOOP('',(#11018,#11019));
#11018 = ORIENTED_EDGE('',*,*,#442,.T.);
#11019 = ORIENTED_EDGE('',*,*,#11020,.T.);
#11020 = EDGE_CURVE('',#415,#443,#11021,.T.);
#11021 = SURFACE_CURVE('',#11022,(#11027,#11034),.PCURVE_S1.);
#11022 = CIRCLE('',#11023,5.);
#11023 = AXIS2_PLACEMENT_3D('',#11024,#11025,#11026);
#11024 = CARTESIAN_POINT('',(4.65365783676E-16,-5.,1.2));
#11025 = DIRECTION('',(-1.224646799147E-16,1.110223024625E-16,1.));
#11026 = DIRECTION('',(-1.,-1.359631073447E-32,-1.224646799147E-16));
#11027 = PCURVE('',#459,#11028);
#11028 = DEFINITIONAL_REPRESENTATION('',(#11029),#11033);
#11029 = CIRCLE('',#11030,5.);
#11030 = AXIS2_PLACEMENT_2D('',#11031,#11032);
#11031 = CARTESIAN_POINT('',(-4.65365783676E-16,0.));
#11032 = DIRECTION('',(1.,0.));
#11033 = ( GEOMETRIC_REPRESENTATION_CONTEXT(2) 
PARAMETRIC_REPRESENTATION_CONTEXT() REPRESENTATION_CONTEXT('2D SPACE',''
  ) );
#11034 = PCURVE('',#430,#11035);
#11035 = DEFINITIONAL_REPRESENTATION('',(#11036),#11040);
#11036 = LINE('',#11037,#11038);
#11037 = CARTESIAN_POINT('',(0.,-3.8));
#11038 = VECTOR('',#11039,1.);
#11039 = DIRECTION('',(1.,0.));
#11040 = ( GEOMETRIC_REPRESENTATION_CONTEXT(2) 
PARAMETRIC_REPRESENTATION_CONTEXT() REPRESENTATION_CONTEXT('2D SPACE',''
  ) );
#11041 = FACE_BOUND('',#11042,.T.);
#11042 = EDGE_LOOP('',(#11043,#11044));
#11043 = ORIENTED_EDGE('',*,*,#495,.F.);
#11044 = ORIENTED_EDGE('',*,*,#10967,.F.);
#11045 = ADVANCED_FACE('',(#11046),#430,.T.);
#11046 = FACE_BOUND('',#11047,.T.);
#11047 = EDGE_LOOP('',(#11048,#11049,#11050,#11051));
#11048 = ORIENTED_EDGE('',*,*,#414,.F.);
#11049 = ORIENTED_EDGE('',*,*,#607,.T.);
#11050 = ORIENTED_EDGE('',*,*,#471,.T.);
#11051 = ORIENTED_EDGE('',*,*,#11020,.F.);
#11052 = ADVANCED_FACE('',(#11053),#309,.T.);
#11053 = FACE_BOUND('',#11054,.T.);
#11054 = EDGE_LOOP('',(#11055,#11056,#11082,#11083));
#11055 = ORIENTED_EDGE('',*,*,#293,.F.);
#11056 = ORIENTED_EDGE('',*,*,#11057,.T.);
#11057 = EDGE_CURVE('',#261,#259,#11058,.T.);
#11058 = SURFACE_CURVE('',#11059,(#11064,#11071),.PCURVE_S1.);
#11059 = CIRCLE('',#11060,0.5);
#11060 = AXIS2_PLACEMENT_3D('',#11061,#11062,#11063);
#11061 = CARTESIAN_POINT('',(1.224646799147E-15,-5.,-5.));
#11062 = DIRECTION('',(-1.224646799147E-16,1.110223024625E-16,1.));
#11063 = DIRECTION('',(-1.,-1.359631073447E-32,-1.224646799147E-16));
#11064 = PCURVE('',#309,#11065);
#11065 = DEFINITIONAL_REPRESENTATION('',(#11066),#11070);
#11066 = LINE('',#11067,#11068);
#11067 = CARTESIAN_POINT('',(0.,-3.));
#11068 = VECTOR('',#11069,1.);
#11069 = DIRECTION('',(1.,0.));
#11070 = ( GEOMETRIC_REPRESENTATION_CONTEXT(2) 
PARAMETRIC_REPRESENTATION_CONTEXT() REPRESENTATION_CONTEXT('2D SPACE',''
  ) );
#11071 = PCURVE('',#239,#11072);
#11072 = DEFINITIONAL_REPRESENTATION('',(#11073),#11081);
#11073 = ( BOUNDED_CURVE() B_SPLINE_CURVE(2,(#11074,#11075,#11076,#11077
    ,#11078,#11079,#11080),.UNSPECIFIED.,.T.,.F.) 
B_SPLINE_CURVE_WITH_KNOTS((1,2,2,2,2,1),(-2.094395102393,0.,
    2.094395102393,4.188790204786,6.28318530718,8.377580409573),
.UNSPECIFIED.) CURVE() GEOMETRIC_REPRESENTATION_ITEM() 
RATIONAL_B_SPLINE_CURVE((1.,0.5,1.,0.5,1.,0.5,1.)) REPRESENTATION_ITEM(
  '') );
#11074 = CARTESIAN_POINT('',(-0.5,0.));
#11075 = CARTESIAN_POINT('',(-0.5,0.866025403784));
#11076 = CARTESIAN_POINT('',(0.25,0.433012701892));
#11077 = CARTESIAN_POINT('',(1.,1.224646799147E-16));
#11078 = CARTESIAN_POINT('',(0.25,-0.433012701892));
#11079 = CARTESIAN_POINT('',(-0.5,-0.866025403784));
#11080 = CARTESIAN_POINT('',(-0.5,0.));
#11081 = ( GEOMETRIC_REPRESENTATION_CONTEXT(2) 
PARAMETRIC_REPRESENTATION_CONTEXT() REPRESENTATION_CONTEXT('2D SPACE',''
  ) );
#11082 = ORIENTED_EDGE('',*,*,#354,.T.);
#11083 = ORIENTED_EDGE('',*,*,#5037,.F.);
#11084 = ADVANCED_FACE('',(#11085,#11114),#239,.T.);
#11085 = FACE_BOUND('',#11086,.T.);
#11086 = EDGE_LOOP('',(#11087,#11113));
#11087 = ORIENTED_EDGE('',*,*,#11088,.T.);
#11088 = EDGE_CURVE('',#143,#202,#11089,.T.);
#11089 = SURFACE_CURVE('',#11090,(#11095,#11106),.PCURVE_S1.);
#11090 = CIRCLE('',#11091,0.25);
#11091 = AXIS2_PLACEMENT_3D('',#11092,#11093,#11094);
#11092 = CARTESIAN_POINT('',(1.224646799147E-15,-5.,-5.));
#11093 = DIRECTION('',(-1.224646799147E-16,1.110223024625E-16,1.));
#11094 = DIRECTION('',(-1.,-1.359631073447E-32,-1.224646799147E-16));
#11095 = PCURVE('',#239,#11096);
#11096 = DEFINITIONAL_REPRESENTATION('',(#11097),#11105);
#11097 = ( BOUNDED_CURVE() B_SPLINE_CURVE(2,(#11098,#11099,#11100,#11101
    ,#11102,#11103,#11104),.UNSPECIFIED.,.T.,.F.) 
B_SPLINE_CURVE_WITH_KNOTS((1,2,2,2,2,1),(-2.094395102393,0.,
    2.094395102393,4.188790204786,6.28318530718,8.377580409573),
.UNSPECIFIED.) CURVE() GEOMETRIC_REPRESENTATION_ITEM() 
RATIONAL_B_SPLINE_CURVE((1.,0.5,1.,0.5,1.,0.5,1.)) REPRESENTATION_ITEM(
  '') );
#11098 = CARTESIAN_POINT('',(-0.25,0.));
#11099 = CARTESIAN_POINT('',(-0.25,0.433012701892));
#11100 = CARTESIAN_POINT('',(0.125,0.216506350946));
#11101 = CARTESIAN_POINT('',(0.5,6.123233995737E-17));
#11102 = CARTESIAN_POINT('',(0.125,-0.216506350946));
#11103 = CARTESIAN_POINT('',(-0.25,-0.433012701892));
#11104 = CARTESIAN_POINT('',(-0.25,0.));
#11105 = ( GEOMETRIC_REPRESENTATION_CONTEXT(2) 
PARAMETRIC_REPRESENTATION_CONTEXT() REPRESENTATION_CONTEXT('2D SPACE',''
  ) );
#11106 = PCURVE('',#165,#11107);
#11107 = DEFINITIONAL_REPRESENTATION('',(#11108),#11112);
#11108 = LINE('',#11109,#11110);
#11109 = CARTESIAN_POINT('',(0.,-10.));
#11110 = VECTOR('',#11111,1.);
#11111 = DIRECTION('',(1.,0.));
#11112 = ( GEOMETRIC_REPRESENTATION_CONTEXT(2) 
PARAMETRIC_REPRESENTATION_CONTEXT() REPRESENTATION_CONTEXT('2D SPACE',''
  ) );
#11113 = ORIENTED_EDGE('',*,*,#224,.T.);
#11114 = FACE_BOUND('',#11115,.T.);
#11115 = EDGE_LOOP('',(#11116,#11117));
#11116 = ORIENTED_EDGE('',*,*,#258,.F.);
#11117 = ORIENTED_EDGE('',*,*,#11057,.F.);
#11118 = ADVANCED_FACE('',(#11119),#165,.F.);
#11119 = FACE_BOUND('',#11120,.F.);
#11120 = EDGE_LOOP('',(#11121,#11143,#11144,#11145));
#11121 = ORIENTED_EDGE('',*,*,#11122,.F.);
#11122 = EDGE_CURVE('',#145,#178,#11123,.T.);
#11123 = SURFACE_CURVE('',#11124,(#11129,#11136),.PCURVE_S1.);
#11124 = CIRCLE('',#11125,2.929491924311);
#11125 = AXIS2_PLACEMENT_3D('',#11126,#11127,#11128);
#11126 = CARTESIAN_POINT('',(4.644240825021E-32,-5.,5.));
#11127 = DIRECTION('',(-1.224646799147E-16,1.110223024625E-16,1.));
#11128 = DIRECTION('',(-1.,-1.359631073447E-32,-1.224646799147E-16));
#11129 = PCURVE('',#165,#11130);
#11130 = DEFINITIONAL_REPRESENTATION('',(#11131),#11135);
#11131 = LINE('',#11132,#11133);
#11132 = CARTESIAN_POINT('',(0.,0.));
#11133 = VECTOR('',#11134,1.);
#11134 = DIRECTION('',(1.,0.));
#11135 = ( GEOMETRIC_REPRESENTATION_CONTEXT(2) 
PARAMETRIC_REPRESENTATION_CONTEXT() REPRESENTATION_CONTEXT('2D SPACE',''
  ) );
#11136 = PCURVE('',#106,#11137);
#11137 = DEFINITIONAL_REPRESENTATION('',(#11138),#11142);
#11138 = CIRCLE('',#11139,2.929491924311);
#11139 = AXIS2_PLACEMENT_2D('',#11140,#11141);
#11140 = CARTESIAN_POINT('',(-5.25202870295E-31,0.));
#11141 = DIRECTION('',(1.,0.));
#11142 = ( GEOMETRIC_REPRESENTATION_CONTEXT(2) 
PARAMETRIC_REPRESENTATION_CONTEXT() REPRESENTATION_CONTEXT('2D SPACE',''
  ) );
#11143 = ORIENTED_EDGE('',*,*,#142,.F.);
#11144 = ORIENTED_EDGE('',*,*,#11088,.T.);
#11145 = ORIENTED_EDGE('',*,*,#201,.T.);
#11146 = ADVANCED_FACE('',(#11147,#11172),#106,.T.);
#11147 = FACE_BOUND('',#11148,.T.);
#11148 = EDGE_LOOP('',(#11149,#11150));
#11149 = ORIENTED_EDGE('',*,*,#89,.T.);
#11150 = ORIENTED_EDGE('',*,*,#11151,.T.);
#11151 = EDGE_CURVE('',#62,#90,#11152,.T.);
#11152 = SURFACE_CURVE('',#11153,(#11158,#11165),.PCURVE_S1.);
#11153 = CIRCLE('',#11154,4.);
#11154 = AXIS2_PLACEMENT_3D('',#11155,#11156,#11157);
#11155 = CARTESIAN_POINT('',(-2.358583941776E-47,-5.,5.));
#11156 = DIRECTION('',(-1.224646799147E-16,1.110223024625E-16,1.));
#11157 = DIRECTION('',(-1.,-1.359631073447E-32,-1.224646799147E-16));
#11158 = PCURVE('',#106,#11159);
#11159 = DEFINITIONAL_REPRESENTATION('',(#11160),#11164);
#11160 = CIRCLE('',#11161,4.);
#11161 = AXIS2_PLACEMENT_2D('',#11162,#11163);
#11162 = CARTESIAN_POINT('',(-4.787604620447E-31,0.));
#11163 = DIRECTION('',(1.,0.));
#11164 = ( GEOMETRIC_REPRESENTATION_CONTEXT(2) 
PARAMETRIC_REPRESENTATION_CONTEXT() REPRESENTATION_CONTEXT('2D SPACE',''
  ) );
#11165 = PCURVE('',#77,#11166);
#11166 = DEFINITIONAL_REPRESENTATION('',(#11167),#11171);
#11167 = LINE('',#11168,#11169);
#11168 = CARTESIAN_POINT('',(0.,1.972152263053E-31));
#11169 = VECTOR('',#11170,1.);
#11170 = DIRECTION('',(1.,0.));
#11171 = ( GEOMETRIC_REPRESENTATION_CONTEXT(2) 
PARAMETRIC_REPRESENTATION_CONTEXT() REPRESENTATION_CONTEXT('2D SPACE',''
  ) );
#11172 = FACE_BOUND('',#11173,.T.);
#11173 = EDGE_LOOP('',(#11174,#11175));
#11174 = ORIENTED_EDGE('',*,*,#11122,.F.);
#11175 = ORIENTED_EDGE('',*,*,#177,.F.);
#11176 = ADVANCED_FACE('',(#11177),#77,.T.);
#11177 = FACE_BOUND('',#11178,.T.);
#11178 = EDGE_LOOP('',(#11179,#11180,#11206,#11207));
#11179 = ORIENTED_EDGE('',*,*,#61,.F.);
#11180 = ORIENTED_EDGE('',*,*,#11181,.T.);
#11181 = EDGE_CURVE('',#24,#22,#11182,.T.);
#11182 = SURFACE_CURVE('',#11183,(#11188,#11195),.PCURVE_S1.);
#11183 = CIRCLE('',#11184,4.);
#11184 = AXIS2_PLACEMENT_3D('',#11185,#11186,#11187);
#11185 = CARTESIAN_POINT('',(3.673940397442E-16,-5.,2.));
#11186 = DIRECTION('',(-1.224646799147E-16,1.110223024625E-16,1.));
#11187 = DIRECTION('',(-1.,-1.359631073447E-32,-1.224646799147E-16));
#11188 = PCURVE('',#77,#11189);
#11189 = DEFINITIONAL_REPRESENTATION('',(#11190),#11194);
#11190 = LINE('',#11191,#11192);
#11191 = CARTESIAN_POINT('',(0.,-3.));
#11192 = VECTOR('',#11193,1.);
#11193 = DIRECTION('',(1.,0.));
#11194 = ( GEOMETRIC_REPRESENTATION_CONTEXT(2) 
PARAMETRIC_REPRESENTATION_CONTEXT() REPRESENTATION_CONTEXT('2D SPACE',''
  ) );
#11195 = PCURVE('',#45,#11196);
#11196 = DEFINITIONAL_REPRESENTATION('',(#11197),#11205);
#11197 = ( BOUNDED_CURVE() B_SPLINE_CURVE(2,(#11198,#11199,#11200,#11201
    ,#11202,#11203,#11204),.UNSPECIFIED.,.T.,.F.) 
B_SPLINE_CURVE_WITH_KNOTS((1,2,2,2,2,1),(-2.094395102393,0.,
    2.094395102393,4.188790204786,6.28318530718,8.377580409573),
.UNSPECIFIED.) CURVE() GEOMETRIC_REPRESENTATION_ITEM() 
RATIONAL_B_SPLINE_CURVE((1.,0.5,1.,0.5,1.,0.5,1.)) REPRESENTATION_ITEM(
  '') );
#11198 = CARTESIAN_POINT('',(-4.,0.));
#11199 = CARTESIAN_POINT('',(-4.,6.928203230276));
#11200 = CARTESIAN_POINT('',(2.,3.464101615138));
#11201 = CARTESIAN_POINT('',(8.,9.797174393179E-16));
#11202 = CARTESIAN_POINT('',(2.,-3.464101615138));
#11203 = CARTESIAN_POINT('',(-4.,-6.928203230276));
#11204 = CARTESIAN_POINT('',(-4.,0.));
#11205 = ( GEOMETRIC_REPRESENTATION_CONTEXT(2) 
PARAMETRIC_REPRESENTATION_CONTEXT() REPRESENTATION_CONTEXT('2D SPACE',''
  ) );
#11206 = ORIENTED_EDGE('',*,*,#118,.T.);
#11207 = ORIENTED_EDGE('',*,*,#11151,.F.);
#11208 = ADVANCED_FACE('',(#11209,#11213),#45,.T.);
#11209 = FACE_BOUND('',#11210,.T.);
#11210 = EDGE_LOOP('',(#11211,#11212));
#11211 = ORIENTED_EDGE('',*,*,#554,.T.);
#11212 = ORIENTED_EDGE('',*,*,#10990,.T.);
#11213 = FACE_BOUND('',#11214,.T.);
#11214 = EDGE_LOOP('',(#11215,#11216));
#11215 = ORIENTED_EDGE('',*,*,#21,.F.);
#11216 = ORIENTED_EDGE('',*,*,#11181,.F.);
#11217 = ADVANCED_FACE('',(#11218),#762,.T.);
#11218 = FACE_BOUND('',#11219,.T.);
#11219 = EDGE_LOOP('',(#11220,#11241,#11242,#11243));
#11220 = ORIENTED_EDGE('',*,*,#11221,.T.);
#11221 = EDGE_CURVE('',#719,#8664,#11222,.T.);
#11222 = SURFACE_CURVE('',#11223,(#11227,#11234),.PCURVE_S1.);
#11223 = LINE('',#11224,#11225);
#11224 = CARTESIAN_POINT('',(-5.891147604114,-4.998828244449,5.));
#11225 = VECTOR('',#11226,1.);
#11226 = DIRECTION('',(1.224646799147E-16,-1.110223024625E-16,-1.));
#11227 = PCURVE('',#762,#11228);
#11228 = DEFINITIONAL_REPRESENTATION('',(#11229),#11233);
#11229 = LINE('',#11230,#11231);
#11230 = CARTESIAN_POINT('',(0.,0.));
#11231 = VECTOR('',#11232,1.);
#11232 = DIRECTION('',(-1.060575238725E-16,-1.));
#11233 = ( GEOMETRIC_REPRESENTATION_CONTEXT(2) 
PARAMETRIC_REPRESENTATION_CONTEXT() REPRESENTATION_CONTEXT('2D SPACE',''
  ) );
#11234 = PCURVE('',#734,#11235);
#11235 = DEFINITIONAL_REPRESENTATION('',(#11236),#11240);
#11236 = LINE('',#11237,#11238);
#11237 = CARTESIAN_POINT('',(0.,0.));
#11238 = VECTOR('',#11239,1.);
#11239 = DIRECTION('',(1.060575238725E-16,-1.));
#11240 = ( GEOMETRIC_REPRESENTATION_CONTEXT(2) 
PARAMETRIC_REPRESENTATION_CONTEXT() REPRESENTATION_CONTEXT('2D SPACE',''
  ) );
#11241 = ORIENTED_EDGE('',*,*,#8663,.F.);
#11242 = ORIENTED_EDGE('',*,*,#10942,.F.);
#11243 = ORIENTED_EDGE('',*,*,#746,.F.);
#11244 = ADVANCED_FACE('',(#11245),#734,.T.);
#11245 = FACE_BOUND('',#11246,.T.);
#11246 = EDGE_LOOP('',(#11247,#11248,#11249,#11250));
#11247 = ORIENTED_EDGE('',*,*,#4936,.F.);
#11248 = ORIENTED_EDGE('',*,*,#8686,.F.);
#11249 = ORIENTED_EDGE('',*,*,#11221,.F.);
#11250 = ORIENTED_EDGE('',*,*,#718,.F.);
#11251 = ADVANCED_FACE('',(#11252),#847,.T.);
#11252 = FACE_BOUND('',#11253,.T.);
#11253 = EDGE_LOOP('',(#11254,#11275,#11276,#11277));
#11254 = ORIENTED_EDGE('',*,*,#11255,.T.);
#11255 = EDGE_CURVE('',#804,#8590,#11256,.T.);
#11256 = SURFACE_CURVE('',#11257,(#11261,#11268),.PCURVE_S1.);
#11257 = LINE('',#11258,#11259);
#11258 = CARTESIAN_POINT('',(-5.844841005567,-5.73719406272,5.));
#11259 = VECTOR('',#11260,1.);
#11260 = DIRECTION('',(1.224646799147E-16,-1.110223024625E-16,-1.));
#11261 = PCURVE('',#847,#11262);
#11262 = DEFINITIONAL_REPRESENTATION('',(#11263),#11267);
#11263 = LINE('',#11264,#11265);
#11264 = CARTESIAN_POINT('',(0.,0.));
#11265 = VECTOR('',#11266,1.);
#11266 = DIRECTION('',(-9.754678145334E-17,-1.));
#11267 = ( GEOMETRIC_REPRESENTATION_CONTEXT(2) 
PARAMETRIC_REPRESENTATION_CONTEXT() REPRESENTATION_CONTEXT('2D SPACE',''
  ) );
#11268 = PCURVE('',#819,#11269);
#11269 = DEFINITIONAL_REPRESENTATION('',(#11270),#11274);
#11270 = LINE('',#11271,#11272);
#11271 = CARTESIAN_POINT('',(0.,0.));
#11272 = VECTOR('',#11273,1.);
#11273 = DIRECTION('',(1.128956757845E-16,-1.));
#11274 = ( GEOMETRIC_REPRESENTATION_CONTEXT(2) 
PARAMETRIC_REPRESENTATION_CONTEXT() REPRESENTATION_CONTEXT('2D SPACE',''
  ) );
#11275 = ORIENTED_EDGE('',*,*,#8589,.F.);
#11276 = ORIENTED_EDGE('',*,*,#10895,.F.);
#11277 = ORIENTED_EDGE('',*,*,#831,.F.);
#11278 = ADVANCED_FACE('',(#11279),#819,.T.);
#11279 = FACE_BOUND('',#11280,.T.);
#11280 = EDGE_LOOP('',(#11281,#11282,#11283,#11284));
#11281 = ORIENTED_EDGE('',*,*,#10920,.F.);
#11282 = ORIENTED_EDGE('',*,*,#8612,.F.);
#11283 = ORIENTED_EDGE('',*,*,#11255,.F.);
#11284 = ORIENTED_EDGE('',*,*,#803,.F.);
#11285 = ADVANCED_FACE('',(#11286),#932,.T.);
#11286 = FACE_BOUND('',#11287,.T.);
#11287 = EDGE_LOOP('',(#11288,#11309,#11310,#11311));
#11288 = ORIENTED_EDGE('',*,*,#11289,.T.);
#11289 = EDGE_CURVE('',#889,#8516,#11290,.T.);
#11290 = SURFACE_CURVE('',#11291,(#11295,#11302),.PCURVE_S1.);
#11291 = LINE('',#11292,#11293);
#11292 = CARTESIAN_POINT('',(-5.706357772824,-6.463933890243,5.));
#11293 = VECTOR('',#11294,1.);
#11294 = DIRECTION('',(1.224646799147E-16,-1.110223024625E-16,-1.));
#11295 = PCURVE('',#932,#11296);
#11296 = DEFINITIONAL_REPRESENTATION('',(#11297),#11301);
#11297 = LINE('',#11298,#11299);
#11298 = CARTESIAN_POINT('',(0.,0.));
#11299 = VECTOR('',#11300,1.);
#11300 = DIRECTION('',(-8.749766801905E-17,-1.));
#11301 = ( GEOMETRIC_REPRESENTATION_CONTEXT(2) 
PARAMETRIC_REPRESENTATION_CONTEXT() REPRESENTATION_CONTEXT('2D SPACE',''
  ) );
#11302 = PCURVE('',#904,#11303);
#11303 = DEFINITIONAL_REPRESENTATION('',(#11304),#11308);
#11304 = LINE('',#11305,#11306);
#11305 = CARTESIAN_POINT('',(0.,0.));
#11306 = VECTOR('',#11307,1.);
#11307 = DIRECTION('',(1.179533954487E-16,-1.));
#11308 = ( GEOMETRIC_REPRESENTATION_CONTEXT(2) 
PARAMETRIC_REPRESENTATION_CONTEXT() REPRESENTATION_CONTEXT('2D SPACE',''
  ) );
#11309 = ORIENTED_EDGE('',*,*,#8515,.F.);
#11310 = ORIENTED_EDGE('',*,*,#10848,.F.);
#11311 = ORIENTED_EDGE('',*,*,#916,.F.);
#11312 = ADVANCED_FACE('',(#11313),#904,.T.);
#11313 = FACE_BOUND('',#11314,.T.);
#11314 = EDGE_LOOP('',(#11315,#11316,#11317,#11318));
#11315 = ORIENTED_EDGE('',*,*,#10873,.F.);
#11316 = ORIENTED_EDGE('',*,*,#8538,.F.);
#11317 = ORIENTED_EDGE('',*,*,#11289,.F.);
#11318 = ORIENTED_EDGE('',*,*,#888,.F.);
#11319 = ADVANCED_FACE('',(#11320),#1017,.T.);
#11320 = FACE_BOUND('',#11321,.T.);
#11321 = EDGE_LOOP('',(#11322,#11343,#11344,#11345));
#11322 = ORIENTED_EDGE('',*,*,#11323,.T.);
#11323 = EDGE_CURVE('',#974,#8442,#11324,.T.);
#11324 = SURFACE_CURVE('',#11325,(#11329,#11336),.PCURVE_S1.);
#11325 = LINE('',#11326,#11327);
#11326 = CARTESIAN_POINT('',(-5.47788186919,-7.167586605806,5.));
#11327 = VECTOR('',#11328,1.);
#11328 = DIRECTION('',(1.224646799147E-16,-1.110223024625E-16,-1.));
#11329 = PCURVE('',#1017,#11330);
#11330 = DEFINITIONAL_REPRESENTATION('',(#11331),#11335);
#11331 = LINE('',#11332,#11333);
#11332 = CARTESIAN_POINT('',(0.,0.));
#11333 = VECTOR('',#11334,1.);
#11334 = DIRECTION('',(-7.606866409153E-17,-1.));
#11335 = ( GEOMETRIC_REPRESENTATION_CONTEXT(2) 
PARAMETRIC_REPRESENTATION_CONTEXT() REPRESENTATION_CONTEXT('2D SPACE',''
  ) );
#11336 = PCURVE('',#989,#11337);
#11337 = DEFINITIONAL_REPRESENTATION('',(#11338),#11342);
#11338 = LINE('',#11339,#11340);
#11339 = CARTESIAN_POINT('',(0.,0.));
#11340 = VECTOR('',#11341,1.);
#11341 = DIRECTION('',(1.211509196048E-16,-1.));
#11342 = ( GEOMETRIC_REPRESENTATION_CONTEXT(2) 
PARAMETRIC_REPRESENTATION_CONTEXT() REPRESENTATION_CONTEXT('2D SPACE',''
  ) );
#11343 = ORIENTED_EDGE('',*,*,#8441,.F.);
#11344 = ORIENTED_EDGE('',*,*,#10801,.F.);
#11345 = ORIENTED_EDGE('',*,*,#1001,.F.);
#11346 = ADVANCED_FACE('',(#11347),#989,.T.);
#11347 = FACE_BOUND('',#11348,.T.);
#11348 = EDGE_LOOP('',(#11349,#11350,#11351,#11352));
#11349 = ORIENTED_EDGE('',*,*,#10826,.F.);
#11350 = ORIENTED_EDGE('',*,*,#8464,.F.);
#11351 = ORIENTED_EDGE('',*,*,#11323,.F.);
#11352 = ORIENTED_EDGE('',*,*,#973,.F.);
#11353 = ADVANCED_FACE('',(#11354),#1102,.T.);
#11354 = FACE_BOUND('',#11355,.T.);
#11355 = EDGE_LOOP('',(#11356,#11377,#11378,#11379));
#11356 = ORIENTED_EDGE('',*,*,#11357,.T.);
#11357 = EDGE_CURVE('',#1059,#8368,#11358,.T.);
#11358 = SURFACE_CURVE('',#11359,(#11363,#11370),.PCURVE_S1.);
#11359 = LINE('',#11360,#11361);
#11360 = CARTESIAN_POINT('',(-5.163016496151,-7.837055185741,5.));
#11361 = VECTOR('',#11362,1.);
#11362 = DIRECTION('',(1.224646799147E-16,-1.110223024625E-16,-1.));
#11363 = PCURVE('',#1102,#11364);
#11364 = DEFINITIONAL_REPRESENTATION('',(#11365),#11369);
#11365 = LINE('',#11366,#11367);
#11366 = CARTESIAN_POINT('',(0.,0.));
#11367 = VECTOR('',#11368,1.);
#11368 = DIRECTION('',(-6.344001189007E-17,-1.));
#11369 = ( GEOMETRIC_REPRESENTATION_CONTEXT(2) 
PARAMETRIC_REPRESENTATION_CONTEXT() REPRESENTATION_CONTEXT('2D SPACE',''
  ) );
#11370 = PCURVE('',#1074,#11371);
#11371 = DEFINITIONAL_REPRESENTATION('',(#11372),#11376);
#11372 = LINE('',#11373,#11374);
#11373 = CARTESIAN_POINT('',(0.,0.));
#11374 = VECTOR('',#11375,1.);
#11375 = DIRECTION('',(1.224378213867E-16,-1.));
#11376 = ( GEOMETRIC_REPRESENTATION_CONTEXT(2) 
PARAMETRIC_REPRESENTATION_CONTEXT() REPRESENTATION_CONTEXT('2D SPACE',''
  ) );
#11377 = ORIENTED_EDGE('',*,*,#8367,.F.);
#11378 = ORIENTED_EDGE('',*,*,#10754,.F.);
#11379 = ORIENTED_EDGE('',*,*,#1086,.F.);
#11380 = ADVANCED_FACE('',(#11381),#1074,.T.);
#11381 = FACE_BOUND('',#11382,.T.);
#11382 = EDGE_LOOP('',(#11383,#11384,#11385,#11386));
#11383 = ORIENTED_EDGE('',*,*,#10779,.F.);
#11384 = ORIENTED_EDGE('',*,*,#8390,.F.);
#11385 = ORIENTED_EDGE('',*,*,#11357,.F.);
#11386 = ORIENTED_EDGE('',*,*,#1058,.F.);
#11387 = ADVANCED_FACE('',(#11388),#1187,.T.);
#11388 = FACE_BOUND('',#11389,.T.);
#11389 = EDGE_LOOP('',(#11390,#11411,#11412,#11413));
#11390 = ORIENTED_EDGE('',*,*,#11391,.T.);
#11391 = EDGE_CURVE('',#1144,#8294,#11392,.T.);
#11392 = SURFACE_CURVE('',#11393,(#11397,#11404),.PCURVE_S1.);
#11393 = LINE('',#11394,#11395);
#11394 = CARTESIAN_POINT('',(-4.766727268732,-8.461781710623,5.));
#11395 = VECTOR('',#11396,1.);
#11396 = DIRECTION('',(1.224646799147E-16,-1.110223024625E-16,-1.));
#11397 = PCURVE('',#1187,#11398);
#11398 = DEFINITIONAL_REPRESENTATION('',(#11399),#11403);
#11399 = LINE('',#11400,#11401);
#11400 = CARTESIAN_POINT('',(0.,0.));
#11401 = VECTOR('',#11402,1.);
#11402 = DIRECTION('',(-4.981087280387E-17,-1.));
#11403 = ( GEOMETRIC_REPRESENTATION_CONTEXT(2) 
PARAMETRIC_REPRESENTATION_CONTEXT() REPRESENTATION_CONTEXT('2D SPACE',''
  ) );
#11404 = PCURVE('',#1159,#11405);
#11405 = DEFINITIONAL_REPRESENTATION('',(#11406),#11410);
#11406 = LINE('',#11407,#11408);
#11407 = CARTESIAN_POINT('',(0.,0.));
#11408 = VECTOR('',#11409,1.);
#11409 = DIRECTION('',(1.217938055845E-16,-1.));
#11410 = ( GEOMETRIC_REPRESENTATION_CONTEXT(2) 
PARAMETRIC_REPRESENTATION_CONTEXT() REPRESENTATION_CONTEXT('2D SPACE',''
  ) );
#11411 = ORIENTED_EDGE('',*,*,#8293,.F.);
#11412 = ORIENTED_EDGE('',*,*,#10707,.F.);
#11413 = ORIENTED_EDGE('',*,*,#1171,.F.);
#11414 = ADVANCED_FACE('',(#11415),#1159,.T.);
#11415 = FACE_BOUND('',#11416,.T.);
#11416 = EDGE_LOOP('',(#11417,#11418,#11419,#11420));
#11417 = ORIENTED_EDGE('',*,*,#10732,.F.);
#11418 = ORIENTED_EDGE('',*,*,#8316,.F.);
#11419 = ORIENTED_EDGE('',*,*,#11391,.F.);
#11420 = ORIENTED_EDGE('',*,*,#1143,.F.);
#11421 = ADVANCED_FACE('',(#11422),#1272,.T.);
#11422 = FACE_BOUND('',#11423,.T.);
#11423 = EDGE_LOOP('',(#11424,#11445,#11446,#11447));
#11424 = ORIENTED_EDGE('',*,*,#11425,.T.);
#11425 = EDGE_CURVE('',#1229,#8220,#11426,.T.);
#11426 = SURFACE_CURVE('',#11427,(#11431,#11438),.PCURVE_S1.);
#11427 = LINE('',#11428,#11429);
#11428 = CARTESIAN_POINT('',(-4.295263904779,-9.03191386996,5.));
#11429 = VECTOR('',#11430,1.);
#11430 = DIRECTION('',(1.224646799147E-16,-1.110223024625E-16,-1.));
#11431 = PCURVE('',#1272,#11432);
#11432 = DEFINITIONAL_REPRESENTATION('',(#11433),#11437);
#11433 = LINE('',#11434,#11435);
#11434 = CARTESIAN_POINT('',(0.,0.));
#11435 = VECTOR('',#11436,1.);
#11436 = DIRECTION('',(-3.539618649799E-17,-1.));
#11437 = ( GEOMETRIC_REPRESENTATION_CONTEXT(2) 
PARAMETRIC_REPRESENTATION_CONTEXT() REPRESENTATION_CONTEXT('2D SPACE',''
  ) );
#11438 = PCURVE('',#1244,#11439);
#11439 = DEFINITIONAL_REPRESENTATION('',(#11440),#11444);
#11440 = LINE('',#11441,#11442);
#11441 = CARTESIAN_POINT('',(0.,0.));
#11442 = VECTOR('',#11443,1.);
#11443 = DIRECTION('',(1.192290287121E-16,-1.));
#11444 = ( GEOMETRIC_REPRESENTATION_CONTEXT(2) 
PARAMETRIC_REPRESENTATION_CONTEXT() REPRESENTATION_CONTEXT('2D SPACE',''
  ) );
#11445 = ORIENTED_EDGE('',*,*,#8219,.F.);
#11446 = ORIENTED_EDGE('',*,*,#10660,.F.);
#11447 = ORIENTED_EDGE('',*,*,#1256,.F.);
#11448 = ADVANCED_FACE('',(#11449),#1244,.T.);
#11449 = FACE_BOUND('',#11450,.T.);
#11450 = EDGE_LOOP('',(#11451,#11452,#11453,#11454));
#11451 = ORIENTED_EDGE('',*,*,#10685,.F.);
#11452 = ORIENTED_EDGE('',*,*,#8242,.F.);
#11453 = ORIENTED_EDGE('',*,*,#11425,.F.);
#11454 = ORIENTED_EDGE('',*,*,#1228,.F.);
#11455 = ADVANCED_FACE('',(#11456),#1357,.T.);
#11456 = FACE_BOUND('',#11457,.T.);
#11457 = EDGE_LOOP('',(#11458,#11479,#11480,#11481));
#11458 = ORIENTED_EDGE('',*,*,#11459,.T.);
#11459 = EDGE_CURVE('',#1314,#8146,#11460,.T.);
#11460 = SURFACE_CURVE('',#11461,(#11465,#11472),.PCURVE_S1.);
#11461 = LINE('',#11462,#11463);
#11462 = CARTESIAN_POINT('',(-3.756061663182,-9.538460339019,5.));
#11463 = VECTOR('',#11464,1.);
#11464 = DIRECTION('',(1.224646799147E-16,-1.110223024625E-16,-1.));
#11465 = PCURVE('',#1357,#11466);
#11466 = DEFINITIONAL_REPRESENTATION('',(#11467),#11471);
#11467 = LINE('',#11468,#11469);
#11468 = CARTESIAN_POINT('',(0.,0.));
#11469 = VECTOR('',#11470,1.);
#11470 = DIRECTION('',(-2.042328118637E-17,-1.));
#11471 = ( GEOMETRIC_REPRESENTATION_CONTEXT(2) 
PARAMETRIC_REPRESENTATION_CONTEXT() REPRESENTATION_CONTEXT('2D SPACE',''
  ) );
#11472 = PCURVE('',#1329,#11473);
#11473 = DEFINITIONAL_REPRESENTATION('',(#11474),#11478);
#11474 = LINE('',#11475,#11476);
#11475 = CARTESIAN_POINT('',(0.,0.));
#11476 = VECTOR('',#11477,1.);
#11477 = DIRECTION('',(1.14783938833E-16,-1.));
#11478 = ( GEOMETRIC_REPRESENTATION_CONTEXT(2) 
PARAMETRIC_REPRESENTATION_CONTEXT() REPRESENTATION_CONTEXT('2D SPACE',''
  ) );
#11479 = ORIENTED_EDGE('',*,*,#8145,.F.);
#11480 = ORIENTED_EDGE('',*,*,#10613,.F.);
#11481 = ORIENTED_EDGE('',*,*,#1341,.F.);
#11482 = ADVANCED_FACE('',(#11483),#1329,.T.);
#11483 = FACE_BOUND('',#11484,.T.);
#11484 = EDGE_LOOP('',(#11485,#11486,#11487,#11488));
#11485 = ORIENTED_EDGE('',*,*,#10638,.F.);
#11486 = ORIENTED_EDGE('',*,*,#8168,.F.);
#11487 = ORIENTED_EDGE('',*,*,#11459,.F.);
#11488 = ORIENTED_EDGE('',*,*,#1313,.F.);
#11489 = ADVANCED_FACE('',(#11490),#1442,.T.);
#11490 = FACE_BOUND('',#11491,.T.);
#11491 = EDGE_LOOP('',(#11492,#11513,#11514,#11515));
#11492 = ORIENTED_EDGE('',*,*,#11493,.T.);
#11493 = EDGE_CURVE('',#1399,#8072,#11494,.T.);
#11494 = SURFACE_CURVE('',#11495,(#11499,#11506),.PCURVE_S1.);
#11495 = LINE('',#11496,#11497);
#11496 = CARTESIAN_POINT('',(-3.157624085394,-9.973432577387,5.));
#11497 = VECTOR('',#11498,1.);
#11498 = DIRECTION('',(1.224646799147E-16,-1.110223024625E-16,-1.));
#11499 = PCURVE('',#1442,#11500);
#11500 = DEFINITIONAL_REPRESENTATION('',(#11501),#11505);
#11501 = LINE('',#11502,#11503);
#11502 = CARTESIAN_POINT('',(0.,0.));
#11503 = VECTOR('',#11504,1.);
#11504 = DIRECTION('',(-5.128288530166E-18,-1.));
#11505 = ( GEOMETRIC_REPRESENTATION_CONTEXT(2) 
PARAMETRIC_REPRESENTATION_CONTEXT() REPRESENTATION_CONTEXT('2D SPACE',''
  ) );
#11506 = PCURVE('',#1414,#11507);
#11507 = DEFINITIONAL_REPRESENTATION('',(#11508),#11512);
#11508 = LINE('',#11509,#11510);
#11509 = CARTESIAN_POINT('',(0.,0.));
#11510 = VECTOR('',#11511,1.);
#11511 = DIRECTION('',(1.085286376698E-16,-1.));
#11512 = ( GEOMETRIC_REPRESENTATION_CONTEXT(2) 
PARAMETRIC_REPRESENTATION_CONTEXT() REPRESENTATION_CONTEXT('2D SPACE',''
  ) );
#11513 = ORIENTED_EDGE('',*,*,#8071,.F.);
#11514 = ORIENTED_EDGE('',*,*,#10566,.F.);
#11515 = ORIENTED_EDGE('',*,*,#1426,.F.);
#11516 = ADVANCED_FACE('',(#11517),#1414,.T.);
#11517 = FACE_BOUND('',#11518,.T.);
#11518 = EDGE_LOOP('',(#11519,#11520,#11521,#11522));
#11519 = ORIENTED_EDGE('',*,*,#10591,.F.);
#11520 = ORIENTED_EDGE('',*,*,#8094,.F.);
#11521 = ORIENTED_EDGE('',*,*,#11493,.F.);
#11522 = ORIENTED_EDGE('',*,*,#1398,.F.);
#11523 = ADVANCED_FACE('',(#11524),#1527,.T.);
#11524 = FACE_BOUND('',#11525,.T.);
#11525 = EDGE_LOOP('',(#11526,#11547,#11548,#11549));
#11526 = ORIENTED_EDGE('',*,*,#11527,.T.);
#11527 = EDGE_CURVE('',#1484,#7998,#11528,.T.);
#11528 = SURFACE_CURVE('',#11529,(#11533,#11540),.PCURVE_S1.);
#11529 = LINE('',#11530,#11531);
#11530 = CARTESIAN_POINT('',(-2.509388889506,-10.32997081302,5.));
#11531 = VECTOR('',#11532,1.);
#11532 = DIRECTION('',(1.224646799147E-16,-1.110223024625E-16,-1.));
#11533 = PCURVE('',#1527,#11534);
#11534 = DEFINITIONAL_REPRESENTATION('',(#11535),#11539);
#11535 = LINE('',#11536,#11537);
#11536 = CARTESIAN_POINT('',(0.,0.));
#11537 = VECTOR('',#11538,1.);
#11538 = DIRECTION('',(1.024758029965E-17,-1.));
#11539 = ( GEOMETRIC_REPRESENTATION_CONTEXT(2) 
PARAMETRIC_REPRESENTATION_CONTEXT() REPRESENTATION_CONTEXT('2D SPACE',''
  ) );
#11540 = PCURVE('',#1499,#11541);
#11541 = DEFINITIONAL_REPRESENTATION('',(#11542),#11546);
#11542 = LINE('',#11543,#11544);
#11543 = CARTESIAN_POINT('',(0.,0.));
#11544 = VECTOR('',#11545,1.);
#11545 = DIRECTION('',(1.005617750588E-16,-1.));
#11546 = ( GEOMETRIC_REPRESENTATION_CONTEXT(2) 
PARAMETRIC_REPRESENTATION_CONTEXT() REPRESENTATION_CONTEXT('2D SPACE',''
  ) );
#11547 = ORIENTED_EDGE('',*,*,#7997,.F.);
#11548 = ORIENTED_EDGE('',*,*,#10519,.F.);
#11549 = ORIENTED_EDGE('',*,*,#1511,.F.);
#11550 = ADVANCED_FACE('',(#11551),#1499,.T.);
#11551 = FACE_BOUND('',#11552,.T.);
#11552 = EDGE_LOOP('',(#11553,#11554,#11555,#11556));
#11553 = ORIENTED_EDGE('',*,*,#10544,.F.);
#11554 = ORIENTED_EDGE('',*,*,#8020,.F.);
#11555 = ORIENTED_EDGE('',*,*,#11527,.F.);
#11556 = ORIENTED_EDGE('',*,*,#1483,.F.);
#11557 = ADVANCED_FACE('',(#11558),#1612,.T.);
#11558 = FACE_BOUND('',#11559,.T.);
#11559 = EDGE_LOOP('',(#11560,#11581,#11582,#11583));
#11560 = ORIENTED_EDGE('',*,*,#11561,.T.);
#11561 = EDGE_CURVE('',#1569,#7924,#11562,.T.);
#11562 = SURFACE_CURVE('',#11563,(#11567,#11574),.PCURVE_S1.);
#11563 = LINE('',#11564,#11565);
#11564 = CARTESIAN_POINT('',(-1.821579131794,-10.60245222497,5.));
#11565 = VECTOR('',#11566,1.);
#11566 = DIRECTION('',(1.224646799147E-16,-1.110223024625E-16,-1.));
#11567 = PCURVE('',#1612,#11568);
#11568 = DEFINITIONAL_REPRESENTATION('',(#11569),#11573);
#11569 = LINE('',#11570,#11571);
#11570 = CARTESIAN_POINT('',(0.,0.));
#11571 = VECTOR('',#11572,1.);
#11572 = DIRECTION('',(2.546183866653E-17,-1.));
#11573 = ( GEOMETRIC_REPRESENTATION_CONTEXT(2) 
PARAMETRIC_REPRESENTATION_CONTEXT() REPRESENTATION_CONTEXT('2D SPACE',''
  ) );
#11574 = PCURVE('',#1584,#11575);
#11575 = DEFINITIONAL_REPRESENTATION('',(#11576),#11580);
#11576 = LINE('',#11577,#11578);
#11577 = CARTESIAN_POINT('',(0.,0.));
#11578 = VECTOR('',#11579,1.);
#11579 = DIRECTION('',(9.100899318238E-17,-1.));
#11580 = ( GEOMETRIC_REPRESENTATION_CONTEXT(2) 
PARAMETRIC_REPRESENTATION_CONTEXT() REPRESENTATION_CONTEXT('2D SPACE',''
  ) );
#11581 = ORIENTED_EDGE('',*,*,#7923,.F.);
#11582 = ORIENTED_EDGE('',*,*,#10472,.F.);
#11583 = ORIENTED_EDGE('',*,*,#1596,.F.);
#11584 = ADVANCED_FACE('',(#11585),#1584,.T.);
#11585 = FACE_BOUND('',#11586,.T.);
#11586 = EDGE_LOOP('',(#11587,#11588,#11589,#11590));
#11587 = ORIENTED_EDGE('',*,*,#10497,.F.);
#11588 = ORIENTED_EDGE('',*,*,#7946,.F.);
#11589 = ORIENTED_EDGE('',*,*,#11561,.F.);
#11590 = ORIENTED_EDGE('',*,*,#1568,.F.);
#11591 = ADVANCED_FACE('',(#11592),#1697,.T.);
#11592 = FACE_BOUND('',#11593,.T.);
#11593 = EDGE_LOOP('',(#11594,#11615,#11616,#11617));
#11594 = ORIENTED_EDGE('',*,*,#11595,.T.);
#11595 = EDGE_CURVE('',#1654,#7850,#11596,.T.);
#11596 = SURFACE_CURVE('',#11597,(#11601,#11608),.PCURVE_S1.);
#11597 = LINE('',#11598,#11599);
#11598 = CARTESIAN_POINT('',(-1.105041983016,-10.78657961858,5.));
#11599 = VECTOR('',#11600,1.);
#11600 = DIRECTION('',(1.224646799147E-16,-1.110223024625E-16,-1.));
#11601 = PCURVE('',#1697,#11602);
#11602 = DEFINITIONAL_REPRESENTATION('',(#11603),#11607);
#11603 = LINE('',#11604,#11605);
#11604 = CARTESIAN_POINT('',(0.,0.));
#11605 = VECTOR('',#11606,1.);
#11606 = DIRECTION('',(4.027454862747E-17,-1.));
#11607 = ( GEOMETRIC_REPRESENTATION_CONTEXT(2) 
PARAMETRIC_REPRESENTATION_CONTEXT() REPRESENTATION_CONTEXT('2D SPACE',''
  ) );
#11608 = PCURVE('',#1669,#11609);
#11609 = DEFINITIONAL_REPRESENTATION('',(#11610),#11614);
#11610 = LINE('',#11611,#11612);
#11611 = CARTESIAN_POINT('',(0.,0.));
#11612 = VECTOR('',#11613,1.);
#11613 = DIRECTION('',(8.002094511734E-17,-1.));
#11614 = ( GEOMETRIC_REPRESENTATION_CONTEXT(2) 
PARAMETRIC_REPRESENTATION_CONTEXT() REPRESENTATION_CONTEXT('2D SPACE',''
  ) );
#11615 = ORIENTED_EDGE('',*,*,#7849,.F.);
#11616 = ORIENTED_EDGE('',*,*,#10425,.F.);
#11617 = ORIENTED_EDGE('',*,*,#1681,.F.);
#11618 = ADVANCED_FACE('',(#11619),#1669,.T.);
#11619 = FACE_BOUND('',#11620,.T.);
#11620 = EDGE_LOOP('',(#11621,#11622,#11623,#11624));
#11621 = ORIENTED_EDGE('',*,*,#10450,.F.);
#11622 = ORIENTED_EDGE('',*,*,#7872,.F.);
#11623 = ORIENTED_EDGE('',*,*,#11595,.F.);
#11624 = ORIENTED_EDGE('',*,*,#1653,.F.);
#11625 = ADVANCED_FACE('',(#11626),#1782,.T.);
#11626 = FACE_BOUND('',#11627,.T.);
#11627 = EDGE_LOOP('',(#11628,#11649,#11650,#11651));
#11628 = ORIENTED_EDGE('',*,*,#11629,.T.);
#11629 = EDGE_CURVE('',#1739,#7776,#11630,.T.);
#11630 = SURFACE_CURVE('',#11631,(#11635,#11642),.PCURVE_S1.);
#11631 = LINE('',#11632,#11633);
#11632 = CARTESIAN_POINT('',(-0.371077662045,-10.87944919488,5.));
#11633 = VECTOR('',#11634,1.);
#11634 = DIRECTION('',(1.224646799147E-16,-1.110223024625E-16,-1.));
#11635 = PCURVE('',#1782,#11636);
#11636 = DEFINITIONAL_REPRESENTATION('',(#11637),#11641);
#11637 = LINE('',#11638,#11639);
#11638 = CARTESIAN_POINT('',(0.,0.));
#11639 = VECTOR('',#11640,1.);
#11640 = DIRECTION('',(5.445210489771E-17,-1.));
#11641 = ( GEOMETRIC_REPRESENTATION_CONTEXT(2) 
PARAMETRIC_REPRESENTATION_CONTEXT() REPRESENTATION_CONTEXT('2D SPACE',''
  ) );
#11642 = PCURVE('',#1754,#11643);
#11643 = DEFINITIONAL_REPRESENTATION('',(#11644),#11648);
#11644 = LINE('',#11645,#11646);
#11645 = CARTESIAN_POINT('',(0.,0.));
#11646 = VECTOR('',#11647,1.);
#11647 = DIRECTION('',(6.777091894561E-17,-1.));
#11648 = ( GEOMETRIC_REPRESENTATION_CONTEXT(2) 
PARAMETRIC_REPRESENTATION_CONTEXT() REPRESENTATION_CONTEXT('2D SPACE',''
  ) );
#11649 = ORIENTED_EDGE('',*,*,#7775,.F.);
#11650 = ORIENTED_EDGE('',*,*,#10378,.F.);
#11651 = ORIENTED_EDGE('',*,*,#1766,.F.);
#11652 = ADVANCED_FACE('',(#11653),#1754,.T.);
#11653 = FACE_BOUND('',#11654,.T.);
#11654 = EDGE_LOOP('',(#11655,#11656,#11657,#11658));
#11655 = ORIENTED_EDGE('',*,*,#10403,.F.);
#11656 = ORIENTED_EDGE('',*,*,#7798,.F.);
#11657 = ORIENTED_EDGE('',*,*,#11629,.F.);
#11658 = ORIENTED_EDGE('',*,*,#1738,.F.);
#11659 = ADVANCED_FACE('',(#11660),#1867,.T.);
#11660 = FACE_BOUND('',#11661,.T.);
#11661 = EDGE_LOOP('',(#11662,#11683,#11684,#11685));
#11662 = ORIENTED_EDGE('',*,*,#11663,.T.);
#11663 = EDGE_CURVE('',#1824,#7702,#11664,.T.);
#11664 = SURFACE_CURVE('',#11665,(#11669,#11676),.PCURVE_S1.);
#11665 = LINE('',#11666,#11667);
#11666 = CARTESIAN_POINT('',(0.368738775327,-10.87959634516,5.));
#11667 = VECTOR('',#11668,1.);
#11668 = DIRECTION('',(1.224646799147E-16,-1.110223024625E-16,-1.));
#11669 = PCURVE('',#1867,#11670);
#11670 = DEFINITIONAL_REPRESENTATION('',(#11671),#11675);
#11671 = LINE('',#11672,#11673);
#11672 = CARTESIAN_POINT('',(0.,0.));
#11673 = VECTOR('',#11674,1.);
#11674 = DIRECTION('',(6.777091894561E-17,-1.));
#11675 = ( GEOMETRIC_REPRESENTATION_CONTEXT(2) 
PARAMETRIC_REPRESENTATION_CONTEXT() REPRESENTATION_CONTEXT('2D SPACE',''
  ) );
#11676 = PCURVE('',#1839,#11677);
#11677 = DEFINITIONAL_REPRESENTATION('',(#11678),#11682);
#11678 = LINE('',#11679,#11680);
#11679 = CARTESIAN_POINT('',(0.,0.));
#11680 = VECTOR('',#11681,1.);
#11681 = DIRECTION('',(5.445210489771E-17,-1.));
#11682 = ( GEOMETRIC_REPRESENTATION_CONTEXT(2) 
PARAMETRIC_REPRESENTATION_CONTEXT() REPRESENTATION_CONTEXT('2D SPACE',''
  ) );
#11683 = ORIENTED_EDGE('',*,*,#7701,.F.);
#11684 = ORIENTED_EDGE('',*,*,#10331,.F.);
#11685 = ORIENTED_EDGE('',*,*,#1851,.F.);
#11686 = ADVANCED_FACE('',(#11687),#1839,.T.);
#11687 = FACE_BOUND('',#11688,.T.);
#11688 = EDGE_LOOP('',(#11689,#11690,#11691,#11692));
#11689 = ORIENTED_EDGE('',*,*,#10356,.F.);
#11690 = ORIENTED_EDGE('',*,*,#7724,.F.);
#11691 = ORIENTED_EDGE('',*,*,#11663,.F.);
#11692 = ORIENTED_EDGE('',*,*,#1823,.F.);
#11693 = ADVANCED_FACE('',(#11694),#1952,.T.);
#11694 = FACE_BOUND('',#11695,.T.);
#11695 = EDGE_LOOP('',(#11696,#11717,#11718,#11719));
#11696 = ORIENTED_EDGE('',*,*,#11697,.T.);
#11697 = EDGE_CURVE('',#1909,#7628,#11698,.T.);
#11698 = SURFACE_CURVE('',#11699,(#11703,#11710),.PCURVE_S1.);
#11699 = LINE('',#11700,#11701);
#11700 = CARTESIAN_POINT('',(1.102739981939,-10.78701874877,5.));
#11701 = VECTOR('',#11702,1.);
#11702 = DIRECTION('',(1.224646799147E-16,-1.110223024625E-16,-1.));
#11703 = PCURVE('',#1952,#11704);
#11704 = DEFINITIONAL_REPRESENTATION('',(#11705),#11709);
#11705 = LINE('',#11706,#11707);
#11706 = CARTESIAN_POINT('',(0.,0.));
#11707 = VECTOR('',#11708,1.);
#11708 = DIRECTION('',(8.002094511734E-17,-1.));
#11709 = ( GEOMETRIC_REPRESENTATION_CONTEXT(2) 
PARAMETRIC_REPRESENTATION_CONTEXT() REPRESENTATION_CONTEXT('2D SPACE',''
  ) );
#11710 = PCURVE('',#1924,#11711);
#11711 = DEFINITIONAL_REPRESENTATION('',(#11712),#11716);
#11712 = LINE('',#11713,#11714);
#11713 = CARTESIAN_POINT('',(0.,0.));
#11714 = VECTOR('',#11715,1.);
#11715 = DIRECTION('',(4.027454862747E-17,-1.));
#11716 = ( GEOMETRIC_REPRESENTATION_CONTEXT(2) 
PARAMETRIC_REPRESENTATION_CONTEXT() REPRESENTATION_CONTEXT('2D SPACE',''
  ) );
#11717 = ORIENTED_EDGE('',*,*,#7627,.F.);
#11718 = ORIENTED_EDGE('',*,*,#10284,.F.);
#11719 = ORIENTED_EDGE('',*,*,#1936,.F.);
#11720 = ADVANCED_FACE('',(#11721),#1924,.T.);
#11721 = FACE_BOUND('',#11722,.T.);
#11722 = EDGE_LOOP('',(#11723,#11724,#11725,#11726));
#11723 = ORIENTED_EDGE('',*,*,#10309,.F.);
#11724 = ORIENTED_EDGE('',*,*,#7650,.F.);
#11725 = ORIENTED_EDGE('',*,*,#11697,.F.);
#11726 = ORIENTED_EDGE('',*,*,#1908,.F.);
#11727 = ADVANCED_FACE('',(#11728),#2037,.T.);
#11728 = FACE_BOUND('',#11729,.T.);
#11729 = EDGE_LOOP('',(#11730,#11751,#11752,#11753));
#11730 = ORIENTED_EDGE('',*,*,#11731,.T.);
#11731 = EDGE_CURVE('',#1994,#7554,#11732,.T.);
#11732 = SURFACE_CURVE('',#11733,(#11737,#11744),.PCURVE_S1.);
#11733 = LINE('',#11734,#11735);
#11734 = CARTESIAN_POINT('',(1.819350320291,-10.60317640972,5.));
#11735 = VECTOR('',#11736,1.);
#11736 = DIRECTION('',(1.224646799147E-16,-1.110223024625E-16,-1.));
#11737 = PCURVE('',#2037,#11738);
#11738 = DEFINITIONAL_REPRESENTATION('',(#11739),#11743);
#11739 = LINE('',#11740,#11741);
#11740 = CARTESIAN_POINT('',(0.,0.));
#11741 = VECTOR('',#11742,1.);
#11742 = DIRECTION('',(9.100899318238E-17,-1.));
#11743 = ( GEOMETRIC_REPRESENTATION_CONTEXT(2) 
PARAMETRIC_REPRESENTATION_CONTEXT() REPRESENTATION_CONTEXT('2D SPACE',''
  ) );
#11744 = PCURVE('',#2009,#11745);
#11745 = DEFINITIONAL_REPRESENTATION('',(#11746),#11750);
#11746 = LINE('',#11747,#11748);
#11747 = CARTESIAN_POINT('',(0.,0.));
#11748 = VECTOR('',#11749,1.);
#11749 = DIRECTION('',(2.546183866653E-17,-1.));
#11750 = ( GEOMETRIC_REPRESENTATION_CONTEXT(2) 
PARAMETRIC_REPRESENTATION_CONTEXT() REPRESENTATION_CONTEXT('2D SPACE',''
  ) );
#11751 = ORIENTED_EDGE('',*,*,#7553,.F.);
#11752 = ORIENTED_EDGE('',*,*,#10237,.F.);
#11753 = ORIENTED_EDGE('',*,*,#2021,.F.);
#11754 = ADVANCED_FACE('',(#11755),#2009,.T.);
#11755 = FACE_BOUND('',#11756,.T.);
#11756 = EDGE_LOOP('',(#11757,#11758,#11759,#11760));
#11757 = ORIENTED_EDGE('',*,*,#10262,.F.);
#11758 = ORIENTED_EDGE('',*,*,#7576,.F.);
#11759 = ORIENTED_EDGE('',*,*,#11731,.F.);
#11760 = ORIENTED_EDGE('',*,*,#1993,.F.);
#11761 = ADVANCED_FACE('',(#11762),#2122,.T.);
#11762 = FACE_BOUND('',#11763,.T.);
#11763 = EDGE_LOOP('',(#11764,#11785,#11786,#11787));
#11764 = ORIENTED_EDGE('',*,*,#11765,.T.);
#11765 = EDGE_CURVE('',#2079,#7480,#11766,.T.);
#11766 = SURFACE_CURVE('',#11767,(#11771,#11778),.PCURVE_S1.);
#11767 = LINE('',#11768,#11769);
#11768 = CARTESIAN_POINT('',(2.507268417264,-10.33096863152,5.));
#11769 = VECTOR('',#11770,1.);
#11770 = DIRECTION('',(1.224646799147E-16,-1.110223024625E-16,-1.));
#11771 = PCURVE('',#2122,#11772);
#11772 = DEFINITIONAL_REPRESENTATION('',(#11773),#11777);
#11773 = LINE('',#11774,#11775);
#11774 = CARTESIAN_POINT('',(0.,0.));
#11775 = VECTOR('',#11776,1.);
#11776 = DIRECTION('',(1.005617750588E-16,-1.));
#11777 = ( GEOMETRIC_REPRESENTATION_CONTEXT(2) 
PARAMETRIC_REPRESENTATION_CONTEXT() REPRESENTATION_CONTEXT('2D SPACE',''
  ) );
#11778 = PCURVE('',#2094,#11779);
#11779 = DEFINITIONAL_REPRESENTATION('',(#11780),#11784);
#11780 = LINE('',#11781,#11782);
#11781 = CARTESIAN_POINT('',(0.,0.));
#11782 = VECTOR('',#11783,1.);
#11783 = DIRECTION('',(1.024758029965E-17,-1.));
#11784 = ( GEOMETRIC_REPRESENTATION_CONTEXT(2) 
PARAMETRIC_REPRESENTATION_CONTEXT() REPRESENTATION_CONTEXT('2D SPACE',''
  ) );
#11785 = ORIENTED_EDGE('',*,*,#7479,.F.);
#11786 = ORIENTED_EDGE('',*,*,#10190,.F.);
#11787 = ORIENTED_EDGE('',*,*,#2106,.F.);
#11788 = ADVANCED_FACE('',(#11789),#2094,.T.);
#11789 = FACE_BOUND('',#11790,.T.);
#11790 = EDGE_LOOP('',(#11791,#11792,#11793,#11794));
#11791 = ORIENTED_EDGE('',*,*,#10215,.F.);
#11792 = ORIENTED_EDGE('',*,*,#7502,.F.);
#11793 = ORIENTED_EDGE('',*,*,#11765,.F.);
#11794 = ORIENTED_EDGE('',*,*,#2078,.F.);
#11795 = ADVANCED_FACE('',(#11796),#2207,.T.);
#11796 = FACE_BOUND('',#11797,.T.);
#11797 = EDGE_LOOP('',(#11798,#11819,#11820,#11821));
#11798 = ORIENTED_EDGE('',*,*,#11799,.T.);
#11799 = EDGE_CURVE('',#2164,#7406,#11800,.T.);
#11800 = SURFACE_CURVE('',#11801,(#11805,#11812),.PCURVE_S1.);
#11801 = LINE('',#11802,#11803);
#11802 = CARTESIAN_POINT('',(3.155645393527,-9.974688293429,5.));
#11803 = VECTOR('',#11804,1.);
#11804 = DIRECTION('',(1.224646799147E-16,-1.110223024625E-16,-1.));
#11805 = PCURVE('',#2207,#11806);
#11806 = DEFINITIONAL_REPRESENTATION('',(#11807),#11811);
#11807 = LINE('',#11808,#11809);
#11808 = CARTESIAN_POINT('',(0.,0.));
#11809 = VECTOR('',#11810,1.);
#11810 = DIRECTION('',(1.085286376698E-16,-1.));
#11811 = ( GEOMETRIC_REPRESENTATION_CONTEXT(2) 
PARAMETRIC_REPRESENTATION_CONTEXT() REPRESENTATION_CONTEXT('2D SPACE',''
  ) );
#11812 = PCURVE('',#2179,#11813);
#11813 = DEFINITIONAL_REPRESENTATION('',(#11814),#11818);
#11814 = LINE('',#11815,#11816);
#11815 = CARTESIAN_POINT('',(0.,0.));
#11816 = VECTOR('',#11817,1.);
#11817 = DIRECTION('',(-5.128288530167E-18,-1.));
#11818 = ( GEOMETRIC_REPRESENTATION_CONTEXT(2) 
PARAMETRIC_REPRESENTATION_CONTEXT() REPRESENTATION_CONTEXT('2D SPACE',''
  ) );
#11819 = ORIENTED_EDGE('',*,*,#7405,.F.);
#11820 = ORIENTED_EDGE('',*,*,#10143,.F.);
#11821 = ORIENTED_EDGE('',*,*,#2191,.F.);
#11822 = ADVANCED_FACE('',(#11823),#2179,.T.);
#11823 = FACE_BOUND('',#11824,.T.);
#11824 = EDGE_LOOP('',(#11825,#11826,#11827,#11828));
#11825 = ORIENTED_EDGE('',*,*,#10168,.F.);
#11826 = ORIENTED_EDGE('',*,*,#7428,.F.);
#11827 = ORIENTED_EDGE('',*,*,#11799,.F.);
#11828 = ORIENTED_EDGE('',*,*,#2163,.F.);
#11829 = ADVANCED_FACE('',(#11830),#2292,.T.);
#11830 = FACE_BOUND('',#11831,.T.);
#11831 = EDGE_LOOP('',(#11832,#11853,#11854,#11855));
#11832 = ORIENTED_EDGE('',*,*,#11833,.T.);
#11833 = EDGE_CURVE('',#2249,#7332,#11834,.T.);
#11834 = SURFACE_CURVE('',#11835,(#11839,#11846),.PCURVE_S1.);
#11835 = LINE('',#11836,#11837);
#11836 = CARTESIAN_POINT('',(3.754255956844,-9.539954149215,5.));
#11837 = VECTOR('',#11838,1.);
#11838 = DIRECTION('',(1.224646799147E-16,-1.110223024625E-16,-1.));
#11839 = PCURVE('',#2292,#11840);
#11840 = DEFINITIONAL_REPRESENTATION('',(#11841),#11845);
#11841 = LINE('',#11842,#11843);
#11842 = CARTESIAN_POINT('',(0.,0.));
#11843 = VECTOR('',#11844,1.);
#11844 = DIRECTION('',(1.14783938833E-16,-1.));
#11845 = ( GEOMETRIC_REPRESENTATION_CONTEXT(2) 
PARAMETRIC_REPRESENTATION_CONTEXT() REPRESENTATION_CONTEXT('2D SPACE',''
  ) );
#11846 = PCURVE('',#2264,#11847);
#11847 = DEFINITIONAL_REPRESENTATION('',(#11848),#11852);
#11848 = LINE('',#11849,#11850);
#11849 = CARTESIAN_POINT('',(0.,0.));
#11850 = VECTOR('',#11851,1.);
#11851 = DIRECTION('',(-2.042328118637E-17,-1.));
#11852 = ( GEOMETRIC_REPRESENTATION_CONTEXT(2) 
PARAMETRIC_REPRESENTATION_CONTEXT() REPRESENTATION_CONTEXT('2D SPACE',''
  ) );
#11853 = ORIENTED_EDGE('',*,*,#7331,.F.);
#11854 = ORIENTED_EDGE('',*,*,#10096,.F.);
#11855 = ORIENTED_EDGE('',*,*,#2276,.F.);
#11856 = ADVANCED_FACE('',(#11857),#2264,.T.);
#11857 = FACE_BOUND('',#11858,.T.);
#11858 = EDGE_LOOP('',(#11859,#11860,#11861,#11862));
#11859 = ORIENTED_EDGE('',*,*,#10121,.F.);
#11860 = ORIENTED_EDGE('',*,*,#7354,.F.);
#11861 = ORIENTED_EDGE('',*,*,#11833,.F.);
#11862 = ORIENTED_EDGE('',*,*,#2248,.F.);
#11863 = ADVANCED_FACE('',(#11864),#2377,.T.);
#11864 = FACE_BOUND('',#11865,.T.);
#11865 = EDGE_LOOP('',(#11866,#11887,#11888,#11889));
#11866 = ORIENTED_EDGE('',*,*,#11867,.T.);
#11867 = EDGE_CURVE('',#2334,#7258,#11868,.T.);
#11868 = SURFACE_CURVE('',#11869,(#11873,#11880),.PCURVE_S1.);
#11869 = LINE('',#11870,#11871);
#11870 = CARTESIAN_POINT('',(4.293659661037,-9.03362221603,5.));
#11871 = VECTOR('',#11872,1.);
#11872 = DIRECTION('',(1.224646799147E-16,-1.110223024625E-16,-1.));
#11873 = PCURVE('',#2377,#11874);
#11874 = DEFINITIONAL_REPRESENTATION('',(#11875),#11879);
#11875 = LINE('',#11876,#11877);
#11876 = CARTESIAN_POINT('',(0.,0.));
#11877 = VECTOR('',#11878,1.);
#11878 = DIRECTION('',(1.192290287121E-16,-1.));
#11879 = ( GEOMETRIC_REPRESENTATION_CONTEXT(2) 
PARAMETRIC_REPRESENTATION_CONTEXT() REPRESENTATION_CONTEXT('2D SPACE',''
  ) );
#11880 = PCURVE('',#2349,#11881);
#11881 = DEFINITIONAL_REPRESENTATION('',(#11882),#11886);
#11882 = LINE('',#11883,#11884);
#11883 = CARTESIAN_POINT('',(0.,0.));
#11884 = VECTOR('',#11885,1.);
#11885 = DIRECTION('',(-3.539618649799E-17,-1.));
#11886 = ( GEOMETRIC_REPRESENTATION_CONTEXT(2) 
PARAMETRIC_REPRESENTATION_CONTEXT() REPRESENTATION_CONTEXT('2D SPACE',''
  ) );
#11887 = ORIENTED_EDGE('',*,*,#7257,.F.);
#11888 = ORIENTED_EDGE('',*,*,#10049,.F.);
#11889 = ORIENTED_EDGE('',*,*,#2361,.F.);
#11890 = ADVANCED_FACE('',(#11891),#2349,.T.);
#11891 = FACE_BOUND('',#11892,.T.);
#11892 = EDGE_LOOP('',(#11893,#11894,#11895,#11896));
#11893 = ORIENTED_EDGE('',*,*,#10074,.F.);
#11894 = ORIENTED_EDGE('',*,*,#7280,.F.);
#11895 = ORIENTED_EDGE('',*,*,#11867,.F.);
#11896 = ORIENTED_EDGE('',*,*,#2333,.F.);
#11897 = ADVANCED_FACE('',(#11898),#2462,.T.);
#11898 = FACE_BOUND('',#11899,.T.);
#11899 = EDGE_LOOP('',(#11900,#11921,#11922,#11923));
#11900 = ORIENTED_EDGE('',*,*,#11901,.T.);
#11901 = EDGE_CURVE('',#2419,#7184,#11902,.T.);
#11902 = SURFACE_CURVE('',#11903,(#11907,#11914),.PCURVE_S1.);
#11903 = LINE('',#11904,#11905);
#11904 = CARTESIAN_POINT('',(4.765349787468,-8.46367765093,5.));
#11905 = VECTOR('',#11906,1.);
#11906 = DIRECTION('',(1.224646799147E-16,-1.110223024625E-16,-1.));
#11907 = PCURVE('',#2462,#11908);
#11908 = DEFINITIONAL_REPRESENTATION('',(#11909),#11913);
#11909 = LINE('',#11910,#11911);
#11910 = CARTESIAN_POINT('',(0.,0.));
#11911 = VECTOR('',#11912,1.);
#11912 = DIRECTION('',(1.217938055845E-16,-1.));
#11913 = ( GEOMETRIC_REPRESENTATION_CONTEXT(2) 
PARAMETRIC_REPRESENTATION_CONTEXT() REPRESENTATION_CONTEXT('2D SPACE',''
  ) );
#11914 = PCURVE('',#2434,#11915);
#11915 = DEFINITIONAL_REPRESENTATION('',(#11916),#11920);
#11916 = LINE('',#11917,#11918);
#11917 = CARTESIAN_POINT('',(0.,0.));
#11918 = VECTOR('',#11919,1.);
#11919 = DIRECTION('',(-4.981087280387E-17,-1.));
#11920 = ( GEOMETRIC_REPRESENTATION_CONTEXT(2) 
PARAMETRIC_REPRESENTATION_CONTEXT() REPRESENTATION_CONTEXT('2D SPACE',''
  ) );
#11921 = ORIENTED_EDGE('',*,*,#7183,.F.);
#11922 = ORIENTED_EDGE('',*,*,#10002,.F.);
#11923 = ORIENTED_EDGE('',*,*,#2446,.F.);
#11924 = ADVANCED_FACE('',(#11925),#2434,.T.);
#11925 = FACE_BOUND('',#11926,.T.);
#11926 = EDGE_LOOP('',(#11927,#11928,#11929,#11930));
#11927 = ORIENTED_EDGE('',*,*,#10027,.F.);
#11928 = ORIENTED_EDGE('',*,*,#7206,.F.);
#11929 = ORIENTED_EDGE('',*,*,#11901,.F.);
#11930 = ORIENTED_EDGE('',*,*,#2418,.F.);
#11931 = ADVANCED_FACE('',(#11932),#2547,.T.);
#11932 = FACE_BOUND('',#11933,.T.);
#11933 = EDGE_LOOP('',(#11934,#11955,#11956,#11957));
#11934 = ORIENTED_EDGE('',*,*,#11935,.T.);
#11935 = EDGE_CURVE('',#2504,#7110,#11936,.T.);
#11936 = SURFACE_CURVE('',#11937,(#11941,#11948),.PCURVE_S1.);
#11937 = LINE('',#11938,#11939);
#11938 = CARTESIAN_POINT('',(5.161887501068,-7.839108820174,5.));
#11939 = VECTOR('',#11940,1.);
#11940 = DIRECTION('',(1.224646799147E-16,-1.110223024625E-16,-1.));
#11941 = PCURVE('',#2547,#11942);
#11942 = DEFINITIONAL_REPRESENTATION('',(#11943),#11947);
#11943 = LINE('',#11944,#11945);
#11944 = CARTESIAN_POINT('',(0.,0.));
#11945 = VECTOR('',#11946,1.);
#11946 = DIRECTION('',(1.224378213867E-16,-1.));
#11947 = ( GEOMETRIC_REPRESENTATION_CONTEXT(2) 
PARAMETRIC_REPRESENTATION_CONTEXT() REPRESENTATION_CONTEXT('2D SPACE',''
  ) );
#11948 = PCURVE('',#2519,#11949);
#11949 = DEFINITIONAL_REPRESENTATION('',(#11950),#11954);
#11950 = LINE('',#11951,#11952);
#11951 = CARTESIAN_POINT('',(0.,0.));
#11952 = VECTOR('',#11953,1.);
#11953 = DIRECTION('',(-6.344001189007E-17,-1.));
#11954 = ( GEOMETRIC_REPRESENTATION_CONTEXT(2) 
PARAMETRIC_REPRESENTATION_CONTEXT() REPRESENTATION_CONTEXT('2D SPACE',''
  ) );
#11955 = ORIENTED_EDGE('',*,*,#7109,.F.);
#11956 = ORIENTED_EDGE('',*,*,#9955,.F.);
#11957 = ORIENTED_EDGE('',*,*,#2531,.F.);
#11958 = ADVANCED_FACE('',(#11959),#2519,.T.);
#11959 = FACE_BOUND('',#11960,.T.);
#11960 = EDGE_LOOP('',(#11961,#11962,#11963,#11964));
#11961 = ORIENTED_EDGE('',*,*,#9980,.F.);
#11962 = ORIENTED_EDGE('',*,*,#7132,.F.);
#11963 = ORIENTED_EDGE('',*,*,#11935,.F.);
#11964 = ORIENTED_EDGE('',*,*,#2503,.F.);
#11965 = ADVANCED_FACE('',(#11966),#2632,.T.);
#11966 = FACE_BOUND('',#11967,.T.);
#11967 = EDGE_LOOP('',(#11968,#11989,#11990,#11991));
#11968 = ORIENTED_EDGE('',*,*,#11969,.T.);
#11969 = EDGE_CURVE('',#2589,#7036,#11970,.T.);
#11970 = SURFACE_CURVE('',#11971,(#11975,#11982),.PCURVE_S1.);
#11971 = LINE('',#11972,#11973);
#11972 = CARTESIAN_POINT('',(5.477019165214,-7.169765547322,5.));
#11973 = VECTOR('',#11974,1.);
#11974 = DIRECTION('',(1.224646799147E-16,-1.110223024625E-16,-1.));
#11975 = PCURVE('',#2632,#11976);
#11976 = DEFINITIONAL_REPRESENTATION('',(#11977),#11981);
#11977 = LINE('',#11978,#11979);
#11978 = CARTESIAN_POINT('',(0.,0.));
#11979 = VECTOR('',#11980,1.);
#11980 = DIRECTION('',(1.211509196048E-16,-1.));
#11981 = ( GEOMETRIC_REPRESENTATION_CONTEXT(2) 
PARAMETRIC_REPRESENTATION_CONTEXT() REPRESENTATION_CONTEXT('2D SPACE',''
  ) );
#11982 = PCURVE('',#2604,#11983);
#11983 = DEFINITIONAL_REPRESENTATION('',(#11984),#11988);
#11984 = LINE('',#11985,#11986);
#11985 = CARTESIAN_POINT('',(0.,0.));
#11986 = VECTOR('',#11987,1.);
#11987 = DIRECTION('',(-7.606866409153E-17,-1.));
#11988 = ( GEOMETRIC_REPRESENTATION_CONTEXT(2) 
PARAMETRIC_REPRESENTATION_CONTEXT() REPRESENTATION_CONTEXT('2D SPACE',''
  ) );
#11989 = ORIENTED_EDGE('',*,*,#7035,.F.);
#11990 = ORIENTED_EDGE('',*,*,#9908,.F.);
#11991 = ORIENTED_EDGE('',*,*,#2616,.F.);
#11992 = ADVANCED_FACE('',(#11993),#2604,.T.);
#11993 = FACE_BOUND('',#11994,.T.);
#11994 = EDGE_LOOP('',(#11995,#11996,#11997,#11998));
#11995 = ORIENTED_EDGE('',*,*,#9933,.F.);
#11996 = ORIENTED_EDGE('',*,*,#7058,.F.);
#11997 = ORIENTED_EDGE('',*,*,#11969,.F.);
#11998 = ORIENTED_EDGE('',*,*,#2588,.F.);
#11999 = ADVANCED_FACE('',(#12000),#2717,.T.);
#12000 = FACE_BOUND('',#12001,.T.);
#12001 = EDGE_LOOP('',(#12002,#12023,#12024,#12025));
#12002 = ORIENTED_EDGE('',*,*,#12003,.T.);
#12003 = EDGE_CURVE('',#2674,#6962,#12004,.T.);
#12004 = SURFACE_CURVE('',#12005,(#12009,#12016),.PCURVE_S1.);
#12005 = LINE('',#12006,#12007);
#12006 = CARTESIAN_POINT('',(5.705774965313,-6.466203775634,5.));
#12007 = VECTOR('',#12008,1.);
#12008 = DIRECTION('',(1.224646799147E-16,-1.110223024625E-16,-1.));
#12009 = PCURVE('',#2717,#12010);
#12010 = DEFINITIONAL_REPRESENTATION('',(#12011),#12015);
#12011 = LINE('',#12012,#12013);
#12012 = CARTESIAN_POINT('',(0.,0.));
#12013 = VECTOR('',#12014,1.);
#12014 = DIRECTION('',(1.179533954487E-16,-1.));
#12015 = ( GEOMETRIC_REPRESENTATION_CONTEXT(2) 
PARAMETRIC_REPRESENTATION_CONTEXT() REPRESENTATION_CONTEXT('2D SPACE',''
  ) );
#12016 = PCURVE('',#2689,#12017);
#12017 = DEFINITIONAL_REPRESENTATION('',(#12018),#12022);
#12018 = LINE('',#12019,#12020);
#12019 = CARTESIAN_POINT('',(0.,0.));
#12020 = VECTOR('',#12021,1.);
#12021 = DIRECTION('',(-8.749766801906E-17,-1.));
#12022 = ( GEOMETRIC_REPRESENTATION_CONTEXT(2) 
PARAMETRIC_REPRESENTATION_CONTEXT() REPRESENTATION_CONTEXT('2D SPACE',''
  ) );
#12023 = ORIENTED_EDGE('',*,*,#6961,.F.);
#12024 = ORIENTED_EDGE('',*,*,#9861,.F.);
#12025 = ORIENTED_EDGE('',*,*,#2701,.F.);
#12026 = ADVANCED_FACE('',(#12027),#2689,.T.);
#12027 = FACE_BOUND('',#12028,.T.);
#12028 = EDGE_LOOP('',(#12029,#12030,#12031,#12032));
#12029 = ORIENTED_EDGE('',*,*,#9886,.F.);
#12030 = ORIENTED_EDGE('',*,*,#6984,.F.);
#12031 = ORIENTED_EDGE('',*,*,#12003,.F.);
#12032 = ORIENTED_EDGE('',*,*,#2673,.F.);
#12033 = ADVANCED_FACE('',(#12034),#2802,.T.);
#12034 = FACE_BOUND('',#12035,.T.);
#12035 = EDGE_LOOP('',(#12036,#12057,#12058,#12059));
#12036 = ORIENTED_EDGE('',*,*,#12037,.T.);
#12037 = EDGE_CURVE('',#2759,#6888,#12038,.T.);
#12038 = SURFACE_CURVE('',#12039,(#12043,#12050),.PCURVE_S1.);
#12039 = LINE('',#12040,#12041);
#12040 = CARTESIAN_POINT('',(5.844547285743,-5.739519094536,5.));
#12041 = VECTOR('',#12042,1.);
#12042 = DIRECTION('',(1.224646799147E-16,-1.110223024625E-16,-1.));
#12043 = PCURVE('',#2802,#12044);
#12044 = DEFINITIONAL_REPRESENTATION('',(#12045),#12049);
#12045 = LINE('',#12046,#12047);
#12046 = CARTESIAN_POINT('',(0.,0.));
#12047 = VECTOR('',#12048,1.);
#12048 = DIRECTION('',(1.128956757845E-16,-1.));
#12049 = ( GEOMETRIC_REPRESENTATION_CONTEXT(2) 
PARAMETRIC_REPRESENTATION_CONTEXT() REPRESENTATION_CONTEXT('2D SPACE',''
  ) );
#12050 = PCURVE('',#2774,#12051);
#12051 = DEFINITIONAL_REPRESENTATION('',(#12052),#12056);
#12052 = LINE('',#12053,#12054);
#12053 = CARTESIAN_POINT('',(0.,0.));
#12054 = VECTOR('',#12055,1.);
#12055 = DIRECTION('',(-9.754678145334E-17,-1.));
#12056 = ( GEOMETRIC_REPRESENTATION_CONTEXT(2) 
PARAMETRIC_REPRESENTATION_CONTEXT() REPRESENTATION_CONTEXT('2D SPACE',''
  ) );
#12057 = ORIENTED_EDGE('',*,*,#6887,.F.);
#12058 = ORIENTED_EDGE('',*,*,#9814,.F.);
#12059 = ORIENTED_EDGE('',*,*,#2786,.F.);
#12060 = ADVANCED_FACE('',(#12061),#2774,.T.);
#12061 = FACE_BOUND('',#12062,.T.);
#12062 = EDGE_LOOP('',(#12063,#12064,#12065,#12066));
#12063 = ORIENTED_EDGE('',*,*,#9839,.F.);
#12064 = ORIENTED_EDGE('',*,*,#6910,.F.);
#12065 = ORIENTED_EDGE('',*,*,#12037,.F.);
#12066 = ORIENTED_EDGE('',*,*,#2758,.F.);
#12067 = ADVANCED_FACE('',(#12068),#2887,.T.);
#12068 = FACE_BOUND('',#12069,.T.);
#12069 = EDGE_LOOP('',(#12070,#12091,#12092,#12093));
#12070 = ORIENTED_EDGE('',*,*,#12071,.T.);
#12071 = EDGE_CURVE('',#2844,#6814,#12072,.T.);
#12072 = SURFACE_CURVE('',#12073,(#12077,#12084),.PCURVE_S1.);
#12073 = LINE('',#12074,#12075);
#12074 = CARTESIAN_POINT('',(5.891147604114,-5.001171755551,5.));
#12075 = VECTOR('',#12076,1.);
#12076 = DIRECTION('',(1.224646799147E-16,-1.110223024625E-16,-1.));
#12077 = PCURVE('',#2887,#12078);
#12078 = DEFINITIONAL_REPRESENTATION('',(#12079),#12083);
#12079 = LINE('',#12080,#12081);
#12080 = CARTESIAN_POINT('',(0.,0.));
#12081 = VECTOR('',#12082,1.);
#12082 = DIRECTION('',(1.060575238725E-16,-1.));
#12083 = ( GEOMETRIC_REPRESENTATION_CONTEXT(2) 
PARAMETRIC_REPRESENTATION_CONTEXT() REPRESENTATION_CONTEXT('2D SPACE',''
  ) );
#12084 = PCURVE('',#2859,#12085);
#12085 = DEFINITIONAL_REPRESENTATION('',(#12086),#12090);
#12086 = LINE('',#12087,#12088);
#12087 = CARTESIAN_POINT('',(0.,0.));
#12088 = VECTOR('',#12089,1.);
#12089 = DIRECTION('',(-1.060575238725E-16,-1.));
#12090 = ( GEOMETRIC_REPRESENTATION_CONTEXT(2) 
PARAMETRIC_REPRESENTATION_CONTEXT() REPRESENTATION_CONTEXT('2D SPACE',''
  ) );
#12091 = ORIENTED_EDGE('',*,*,#6813,.F.);
#12092 = ORIENTED_EDGE('',*,*,#9767,.F.);
#12093 = ORIENTED_EDGE('',*,*,#2871,.F.);
#12094 = ADVANCED_FACE('',(#12095),#2859,.T.);
#12095 = FACE_BOUND('',#12096,.T.);
#12096 = EDGE_LOOP('',(#12097,#12098,#12099,#12100));
#12097 = ORIENTED_EDGE('',*,*,#9792,.F.);
#12098 = ORIENTED_EDGE('',*,*,#6836,.F.);
#12099 = ORIENTED_EDGE('',*,*,#12071,.F.);
#12100 = ORIENTED_EDGE('',*,*,#2843,.F.);
#12101 = ADVANCED_FACE('',(#12102),#2972,.T.);
#12102 = FACE_BOUND('',#12103,.T.);
#12103 = EDGE_LOOP('',(#12104,#12125,#12126,#12127));
#12104 = ORIENTED_EDGE('',*,*,#12105,.T.);
#12105 = EDGE_CURVE('',#2929,#6740,#12106,.T.);
#12106 = SURFACE_CURVE('',#12107,(#12111,#12118),.PCURVE_S1.);
#12107 = LINE('',#12108,#12109);
#12108 = CARTESIAN_POINT('',(5.844841005567,-4.26280593728,5.));
#12109 = VECTOR('',#12110,1.);
#12110 = DIRECTION('',(1.224646799147E-16,-1.110223024625E-16,-1.));
#12111 = PCURVE('',#2972,#12112);
#12112 = DEFINITIONAL_REPRESENTATION('',(#12113),#12117);
#12113 = LINE('',#12114,#12115);
#12114 = CARTESIAN_POINT('',(0.,0.));
#12115 = VECTOR('',#12116,1.);
#12116 = DIRECTION('',(9.754678145334E-17,-1.));
#12117 = ( GEOMETRIC_REPRESENTATION_CONTEXT(2) 
PARAMETRIC_REPRESENTATION_CONTEXT() REPRESENTATION_CONTEXT('2D SPACE',''
  ) );
#12118 = PCURVE('',#2944,#12119);
#12119 = DEFINITIONAL_REPRESENTATION('',(#12120),#12124);
#12120 = LINE('',#12121,#12122);
#12121 = CARTESIAN_POINT('',(0.,0.));
#12122 = VECTOR('',#12123,1.);
#12123 = DIRECTION('',(-1.128956757845E-16,-1.));
#12124 = ( GEOMETRIC_REPRESENTATION_CONTEXT(2) 
PARAMETRIC_REPRESENTATION_CONTEXT() REPRESENTATION_CONTEXT('2D SPACE',''
  ) );
#12125 = ORIENTED_EDGE('',*,*,#6739,.F.);
#12126 = ORIENTED_EDGE('',*,*,#9720,.F.);
#12127 = ORIENTED_EDGE('',*,*,#2956,.F.);
#12128 = ADVANCED_FACE('',(#12129),#2944,.T.);
#12129 = FACE_BOUND('',#12130,.T.);
#12130 = EDGE_LOOP('',(#12131,#12132,#12133,#12134));
#12131 = ORIENTED_EDGE('',*,*,#9745,.F.);
#12132 = ORIENTED_EDGE('',*,*,#6762,.F.);
#12133 = ORIENTED_EDGE('',*,*,#12105,.F.);
#12134 = ORIENTED_EDGE('',*,*,#2928,.F.);
#12135 = ADVANCED_FACE('',(#12136),#3057,.T.);
#12136 = FACE_BOUND('',#12137,.T.);
#12137 = EDGE_LOOP('',(#12138,#12159,#12160,#12161));
#12138 = ORIENTED_EDGE('',*,*,#12139,.T.);
#12139 = EDGE_CURVE('',#3014,#6666,#12140,.T.);
#12140 = SURFACE_CURVE('',#12141,(#12145,#12152),.PCURVE_S1.);
#12141 = LINE('',#12142,#12143);
#12142 = CARTESIAN_POINT('',(5.706357772824,-3.536066109757,5.));
#12143 = VECTOR('',#12144,1.);
#12144 = DIRECTION('',(1.224646799147E-16,-1.110223024625E-16,-1.));
#12145 = PCURVE('',#3057,#12146);
#12146 = DEFINITIONAL_REPRESENTATION('',(#12147),#12151);
#12147 = LINE('',#12148,#12149);
#12148 = CARTESIAN_POINT('',(0.,0.));
#12149 = VECTOR('',#12150,1.);
#12150 = DIRECTION('',(8.749766801905E-17,-1.));
#12151 = ( GEOMETRIC_REPRESENTATION_CONTEXT(2) 
PARAMETRIC_REPRESENTATION_CONTEXT() REPRESENTATION_CONTEXT('2D SPACE',''
  ) );
#12152 = PCURVE('',#3029,#12153);
#12153 = DEFINITIONAL_REPRESENTATION('',(#12154),#12158);
#12154 = LINE('',#12155,#12156);
#12155 = CARTESIAN_POINT('',(0.,0.));
#12156 = VECTOR('',#12157,1.);
#12157 = DIRECTION('',(-1.179533954487E-16,-1.));
#12158 = ( GEOMETRIC_REPRESENTATION_CONTEXT(2) 
PARAMETRIC_REPRESENTATION_CONTEXT() REPRESENTATION_CONTEXT('2D SPACE',''
  ) );
#12159 = ORIENTED_EDGE('',*,*,#6665,.F.);
#12160 = ORIENTED_EDGE('',*,*,#9673,.F.);
#12161 = ORIENTED_EDGE('',*,*,#3041,.F.);
#12162 = ADVANCED_FACE('',(#12163),#3029,.T.);
#12163 = FACE_BOUND('',#12164,.T.);
#12164 = EDGE_LOOP('',(#12165,#12166,#12167,#12168));
#12165 = ORIENTED_EDGE('',*,*,#9698,.F.);
#12166 = ORIENTED_EDGE('',*,*,#6688,.F.);
#12167 = ORIENTED_EDGE('',*,*,#12139,.F.);
#12168 = ORIENTED_EDGE('',*,*,#3013,.F.);
#12169 = ADVANCED_FACE('',(#12170),#3142,.T.);
#12170 = FACE_BOUND('',#12171,.T.);
#12171 = EDGE_LOOP('',(#12172,#12193,#12194,#12195));
#12172 = ORIENTED_EDGE('',*,*,#12173,.T.);
#12173 = EDGE_CURVE('',#3099,#6592,#12174,.T.);
#12174 = SURFACE_CURVE('',#12175,(#12179,#12186),.PCURVE_S1.);
#12175 = LINE('',#12176,#12177);
#12176 = CARTESIAN_POINT('',(5.47788186919,-2.832413394194,5.));
#12177 = VECTOR('',#12178,1.);
#12178 = DIRECTION('',(1.224646799147E-16,-1.110223024625E-16,-1.));
#12179 = PCURVE('',#3142,#12180);
#12180 = DEFINITIONAL_REPRESENTATION('',(#12181),#12185);
#12181 = LINE('',#12182,#12183);
#12182 = CARTESIAN_POINT('',(0.,0.));
#12183 = VECTOR('',#12184,1.);
#12184 = DIRECTION('',(7.606866409153E-17,-1.));
#12185 = ( GEOMETRIC_REPRESENTATION_CONTEXT(2) 
PARAMETRIC_REPRESENTATION_CONTEXT() REPRESENTATION_CONTEXT('2D SPACE',''
  ) );
#12186 = PCURVE('',#3114,#12187);
#12187 = DEFINITIONAL_REPRESENTATION('',(#12188),#12192);
#12188 = LINE('',#12189,#12190);
#12189 = CARTESIAN_POINT('',(0.,0.));
#12190 = VECTOR('',#12191,1.);
#12191 = DIRECTION('',(-1.211509196048E-16,-1.));
#12192 = ( GEOMETRIC_REPRESENTATION_CONTEXT(2) 
PARAMETRIC_REPRESENTATION_CONTEXT() REPRESENTATION_CONTEXT('2D SPACE',''
  ) );
#12193 = ORIENTED_EDGE('',*,*,#6591,.F.);
#12194 = ORIENTED_EDGE('',*,*,#9626,.F.);
#12195 = ORIENTED_EDGE('',*,*,#3126,.F.);
#12196 = ADVANCED_FACE('',(#12197),#3114,.T.);
#12197 = FACE_BOUND('',#12198,.T.);
#12198 = EDGE_LOOP('',(#12199,#12200,#12201,#12202));
#12199 = ORIENTED_EDGE('',*,*,#9651,.F.);
#12200 = ORIENTED_EDGE('',*,*,#6614,.F.);
#12201 = ORIENTED_EDGE('',*,*,#12173,.F.);
#12202 = ORIENTED_EDGE('',*,*,#3098,.F.);
#12203 = ADVANCED_FACE('',(#12204),#3227,.T.);
#12204 = FACE_BOUND('',#12205,.T.);
#12205 = EDGE_LOOP('',(#12206,#12227,#12228,#12229));
#12206 = ORIENTED_EDGE('',*,*,#12207,.T.);
#12207 = EDGE_CURVE('',#3184,#6518,#12208,.T.);
#12208 = SURFACE_CURVE('',#12209,(#12213,#12220),.PCURVE_S1.);
#12209 = LINE('',#12210,#12211);
#12210 = CARTESIAN_POINT('',(5.163016496151,-2.162944814259,5.));
#12211 = VECTOR('',#12212,1.);
#12212 = DIRECTION('',(1.224646799147E-16,-1.110223024625E-16,-1.));
#12213 = PCURVE('',#3227,#12214);
#12214 = DEFINITIONAL_REPRESENTATION('',(#12215),#12219);
#12215 = LINE('',#12216,#12217);
#12216 = CARTESIAN_POINT('',(0.,0.));
#12217 = VECTOR('',#12218,1.);
#12218 = DIRECTION('',(6.344001189007E-17,-1.));
#12219 = ( GEOMETRIC_REPRESENTATION_CONTEXT(2) 
PARAMETRIC_REPRESENTATION_CONTEXT() REPRESENTATION_CONTEXT('2D SPACE',''
  ) );
#12220 = PCURVE('',#3199,#12221);
#12221 = DEFINITIONAL_REPRESENTATION('',(#12222),#12226);
#12222 = LINE('',#12223,#12224);
#12223 = CARTESIAN_POINT('',(0.,0.));
#12224 = VECTOR('',#12225,1.);
#12225 = DIRECTION('',(-1.224378213867E-16,-1.));
#12226 = ( GEOMETRIC_REPRESENTATION_CONTEXT(2) 
PARAMETRIC_REPRESENTATION_CONTEXT() REPRESENTATION_CONTEXT('2D SPACE',''
  ) );
#12227 = ORIENTED_EDGE('',*,*,#6517,.F.);
#12228 = ORIENTED_EDGE('',*,*,#9579,.F.);
#12229 = ORIENTED_EDGE('',*,*,#3211,.F.);
#12230 = ADVANCED_FACE('',(#12231),#3199,.T.);
#12231 = FACE_BOUND('',#12232,.T.);
#12232 = EDGE_LOOP('',(#12233,#12234,#12235,#12236));
#12233 = ORIENTED_EDGE('',*,*,#9604,.F.);
#12234 = ORIENTED_EDGE('',*,*,#6540,.F.);
#12235 = ORIENTED_EDGE('',*,*,#12207,.F.);
#12236 = ORIENTED_EDGE('',*,*,#3183,.F.);
#12237 = ADVANCED_FACE('',(#12238),#3312,.T.);
#12238 = FACE_BOUND('',#12239,.T.);
#12239 = EDGE_LOOP('',(#12240,#12261,#12262,#12263));
#12240 = ORIENTED_EDGE('',*,*,#12241,.T.);
#12241 = EDGE_CURVE('',#3269,#6444,#12242,.T.);
#12242 = SURFACE_CURVE('',#12243,(#12247,#12254),.PCURVE_S1.);
#12243 = LINE('',#12244,#12245);
#12244 = CARTESIAN_POINT('',(4.766727268731,-1.538218289377,5.));
#12245 = VECTOR('',#12246,1.);
#12246 = DIRECTION('',(1.224646799147E-16,-1.110223024625E-16,-1.));
#12247 = PCURVE('',#3312,#12248);
#12248 = DEFINITIONAL_REPRESENTATION('',(#12249),#12253);
#12249 = LINE('',#12250,#12251);
#12250 = CARTESIAN_POINT('',(0.,0.));
#12251 = VECTOR('',#12252,1.);
#12252 = DIRECTION('',(4.981087280387E-17,-1.));
#12253 = ( GEOMETRIC_REPRESENTATION_CONTEXT(2) 
PARAMETRIC_REPRESENTATION_CONTEXT() REPRESENTATION_CONTEXT('2D SPACE',''
  ) );
#12254 = PCURVE('',#3284,#12255);
#12255 = DEFINITIONAL_REPRESENTATION('',(#12256),#12260);
#12256 = LINE('',#12257,#12258);
#12257 = CARTESIAN_POINT('',(0.,0.));
#12258 = VECTOR('',#12259,1.);
#12259 = DIRECTION('',(-1.217938055845E-16,-1.));
#12260 = ( GEOMETRIC_REPRESENTATION_CONTEXT(2) 
PARAMETRIC_REPRESENTATION_CONTEXT() REPRESENTATION_CONTEXT('2D SPACE',''
  ) );
#12261 = ORIENTED_EDGE('',*,*,#6443,.F.);
#12262 = ORIENTED_EDGE('',*,*,#9532,.F.);
#12263 = ORIENTED_EDGE('',*,*,#3296,.F.);
#12264 = ADVANCED_FACE('',(#12265),#3284,.T.);
#12265 = FACE_BOUND('',#12266,.T.);
#12266 = EDGE_LOOP('',(#12267,#12268,#12269,#12270));
#12267 = ORIENTED_EDGE('',*,*,#9557,.F.);
#12268 = ORIENTED_EDGE('',*,*,#6466,.F.);
#12269 = ORIENTED_EDGE('',*,*,#12241,.F.);
#12270 = ORIENTED_EDGE('',*,*,#3268,.F.);
#12271 = ADVANCED_FACE('',(#12272),#3397,.T.);
#12272 = FACE_BOUND('',#12273,.T.);
#12273 = EDGE_LOOP('',(#12274,#12295,#12296,#12297));
#12274 = ORIENTED_EDGE('',*,*,#12275,.T.);
#12275 = EDGE_CURVE('',#3354,#6370,#12276,.T.);
#12276 = SURFACE_CURVE('',#12277,(#12281,#12288),.PCURVE_S1.);
#12277 = LINE('',#12278,#12279);
#12278 = CARTESIAN_POINT('',(4.295263904779,-0.96808613004,5.));
#12279 = VECTOR('',#12280,1.);
#12280 = DIRECTION('',(1.224646799147E-16,-1.110223024625E-16,-1.));
#12281 = PCURVE('',#3397,#12282);
#12282 = DEFINITIONAL_REPRESENTATION('',(#12283),#12287);
#12283 = LINE('',#12284,#12285);
#12284 = CARTESIAN_POINT('',(0.,0.));
#12285 = VECTOR('',#12286,1.);
#12286 = DIRECTION('',(3.539618649798E-17,-1.));
#12287 = ( GEOMETRIC_REPRESENTATION_CONTEXT(2) 
PARAMETRIC_REPRESENTATION_CONTEXT() REPRESENTATION_CONTEXT('2D SPACE',''
  ) );
#12288 = PCURVE('',#3369,#12289);
#12289 = DEFINITIONAL_REPRESENTATION('',(#12290),#12294);
#12290 = LINE('',#12291,#12292);
#12291 = CARTESIAN_POINT('',(0.,0.));
#12292 = VECTOR('',#12293,1.);
#12293 = DIRECTION('',(-1.192290287121E-16,-1.));
#12294 = ( GEOMETRIC_REPRESENTATION_CONTEXT(2) 
PARAMETRIC_REPRESENTATION_CONTEXT() REPRESENTATION_CONTEXT('2D SPACE',''
  ) );
#12295 = ORIENTED_EDGE('',*,*,#6369,.F.);
#12296 = ORIENTED_EDGE('',*,*,#9485,.F.);
#12297 = ORIENTED_EDGE('',*,*,#3381,.F.);
#12298 = ADVANCED_FACE('',(#12299),#3369,.T.);
#12299 = FACE_BOUND('',#12300,.T.);
#12300 = EDGE_LOOP('',(#12301,#12302,#12303,#12304));
#12301 = ORIENTED_EDGE('',*,*,#9510,.F.);
#12302 = ORIENTED_EDGE('',*,*,#6392,.F.);
#12303 = ORIENTED_EDGE('',*,*,#12275,.F.);
#12304 = ORIENTED_EDGE('',*,*,#3353,.F.);
#12305 = ADVANCED_FACE('',(#12306),#3482,.T.);
#12306 = FACE_BOUND('',#12307,.T.);
#12307 = EDGE_LOOP('',(#12308,#12329,#12330,#12331));
#12308 = ORIENTED_EDGE('',*,*,#12309,.T.);
#12309 = EDGE_CURVE('',#3439,#6296,#12310,.T.);
#12310 = SURFACE_CURVE('',#12311,(#12315,#12322),.PCURVE_S1.);
#12311 = LINE('',#12312,#12313);
#12312 = CARTESIAN_POINT('',(3.756061663182,-0.461539660981,5.));
#12313 = VECTOR('',#12314,1.);
#12314 = DIRECTION('',(1.224646799147E-16,-1.110223024625E-16,-1.));
#12315 = PCURVE('',#3482,#12316);
#12316 = DEFINITIONAL_REPRESENTATION('',(#12317),#12321);
#12317 = LINE('',#12318,#12319);
#12318 = CARTESIAN_POINT('',(0.,0.));
#12319 = VECTOR('',#12320,1.);
#12320 = DIRECTION('',(2.042328118637E-17,-1.));
#12321 = ( GEOMETRIC_REPRESENTATION_CONTEXT(2) 
PARAMETRIC_REPRESENTATION_CONTEXT() REPRESENTATION_CONTEXT('2D SPACE',''
  ) );
#12322 = PCURVE('',#3454,#12323);
#12323 = DEFINITIONAL_REPRESENTATION('',(#12324),#12328);
#12324 = LINE('',#12325,#12326);
#12325 = CARTESIAN_POINT('',(0.,0.));
#12326 = VECTOR('',#12327,1.);
#12327 = DIRECTION('',(-1.14783938833E-16,-1.));
#12328 = ( GEOMETRIC_REPRESENTATION_CONTEXT(2) 
PARAMETRIC_REPRESENTATION_CONTEXT() REPRESENTATION_CONTEXT('2D SPACE',''
  ) );
#12329 = ORIENTED_EDGE('',*,*,#6295,.F.);
#12330 = ORIENTED_EDGE('',*,*,#9438,.F.);
#12331 = ORIENTED_EDGE('',*,*,#3466,.F.);
#12332 = ADVANCED_FACE('',(#12333),#3454,.T.);
#12333 = FACE_BOUND('',#12334,.T.);
#12334 = EDGE_LOOP('',(#12335,#12336,#12337,#12338));
#12335 = ORIENTED_EDGE('',*,*,#9463,.F.);
#12336 = ORIENTED_EDGE('',*,*,#6318,.F.);
#12337 = ORIENTED_EDGE('',*,*,#12309,.F.);
#12338 = ORIENTED_EDGE('',*,*,#3438,.F.);
#12339 = ADVANCED_FACE('',(#12340),#3567,.T.);
#12340 = FACE_BOUND('',#12341,.T.);
#12341 = EDGE_LOOP('',(#12342,#12363,#12364,#12365));
#12342 = ORIENTED_EDGE('',*,*,#12343,.T.);
#12343 = EDGE_CURVE('',#3524,#6222,#12344,.T.);
#12344 = SURFACE_CURVE('',#12345,(#12349,#12356),.PCURVE_S1.);
#12345 = LINE('',#12346,#12347);
#12346 = CARTESIAN_POINT('',(3.157624085394,-2.656742261336E-02,5.));
#12347 = VECTOR('',#12348,1.);
#12348 = DIRECTION('',(1.224646799147E-16,-1.110223024625E-16,-1.));
#12349 = PCURVE('',#3567,#12350);
#12350 = DEFINITIONAL_REPRESENTATION('',(#12351),#12355);
#12351 = LINE('',#12352,#12353);
#12352 = CARTESIAN_POINT('',(0.,0.));
#12353 = VECTOR('',#12354,1.);
#12354 = DIRECTION('',(5.128288530165E-18,-1.));
#12355 = ( GEOMETRIC_REPRESENTATION_CONTEXT(2) 
PARAMETRIC_REPRESENTATION_CONTEXT() REPRESENTATION_CONTEXT('2D SPACE',''
  ) );
#12356 = PCURVE('',#3539,#12357);
#12357 = DEFINITIONAL_REPRESENTATION('',(#12358),#12362);
#12358 = LINE('',#12359,#12360);
#12359 = CARTESIAN_POINT('',(0.,0.));
#12360 = VECTOR('',#12361,1.);
#12361 = DIRECTION('',(-1.085286376698E-16,-1.));
#12362 = ( GEOMETRIC_REPRESENTATION_CONTEXT(2) 
PARAMETRIC_REPRESENTATION_CONTEXT() REPRESENTATION_CONTEXT('2D SPACE',''
  ) );
#12363 = ORIENTED_EDGE('',*,*,#6221,.F.);
#12364 = ORIENTED_EDGE('',*,*,#9391,.F.);
#12365 = ORIENTED_EDGE('',*,*,#3551,.F.);
#12366 = ADVANCED_FACE('',(#12367),#3539,.T.);
#12367 = FACE_BOUND('',#12368,.T.);
#12368 = EDGE_LOOP('',(#12369,#12370,#12371,#12372));
#12369 = ORIENTED_EDGE('',*,*,#9416,.F.);
#12370 = ORIENTED_EDGE('',*,*,#6244,.F.);
#12371 = ORIENTED_EDGE('',*,*,#12343,.F.);
#12372 = ORIENTED_EDGE('',*,*,#3523,.F.);
#12373 = ADVANCED_FACE('',(#12374),#3652,.T.);
#12374 = FACE_BOUND('',#12375,.T.);
#12375 = EDGE_LOOP('',(#12376,#12397,#12398,#12399));
#12376 = ORIENTED_EDGE('',*,*,#12377,.T.);
#12377 = EDGE_CURVE('',#3609,#6148,#12378,.T.);
#12378 = SURFACE_CURVE('',#12379,(#12383,#12390),.PCURVE_S1.);
#12379 = LINE('',#12380,#12381);
#12380 = CARTESIAN_POINT('',(2.509388889506,0.329970813025,5.));
#12381 = VECTOR('',#12382,1.);
#12382 = DIRECTION('',(1.224646799147E-16,-1.110223024625E-16,-1.));
#12383 = PCURVE('',#3652,#12384);
#12384 = DEFINITIONAL_REPRESENTATION('',(#12385),#12389);
#12385 = LINE('',#12386,#12387);
#12386 = CARTESIAN_POINT('',(0.,0.));
#12387 = VECTOR('',#12388,1.);
#12388 = DIRECTION('',(-1.024758029965E-17,-1.));
#12389 = ( GEOMETRIC_REPRESENTATION_CONTEXT(2) 
PARAMETRIC_REPRESENTATION_CONTEXT() REPRESENTATION_CONTEXT('2D SPACE',''
  ) );
#12390 = PCURVE('',#3624,#12391);
#12391 = DEFINITIONAL_REPRESENTATION('',(#12392),#12396);
#12392 = LINE('',#12393,#12394);
#12393 = CARTESIAN_POINT('',(0.,0.));
#12394 = VECTOR('',#12395,1.);
#12395 = DIRECTION('',(-1.005617750588E-16,-1.));
#12396 = ( GEOMETRIC_REPRESENTATION_CONTEXT(2) 
PARAMETRIC_REPRESENTATION_CONTEXT() REPRESENTATION_CONTEXT('2D SPACE',''
  ) );
#12397 = ORIENTED_EDGE('',*,*,#6147,.F.);
#12398 = ORIENTED_EDGE('',*,*,#9344,.F.);
#12399 = ORIENTED_EDGE('',*,*,#3636,.F.);
#12400 = ADVANCED_FACE('',(#12401),#3624,.T.);
#12401 = FACE_BOUND('',#12402,.T.);
#12402 = EDGE_LOOP('',(#12403,#12404,#12405,#12406));
#12403 = ORIENTED_EDGE('',*,*,#9369,.F.);
#12404 = ORIENTED_EDGE('',*,*,#6170,.F.);
#12405 = ORIENTED_EDGE('',*,*,#12377,.F.);
#12406 = ORIENTED_EDGE('',*,*,#3608,.F.);
#12407 = ADVANCED_FACE('',(#12408),#3737,.T.);
#12408 = FACE_BOUND('',#12409,.T.);
#12409 = EDGE_LOOP('',(#12410,#12431,#12432,#12433));
#12410 = ORIENTED_EDGE('',*,*,#12411,.T.);
#12411 = EDGE_CURVE('',#3694,#6074,#12412,.T.);
#12412 = SURFACE_CURVE('',#12413,(#12417,#12424),.PCURVE_S1.);
#12413 = LINE('',#12414,#12415);
#12414 = CARTESIAN_POINT('',(1.821579131794,0.602452224971,5.));
#12415 = VECTOR('',#12416,1.);
#12416 = DIRECTION('',(1.224646799147E-16,-1.110223024625E-16,-1.));
#12417 = PCURVE('',#3737,#12418);
#12418 = DEFINITIONAL_REPRESENTATION('',(#12419),#12423);
#12419 = LINE('',#12420,#12421);
#12420 = CARTESIAN_POINT('',(0.,0.));
#12421 = VECTOR('',#12422,1.);
#12422 = DIRECTION('',(-2.546183866653E-17,-1.));
#12423 = ( GEOMETRIC_REPRESENTATION_CONTEXT(2) 
PARAMETRIC_REPRESENTATION_CONTEXT() REPRESENTATION_CONTEXT('2D SPACE',''
  ) );
#12424 = PCURVE('',#3709,#12425);
#12425 = DEFINITIONAL_REPRESENTATION('',(#12426),#12430);
#12426 = LINE('',#12427,#12428);
#12427 = CARTESIAN_POINT('',(0.,0.));
#12428 = VECTOR('',#12429,1.);
#12429 = DIRECTION('',(-9.100899318238E-17,-1.));
#12430 = ( GEOMETRIC_REPRESENTATION_CONTEXT(2) 
PARAMETRIC_REPRESENTATION_CONTEXT() REPRESENTATION_CONTEXT('2D SPACE',''
  ) );
#12431 = ORIENTED_EDGE('',*,*,#6073,.F.);
#12432 = ORIENTED_EDGE('',*,*,#9297,.F.);
#12433 = ORIENTED_EDGE('',*,*,#3721,.F.);
#12434 = ADVANCED_FACE('',(#12435),#3709,.T.);
#12435 = FACE_BOUND('',#12436,.T.);
#12436 = EDGE_LOOP('',(#12437,#12438,#12439,#12440));
#12437 = ORIENTED_EDGE('',*,*,#9322,.F.);
#12438 = ORIENTED_EDGE('',*,*,#6096,.F.);
#12439 = ORIENTED_EDGE('',*,*,#12411,.F.);
#12440 = ORIENTED_EDGE('',*,*,#3693,.F.);
#12441 = ADVANCED_FACE('',(#12442),#3822,.T.);
#12442 = FACE_BOUND('',#12443,.T.);
#12443 = EDGE_LOOP('',(#12444,#12465,#12466,#12467));
#12444 = ORIENTED_EDGE('',*,*,#12445,.T.);
#12445 = EDGE_CURVE('',#3779,#6000,#12446,.T.);
#12446 = SURFACE_CURVE('',#12447,(#12451,#12458),.PCURVE_S1.);
#12447 = LINE('',#12448,#12449);
#12448 = CARTESIAN_POINT('',(1.105041983016,0.786579618587,5.));
#12449 = VECTOR('',#12450,1.);
#12450 = DIRECTION('',(1.224646799147E-16,-1.110223024625E-16,-1.));
#12451 = PCURVE('',#3822,#12452);
#12452 = DEFINITIONAL_REPRESENTATION('',(#12453),#12457);
#12453 = LINE('',#12454,#12455);
#12454 = CARTESIAN_POINT('',(0.,0.));
#12455 = VECTOR('',#12456,1.);
#12456 = DIRECTION('',(-4.027454862747E-17,-1.));
#12457 = ( GEOMETRIC_REPRESENTATION_CONTEXT(2) 
PARAMETRIC_REPRESENTATION_CONTEXT() REPRESENTATION_CONTEXT('2D SPACE',''
  ) );
#12458 = PCURVE('',#3794,#12459);
#12459 = DEFINITIONAL_REPRESENTATION('',(#12460),#12464);
#12460 = LINE('',#12461,#12462);
#12461 = CARTESIAN_POINT('',(0.,0.));
#12462 = VECTOR('',#12463,1.);
#12463 = DIRECTION('',(-8.002094511734E-17,-1.));
#12464 = ( GEOMETRIC_REPRESENTATION_CONTEXT(2) 
PARAMETRIC_REPRESENTATION_CONTEXT() REPRESENTATION_CONTEXT('2D SPACE',''
  ) );
#12465 = ORIENTED_EDGE('',*,*,#5999,.F.);
#12466 = ORIENTED_EDGE('',*,*,#9250,.F.);
#12467 = ORIENTED_EDGE('',*,*,#3806,.F.);
#12468 = ADVANCED_FACE('',(#12469),#3794,.T.);
#12469 = FACE_BOUND('',#12470,.T.);
#12470 = EDGE_LOOP('',(#12471,#12472,#12473,#12474));
#12471 = ORIENTED_EDGE('',*,*,#9275,.F.);
#12472 = ORIENTED_EDGE('',*,*,#6022,.F.);
#12473 = ORIENTED_EDGE('',*,*,#12445,.F.);
#12474 = ORIENTED_EDGE('',*,*,#3778,.F.);
#12475 = ADVANCED_FACE('',(#12476),#3907,.T.);
#12476 = FACE_BOUND('',#12477,.T.);
#12477 = EDGE_LOOP('',(#12478,#12499,#12500,#12501));
#12478 = ORIENTED_EDGE('',*,*,#12479,.T.);
#12479 = EDGE_CURVE('',#3864,#5926,#12480,.T.);
#12480 = SURFACE_CURVE('',#12481,(#12485,#12492),.PCURVE_S1.);
#12481 = LINE('',#12482,#12483);
#12482 = CARTESIAN_POINT('',(0.371077662045,0.879449194882,5.));
#12483 = VECTOR('',#12484,1.);
#12484 = DIRECTION('',(1.224646799147E-16,-1.110223024625E-16,-1.));
#12485 = PCURVE('',#3907,#12486);
#12486 = DEFINITIONAL_REPRESENTATION('',(#12487),#12491);
#12487 = LINE('',#12488,#12489);
#12488 = CARTESIAN_POINT('',(0.,0.));
#12489 = VECTOR('',#12490,1.);
#12490 = DIRECTION('',(-5.445210489771E-17,-1.));
#12491 = ( GEOMETRIC_REPRESENTATION_CONTEXT(2) 
PARAMETRIC_REPRESENTATION_CONTEXT() REPRESENTATION_CONTEXT('2D SPACE',''
  ) );
#12492 = PCURVE('',#3879,#12493);
#12493 = DEFINITIONAL_REPRESENTATION('',(#12494),#12498);
#12494 = LINE('',#12495,#12496);
#12495 = CARTESIAN_POINT('',(0.,0.));
#12496 = VECTOR('',#12497,1.);
#12497 = DIRECTION('',(-6.77709189456E-17,-1.));
#12498 = ( GEOMETRIC_REPRESENTATION_CONTEXT(2) 
PARAMETRIC_REPRESENTATION_CONTEXT() REPRESENTATION_CONTEXT('2D SPACE',''
  ) );
#12499 = ORIENTED_EDGE('',*,*,#5925,.F.);
#12500 = ORIENTED_EDGE('',*,*,#9203,.F.);
#12501 = ORIENTED_EDGE('',*,*,#3891,.F.);
#12502 = ADVANCED_FACE('',(#12503),#3879,.T.);
#12503 = FACE_BOUND('',#12504,.T.);
#12504 = EDGE_LOOP('',(#12505,#12506,#12507,#12508));
#12505 = ORIENTED_EDGE('',*,*,#9228,.F.);
#12506 = ORIENTED_EDGE('',*,*,#5948,.F.);
#12507 = ORIENTED_EDGE('',*,*,#12479,.F.);
#12508 = ORIENTED_EDGE('',*,*,#3863,.F.);
#12509 = ADVANCED_FACE('',(#12510),#3992,.T.);
#12510 = FACE_BOUND('',#12511,.T.);
#12511 = EDGE_LOOP('',(#12512,#12533,#12534,#12535));
#12512 = ORIENTED_EDGE('',*,*,#12513,.T.);
#12513 = EDGE_CURVE('',#3949,#5852,#12514,.T.);
#12514 = SURFACE_CURVE('',#12515,(#12519,#12526),.PCURVE_S1.);
#12515 = LINE('',#12516,#12517);
#12516 = CARTESIAN_POINT('',(-0.368738775328,0.879596345162,5.));
#12517 = VECTOR('',#12518,1.);
#12518 = DIRECTION('',(1.224646799147E-16,-1.110223024625E-16,-1.));
#12519 = PCURVE('',#3992,#12520);
#12520 = DEFINITIONAL_REPRESENTATION('',(#12521),#12525);
#12521 = LINE('',#12522,#12523);
#12522 = CARTESIAN_POINT('',(0.,0.));
#12523 = VECTOR('',#12524,1.);
#12524 = DIRECTION('',(-6.777091894561E-17,-1.));
#12525 = ( GEOMETRIC_REPRESENTATION_CONTEXT(2) 
PARAMETRIC_REPRESENTATION_CONTEXT() REPRESENTATION_CONTEXT('2D SPACE',''
  ) );
#12526 = PCURVE('',#3964,#12527);
#12527 = DEFINITIONAL_REPRESENTATION('',(#12528),#12532);
#12528 = LINE('',#12529,#12530);
#12529 = CARTESIAN_POINT('',(0.,0.));
#12530 = VECTOR('',#12531,1.);
#12531 = DIRECTION('',(-5.445210489771E-17,-1.));
#12532 = ( GEOMETRIC_REPRESENTATION_CONTEXT(2) 
PARAMETRIC_REPRESENTATION_CONTEXT() REPRESENTATION_CONTEXT('2D SPACE',''
  ) );
#12533 = ORIENTED_EDGE('',*,*,#5851,.F.);
#12534 = ORIENTED_EDGE('',*,*,#9156,.F.);
#12535 = ORIENTED_EDGE('',*,*,#3976,.F.);
#12536 = ADVANCED_FACE('',(#12537),#3964,.T.);
#12537 = FACE_BOUND('',#12538,.T.);
#12538 = EDGE_LOOP('',(#12539,#12540,#12541,#12542));
#12539 = ORIENTED_EDGE('',*,*,#9181,.F.);
#12540 = ORIENTED_EDGE('',*,*,#5874,.F.);
#12541 = ORIENTED_EDGE('',*,*,#12513,.F.);
#12542 = ORIENTED_EDGE('',*,*,#3948,.F.);
#12543 = ADVANCED_FACE('',(#12544),#4077,.T.);
#12544 = FACE_BOUND('',#12545,.T.);
#12545 = EDGE_LOOP('',(#12546,#12567,#12568,#12569));
#12546 = ORIENTED_EDGE('',*,*,#12547,.T.);
#12547 = EDGE_CURVE('',#4034,#5778,#12548,.T.);
#12548 = SURFACE_CURVE('',#12549,(#12553,#12560),.PCURVE_S1.);
#12549 = LINE('',#12550,#12551);
#12550 = CARTESIAN_POINT('',(-1.102739981939,0.787018748778,5.));
#12551 = VECTOR('',#12552,1.);
#12552 = DIRECTION('',(1.224646799147E-16,-1.110223024625E-16,-1.));
#12553 = PCURVE('',#4077,#12554);
#12554 = DEFINITIONAL_REPRESENTATION('',(#12555),#12559);
#12555 = LINE('',#12556,#12557);
#12556 = CARTESIAN_POINT('',(0.,0.));
#12557 = VECTOR('',#12558,1.);
#12558 = DIRECTION('',(-8.002094511734E-17,-1.));
#12559 = ( GEOMETRIC_REPRESENTATION_CONTEXT(2) 
PARAMETRIC_REPRESENTATION_CONTEXT() REPRESENTATION_CONTEXT('2D SPACE',''
  ) );
#12560 = PCURVE('',#4049,#12561);
#12561 = DEFINITIONAL_REPRESENTATION('',(#12562),#12566);
#12562 = LINE('',#12563,#12564);
#12563 = CARTESIAN_POINT('',(0.,0.));
#12564 = VECTOR('',#12565,1.);
#12565 = DIRECTION('',(-4.027454862747E-17,-1.));
#12566 = ( GEOMETRIC_REPRESENTATION_CONTEXT(2) 
PARAMETRIC_REPRESENTATION_CONTEXT() REPRESENTATION_CONTEXT('2D SPACE',''
  ) );
#12567 = ORIENTED_EDGE('',*,*,#5777,.F.);
#12568 = ORIENTED_EDGE('',*,*,#9109,.F.);
#12569 = ORIENTED_EDGE('',*,*,#4061,.F.);
#12570 = ADVANCED_FACE('',(#12571),#4049,.T.);
#12571 = FACE_BOUND('',#12572,.T.);
#12572 = EDGE_LOOP('',(#12573,#12574,#12575,#12576));
#12573 = ORIENTED_EDGE('',*,*,#9134,.F.);
#12574 = ORIENTED_EDGE('',*,*,#5800,.F.);
#12575 = ORIENTED_EDGE('',*,*,#12547,.F.);
#12576 = ORIENTED_EDGE('',*,*,#4033,.F.);
#12577 = ADVANCED_FACE('',(#12578),#4162,.T.);
#12578 = FACE_BOUND('',#12579,.T.);
#12579 = EDGE_LOOP('',(#12580,#12601,#12602,#12603));
#12580 = ORIENTED_EDGE('',*,*,#12581,.T.);
#12581 = EDGE_CURVE('',#4119,#5704,#12582,.T.);
#12582 = SURFACE_CURVE('',#12583,(#12587,#12594),.PCURVE_S1.);
#12583 = LINE('',#12584,#12585);
#12584 = CARTESIAN_POINT('',(-1.819350320291,0.603176409728,5.));
#12585 = VECTOR('',#12586,1.);
#12586 = DIRECTION('',(1.224646799147E-16,-1.110223024625E-16,-1.));
#12587 = PCURVE('',#4162,#12588);
#12588 = DEFINITIONAL_REPRESENTATION('',(#12589),#12593);
#12589 = LINE('',#12590,#12591);
#12590 = CARTESIAN_POINT('',(0.,0.));
#12591 = VECTOR('',#12592,1.);
#12592 = DIRECTION('',(-9.100899318238E-17,-1.));
#12593 = ( GEOMETRIC_REPRESENTATION_CONTEXT(2) 
PARAMETRIC_REPRESENTATION_CONTEXT() REPRESENTATION_CONTEXT('2D SPACE',''
  ) );
#12594 = PCURVE('',#4134,#12595);
#12595 = DEFINITIONAL_REPRESENTATION('',(#12596),#12600);
#12596 = LINE('',#12597,#12598);
#12597 = CARTESIAN_POINT('',(0.,0.));
#12598 = VECTOR('',#12599,1.);
#12599 = DIRECTION('',(-2.546183866653E-17,-1.));
#12600 = ( GEOMETRIC_REPRESENTATION_CONTEXT(2) 
PARAMETRIC_REPRESENTATION_CONTEXT() REPRESENTATION_CONTEXT('2D SPACE',''
  ) );
#12601 = ORIENTED_EDGE('',*,*,#5703,.F.);
#12602 = ORIENTED_EDGE('',*,*,#9062,.F.);
#12603 = ORIENTED_EDGE('',*,*,#4146,.F.);
#12604 = ADVANCED_FACE('',(#12605),#4134,.T.);
#12605 = FACE_BOUND('',#12606,.T.);
#12606 = EDGE_LOOP('',(#12607,#12608,#12609,#12610));
#12607 = ORIENTED_EDGE('',*,*,#9087,.F.);
#12608 = ORIENTED_EDGE('',*,*,#5726,.F.);
#12609 = ORIENTED_EDGE('',*,*,#12581,.F.);
#12610 = ORIENTED_EDGE('',*,*,#4118,.F.);
#12611 = ADVANCED_FACE('',(#12612),#4247,.T.);
#12612 = FACE_BOUND('',#12613,.T.);
#12613 = EDGE_LOOP('',(#12614,#12635,#12636,#12637));
#12614 = ORIENTED_EDGE('',*,*,#12615,.T.);
#12615 = EDGE_CURVE('',#4204,#5630,#12616,.T.);
#12616 = SURFACE_CURVE('',#12617,(#12621,#12628),.PCURVE_S1.);
#12617 = LINE('',#12618,#12619);
#12618 = CARTESIAN_POINT('',(-2.507268417264,0.330968631521,5.));
#12619 = VECTOR('',#12620,1.);
#12620 = DIRECTION('',(1.224646799147E-16,-1.110223024625E-16,-1.));
#12621 = PCURVE('',#4247,#12622);
#12622 = DEFINITIONAL_REPRESENTATION('',(#12623),#12627);
#12623 = LINE('',#12624,#12625);
#12624 = CARTESIAN_POINT('',(0.,0.));
#12625 = VECTOR('',#12626,1.);
#12626 = DIRECTION('',(-1.005617750588E-16,-1.));
#12627 = ( GEOMETRIC_REPRESENTATION_CONTEXT(2) 
PARAMETRIC_REPRESENTATION_CONTEXT() REPRESENTATION_CONTEXT('2D SPACE',''
  ) );
#12628 = PCURVE('',#4219,#12629);
#12629 = DEFINITIONAL_REPRESENTATION('',(#12630),#12634);
#12630 = LINE('',#12631,#12632);
#12631 = CARTESIAN_POINT('',(0.,0.));
#12632 = VECTOR('',#12633,1.);
#12633 = DIRECTION('',(-1.024758029965E-17,-1.));
#12634 = ( GEOMETRIC_REPRESENTATION_CONTEXT(2) 
PARAMETRIC_REPRESENTATION_CONTEXT() REPRESENTATION_CONTEXT('2D SPACE',''
  ) );
#12635 = ORIENTED_EDGE('',*,*,#5629,.F.);
#12636 = ORIENTED_EDGE('',*,*,#9015,.F.);
#12637 = ORIENTED_EDGE('',*,*,#4231,.F.);
#12638 = ADVANCED_FACE('',(#12639),#4219,.T.);
#12639 = FACE_BOUND('',#12640,.T.);
#12640 = EDGE_LOOP('',(#12641,#12642,#12643,#12644));
#12641 = ORIENTED_EDGE('',*,*,#9040,.F.);
#12642 = ORIENTED_EDGE('',*,*,#5652,.F.);
#12643 = ORIENTED_EDGE('',*,*,#12615,.F.);
#12644 = ORIENTED_EDGE('',*,*,#4203,.F.);
#12645 = ADVANCED_FACE('',(#12646),#4332,.T.);
#12646 = FACE_BOUND('',#12647,.T.);
#12647 = EDGE_LOOP('',(#12648,#12669,#12670,#12671));
#12648 = ORIENTED_EDGE('',*,*,#12649,.T.);
#12649 = EDGE_CURVE('',#4289,#5556,#12650,.T.);
#12650 = SURFACE_CURVE('',#12651,(#12655,#12662),.PCURVE_S1.);
#12651 = LINE('',#12652,#12653);
#12652 = CARTESIAN_POINT('',(-3.155645393527,-2.531170657101E-02,5.));
#12653 = VECTOR('',#12654,1.);
#12654 = DIRECTION('',(1.224646799147E-16,-1.110223024625E-16,-1.));
#12655 = PCURVE('',#4332,#12656);
#12656 = DEFINITIONAL_REPRESENTATION('',(#12657),#12661);
#12657 = LINE('',#12658,#12659);
#12658 = CARTESIAN_POINT('',(0.,0.));
#12659 = VECTOR('',#12660,1.);
#12660 = DIRECTION('',(-1.085286376698E-16,-1.));
#12661 = ( GEOMETRIC_REPRESENTATION_CONTEXT(2) 
PARAMETRIC_REPRESENTATION_CONTEXT() REPRESENTATION_CONTEXT('2D SPACE',''
  ) );
#12662 = PCURVE('',#4304,#12663);
#12663 = DEFINITIONAL_REPRESENTATION('',(#12664),#12668);
#12664 = LINE('',#12665,#12666);
#12665 = CARTESIAN_POINT('',(0.,0.));
#12666 = VECTOR('',#12667,1.);
#12667 = DIRECTION('',(5.128288530168E-18,-1.));
#12668 = ( GEOMETRIC_REPRESENTATION_CONTEXT(2) 
PARAMETRIC_REPRESENTATION_CONTEXT() REPRESENTATION_CONTEXT('2D SPACE',''
  ) );
#12669 = ORIENTED_EDGE('',*,*,#5555,.F.);
#12670 = ORIENTED_EDGE('',*,*,#8968,.F.);
#12671 = ORIENTED_EDGE('',*,*,#4316,.F.);
#12672 = ADVANCED_FACE('',(#12673),#4304,.T.);
#12673 = FACE_BOUND('',#12674,.T.);
#12674 = EDGE_LOOP('',(#12675,#12676,#12677,#12678));
#12675 = ORIENTED_EDGE('',*,*,#8993,.F.);
#12676 = ORIENTED_EDGE('',*,*,#5578,.F.);
#12677 = ORIENTED_EDGE('',*,*,#12649,.F.);
#12678 = ORIENTED_EDGE('',*,*,#4288,.F.);
#12679 = ADVANCED_FACE('',(#12680),#4417,.T.);
#12680 = FACE_BOUND('',#12681,.T.);
#12681 = EDGE_LOOP('',(#12682,#12703,#12704,#12705));
#12682 = ORIENTED_EDGE('',*,*,#12683,.T.);
#12683 = EDGE_CURVE('',#4374,#5482,#12684,.T.);
#12684 = SURFACE_CURVE('',#12685,(#12689,#12696),.PCURVE_S1.);
#12685 = LINE('',#12686,#12687);
#12686 = CARTESIAN_POINT('',(-3.754255956844,-0.460045850785,5.));
#12687 = VECTOR('',#12688,1.);
#12688 = DIRECTION('',(1.224646799147E-16,-1.110223024625E-16,-1.));
#12689 = PCURVE('',#4417,#12690);
#12690 = DEFINITIONAL_REPRESENTATION('',(#12691),#12695);
#12691 = LINE('',#12692,#12693);
#12692 = CARTESIAN_POINT('',(0.,0.));
#12693 = VECTOR('',#12694,1.);
#12694 = DIRECTION('',(-1.14783938833E-16,-1.));
#12695 = ( GEOMETRIC_REPRESENTATION_CONTEXT(2) 
PARAMETRIC_REPRESENTATION_CONTEXT() REPRESENTATION_CONTEXT('2D SPACE',''
  ) );
#12696 = PCURVE('',#4389,#12697);
#12697 = DEFINITIONAL_REPRESENTATION('',(#12698),#12702);
#12698 = LINE('',#12699,#12700);
#12699 = CARTESIAN_POINT('',(0.,0.));
#12700 = VECTOR('',#12701,1.);
#12701 = DIRECTION('',(2.042328118637E-17,-1.));
#12702 = ( GEOMETRIC_REPRESENTATION_CONTEXT(2) 
PARAMETRIC_REPRESENTATION_CONTEXT() REPRESENTATION_CONTEXT('2D SPACE',''
  ) );
#12703 = ORIENTED_EDGE('',*,*,#5481,.F.);
#12704 = ORIENTED_EDGE('',*,*,#8921,.F.);
#12705 = ORIENTED_EDGE('',*,*,#4401,.F.);
#12706 = ADVANCED_FACE('',(#12707),#4389,.T.);
#12707 = FACE_BOUND('',#12708,.T.);
#12708 = EDGE_LOOP('',(#12709,#12710,#12711,#12712));
#12709 = ORIENTED_EDGE('',*,*,#8946,.F.);
#12710 = ORIENTED_EDGE('',*,*,#5504,.F.);
#12711 = ORIENTED_EDGE('',*,*,#12683,.F.);
#12712 = ORIENTED_EDGE('',*,*,#4373,.F.);
#12713 = ADVANCED_FACE('',(#12714),#4502,.T.);
#12714 = FACE_BOUND('',#12715,.T.);
#12715 = EDGE_LOOP('',(#12716,#12737,#12738,#12739));
#12716 = ORIENTED_EDGE('',*,*,#12717,.T.);
#12717 = EDGE_CURVE('',#4459,#5408,#12718,.T.);
#12718 = SURFACE_CURVE('',#12719,(#12723,#12730),.PCURVE_S1.);
#12719 = LINE('',#12720,#12721);
#12720 = CARTESIAN_POINT('',(-4.293659661037,-0.96637778397,5.));
#12721 = VECTOR('',#12722,1.);
#12722 = DIRECTION('',(1.224646799147E-16,-1.110223024625E-16,-1.));
#12723 = PCURVE('',#4502,#12724);
#12724 = DEFINITIONAL_REPRESENTATION('',(#12725),#12729);
#12725 = LINE('',#12726,#12727);
#12726 = CARTESIAN_POINT('',(0.,0.));
#12727 = VECTOR('',#12728,1.);
#12728 = DIRECTION('',(-1.192290287121E-16,-1.));
#12729 = ( GEOMETRIC_REPRESENTATION_CONTEXT(2) 
PARAMETRIC_REPRESENTATION_CONTEXT() REPRESENTATION_CONTEXT('2D SPACE',''
  ) );
#12730 = PCURVE('',#4474,#12731);
#12731 = DEFINITIONAL_REPRESENTATION('',(#12732),#12736);
#12732 = LINE('',#12733,#12734);
#12733 = CARTESIAN_POINT('',(0.,0.));
#12734 = VECTOR('',#12735,1.);
#12735 = DIRECTION('',(3.539618649799E-17,-1.));
#12736 = ( GEOMETRIC_REPRESENTATION_CONTEXT(2) 
PARAMETRIC_REPRESENTATION_CONTEXT() REPRESENTATION_CONTEXT('2D SPACE',''
  ) );
#12737 = ORIENTED_EDGE('',*,*,#5407,.F.);
#12738 = ORIENTED_EDGE('',*,*,#8874,.F.);
#12739 = ORIENTED_EDGE('',*,*,#4486,.F.);
#12740 = ADVANCED_FACE('',(#12741),#4474,.T.);
#12741 = FACE_BOUND('',#12742,.T.);
#12742 = EDGE_LOOP('',(#12743,#12744,#12745,#12746));
#12743 = ORIENTED_EDGE('',*,*,#8899,.F.);
#12744 = ORIENTED_EDGE('',*,*,#5430,.F.);
#12745 = ORIENTED_EDGE('',*,*,#12717,.F.);
#12746 = ORIENTED_EDGE('',*,*,#4458,.F.);
#12747 = ADVANCED_FACE('',(#12748),#4587,.T.);
#12748 = FACE_BOUND('',#12749,.T.);
#12749 = EDGE_LOOP('',(#12750,#12771,#12772,#12773));
#12750 = ORIENTED_EDGE('',*,*,#12751,.T.);
#12751 = EDGE_CURVE('',#4544,#5334,#12752,.T.);
#12752 = SURFACE_CURVE('',#12753,(#12757,#12764),.PCURVE_S1.);
#12753 = LINE('',#12754,#12755);
#12754 = CARTESIAN_POINT('',(-4.765349787468,-1.53632234907,5.));
#12755 = VECTOR('',#12756,1.);
#12756 = DIRECTION('',(1.224646799147E-16,-1.110223024625E-16,-1.));
#12757 = PCURVE('',#4587,#12758);
#12758 = DEFINITIONAL_REPRESENTATION('',(#12759),#12763);
#12759 = LINE('',#12760,#12761);
#12760 = CARTESIAN_POINT('',(0.,0.));
#12761 = VECTOR('',#12762,1.);
#12762 = DIRECTION('',(-1.217938055845E-16,-1.));
#12763 = ( GEOMETRIC_REPRESENTATION_CONTEXT(2) 
PARAMETRIC_REPRESENTATION_CONTEXT() REPRESENTATION_CONTEXT('2D SPACE',''
  ) );
#12764 = PCURVE('',#4559,#12765);
#12765 = DEFINITIONAL_REPRESENTATION('',(#12766),#12770);
#12766 = LINE('',#12767,#12768);
#12767 = CARTESIAN_POINT('',(0.,0.));
#12768 = VECTOR('',#12769,1.);
#12769 = DIRECTION('',(4.981087280387E-17,-1.));
#12770 = ( GEOMETRIC_REPRESENTATION_CONTEXT(2) 
PARAMETRIC_REPRESENTATION_CONTEXT() REPRESENTATION_CONTEXT('2D SPACE',''
  ) );
#12771 = ORIENTED_EDGE('',*,*,#5333,.F.);
#12772 = ORIENTED_EDGE('',*,*,#8827,.F.);
#12773 = ORIENTED_EDGE('',*,*,#4571,.F.);
#12774 = ADVANCED_FACE('',(#12775),#4559,.T.);
#12775 = FACE_BOUND('',#12776,.T.);
#12776 = EDGE_LOOP('',(#12777,#12778,#12779,#12780));
#12777 = ORIENTED_EDGE('',*,*,#8852,.F.);
#12778 = ORIENTED_EDGE('',*,*,#5356,.F.);
#12779 = ORIENTED_EDGE('',*,*,#12751,.F.);
#12780 = ORIENTED_EDGE('',*,*,#4543,.F.);
#12781 = ADVANCED_FACE('',(#12782),#4672,.T.);
#12782 = FACE_BOUND('',#12783,.T.);
#12783 = EDGE_LOOP('',(#12784,#12805,#12806,#12807));
#12784 = ORIENTED_EDGE('',*,*,#12785,.T.);
#12785 = EDGE_CURVE('',#4629,#5260,#12786,.T.);
#12786 = SURFACE_CURVE('',#12787,(#12791,#12798),.PCURVE_S1.);
#12787 = LINE('',#12788,#12789);
#12788 = CARTESIAN_POINT('',(-5.161887501068,-2.160891179826,5.));
#12789 = VECTOR('',#12790,1.);
#12790 = DIRECTION('',(1.224646799147E-16,-1.110223024625E-16,-1.));
#12791 = PCURVE('',#4672,#12792);
#12792 = DEFINITIONAL_REPRESENTATION('',(#12793),#12797);
#12793 = LINE('',#12794,#12795);
#12794 = CARTESIAN_POINT('',(0.,0.));
#12795 = VECTOR('',#12796,1.);
#12796 = DIRECTION('',(-1.224378213867E-16,-1.));
#12797 = ( GEOMETRIC_REPRESENTATION_CONTEXT(2) 
PARAMETRIC_REPRESENTATION_CONTEXT() REPRESENTATION_CONTEXT('2D SPACE',''
  ) );
#12798 = PCURVE('',#4644,#12799);
#12799 = DEFINITIONAL_REPRESENTATION('',(#12800),#12804);
#12800 = LINE('',#12801,#12802);
#12801 = CARTESIAN_POINT('',(0.,0.));
#12802 = VECTOR('',#12803,1.);
#12803 = DIRECTION('',(6.344001189007E-17,-1.));
#12804 = ( GEOMETRIC_REPRESENTATION_CONTEXT(2) 
PARAMETRIC_REPRESENTATION_CONTEXT() REPRESENTATION_CONTEXT('2D SPACE',''
  ) );
#12805 = ORIENTED_EDGE('',*,*,#5259,.F.);
#12806 = ORIENTED_EDGE('',*,*,#8780,.F.);
#12807 = ORIENTED_EDGE('',*,*,#4656,.F.);
#12808 = ADVANCED_FACE('',(#12809),#4644,.T.);
#12809 = FACE_BOUND('',#12810,.T.);
#12810 = EDGE_LOOP('',(#12811,#12812,#12813,#12814));
#12811 = ORIENTED_EDGE('',*,*,#8805,.F.);
#12812 = ORIENTED_EDGE('',*,*,#5282,.F.);
#12813 = ORIENTED_EDGE('',*,*,#12785,.F.);
#12814 = ORIENTED_EDGE('',*,*,#4628,.F.);
#12815 = ADVANCED_FACE('',(#12816),#4757,.T.);
#12816 = FACE_BOUND('',#12817,.T.);
#12817 = EDGE_LOOP('',(#12818,#12839,#12840,#12841));
#12818 = ORIENTED_EDGE('',*,*,#12819,.T.);
#12819 = EDGE_CURVE('',#4714,#5186,#12820,.T.);
#12820 = SURFACE_CURVE('',#12821,(#12825,#12832),.PCURVE_S1.);
#12821 = LINE('',#12822,#12823);
#12822 = CARTESIAN_POINT('',(-5.477019165214,-2.830234452678,5.));
#12823 = VECTOR('',#12824,1.);
#12824 = DIRECTION('',(1.224646799147E-16,-1.110223024625E-16,-1.));
#12825 = PCURVE('',#4757,#12826);
#12826 = DEFINITIONAL_REPRESENTATION('',(#12827),#12831);
#12827 = LINE('',#12828,#12829);
#12828 = CARTESIAN_POINT('',(0.,0.));
#12829 = VECTOR('',#12830,1.);
#12830 = DIRECTION('',(-1.211509196048E-16,-1.));
#12831 = ( GEOMETRIC_REPRESENTATION_CONTEXT(2) 
PARAMETRIC_REPRESENTATION_CONTEXT() REPRESENTATION_CONTEXT('2D SPACE',''
  ) );
#12832 = PCURVE('',#4729,#12833);
#12833 = DEFINITIONAL_REPRESENTATION('',(#12834),#12838);
#12834 = LINE('',#12835,#12836);
#12835 = CARTESIAN_POINT('',(0.,0.));
#12836 = VECTOR('',#12837,1.);
#12837 = DIRECTION('',(7.606866409153E-17,-1.));
#12838 = ( GEOMETRIC_REPRESENTATION_CONTEXT(2) 
PARAMETRIC_REPRESENTATION_CONTEXT() REPRESENTATION_CONTEXT('2D SPACE',''
  ) );
#12839 = ORIENTED_EDGE('',*,*,#5185,.F.);
#12840 = ORIENTED_EDGE('',*,*,#8733,.F.);
#12841 = ORIENTED_EDGE('',*,*,#4741,.F.);
#12842 = ADVANCED_FACE('',(#12843),#4729,.T.);
#12843 = FACE_BOUND('',#12844,.T.);
#12844 = EDGE_LOOP('',(#12845,#12846,#12847,#12848));
#12845 = ORIENTED_EDGE('',*,*,#8758,.F.);
#12846 = ORIENTED_EDGE('',*,*,#5208,.F.);
#12847 = ORIENTED_EDGE('',*,*,#12819,.F.);
#12848 = ORIENTED_EDGE('',*,*,#4713,.F.);
#12849 = ADVANCED_FACE('',(#12850),#4842,.T.);
#12850 = FACE_BOUND('',#12851,.T.);
#12851 = EDGE_LOOP('',(#12852,#12873,#12874,#12875));
#12852 = ORIENTED_EDGE('',*,*,#12853,.T.);
#12853 = EDGE_CURVE('',#4799,#5112,#12854,.T.);
#12854 = SURFACE_CURVE('',#12855,(#12859,#12866),.PCURVE_S1.);
#12855 = LINE('',#12856,#12857);
#12856 = CARTESIAN_POINT('',(-5.705774965313,-3.533796224366,5.));
#12857 = VECTOR('',#12858,1.);
#12858 = DIRECTION('',(1.224646799147E-16,-1.110223024625E-16,-1.));
#12859 = PCURVE('',#4842,#12860);
#12860 = DEFINITIONAL_REPRESENTATION('',(#12861),#12865);
#12861 = LINE('',#12862,#12863);
#12862 = CARTESIAN_POINT('',(0.,0.));
#12863 = VECTOR('',#12864,1.);
#12864 = DIRECTION('',(-1.179533954487E-16,-1.));
#12865 = ( GEOMETRIC_REPRESENTATION_CONTEXT(2) 
PARAMETRIC_REPRESENTATION_CONTEXT() REPRESENTATION_CONTEXT('2D SPACE',''
  ) );
#12866 = PCURVE('',#4814,#12867);
#12867 = DEFINITIONAL_REPRESENTATION('',(#12868),#12872);
#12868 = LINE('',#12869,#12870);
#12869 = CARTESIAN_POINT('',(0.,0.));
#12870 = VECTOR('',#12871,1.);
#12871 = DIRECTION('',(8.749766801906E-17,-1.));
#12872 = ( GEOMETRIC_REPRESENTATION_CONTEXT(2) 
PARAMETRIC_REPRESENTATION_CONTEXT() REPRESENTATION_CONTEXT('2D SPACE',''
  ) );
#12873 = ORIENTED_EDGE('',*,*,#5111,.F.);
#12874 = ORIENTED_EDGE('',*,*,#5012,.F.);
#12875 = ORIENTED_EDGE('',*,*,#4826,.F.);
#12876 = ADVANCED_FACE('',(#12877),#4814,.T.);
#12877 = FACE_BOUND('',#12878,.T.);
#12878 = EDGE_LOOP('',(#12879,#12880,#12881,#12882));
#12879 = ORIENTED_EDGE('',*,*,#8711,.F.);
#12880 = ORIENTED_EDGE('',*,*,#5134,.F.);
#12881 = ORIENTED_EDGE('',*,*,#12853,.F.);
#12882 = ORIENTED_EDGE('',*,*,#4798,.F.);
#12883 = ADVANCED_FACE('',(#12884),#677,.T.);
#12884 = FACE_BOUND('',#12885,.T.);
#12885 = EDGE_LOOP('',(#12886,#12907,#12908,#12909));
#12886 = ORIENTED_EDGE('',*,*,#12887,.T.);
#12887 = EDGE_CURVE('',#634,#5067,#12888,.T.);
#12888 = SURFACE_CURVE('',#12889,(#12893,#12900),.PCURVE_S1.);
#12889 = LINE('',#12890,#12891);
#12890 = CARTESIAN_POINT('',(-5.844547285743,-4.260480905464,5.));
#12891 = VECTOR('',#12892,1.);
#12892 = DIRECTION('',(1.224646799147E-16,-1.110223024625E-16,-1.));
#12893 = PCURVE('',#677,#12894);
#12894 = DEFINITIONAL_REPRESENTATION('',(#12895),#12899);
#12895 = LINE('',#12896,#12897);
#12896 = CARTESIAN_POINT('',(0.,0.));
#12897 = VECTOR('',#12898,1.);
#12898 = DIRECTION('',(-1.128956757845E-16,-1.));
#12899 = ( GEOMETRIC_REPRESENTATION_CONTEXT(2) 
PARAMETRIC_REPRESENTATION_CONTEXT() REPRESENTATION_CONTEXT('2D SPACE',''
  ) );
#12900 = PCURVE('',#649,#12901);
#12901 = DEFINITIONAL_REPRESENTATION('',(#12902),#12906);
#12902 = LINE('',#12903,#12904);
#12903 = CARTESIAN_POINT('',(0.,0.));
#12904 = VECTOR('',#12905,1.);
#12905 = DIRECTION('',(9.754678145334E-17,-1.));
#12906 = ( GEOMETRIC_REPRESENTATION_CONTEXT(2) 
PARAMETRIC_REPRESENTATION_CONTEXT() REPRESENTATION_CONTEXT('2D SPACE',''
  ) );
#12907 = ORIENTED_EDGE('',*,*,#5066,.F.);
#12908 = ORIENTED_EDGE('',*,*,#4885,.F.);
#12909 = ORIENTED_EDGE('',*,*,#661,.F.);
#12910 = ADVANCED_FACE('',(#12911),#649,.T.);
#12911 = FACE_BOUND('',#12912,.T.);
#12912 = EDGE_LOOP('',(#12913,#12914,#12915,#12916));
#12913 = ORIENTED_EDGE('',*,*,#4990,.F.);
#12914 = ORIENTED_EDGE('',*,*,#5089,.F.);
#12915 = ORIENTED_EDGE('',*,*,#12887,.F.);
#12916 = ORIENTED_EDGE('',*,*,#631,.F.);
#12917 = ( GEOMETRIC_REPRESENTATION_CONTEXT(3) 
GLOBAL_UNCERTAINTY_ASSIGNED_CONTEXT((#12921)) 
GLOBAL_UNIT_ASSIGNED_CONTEXT((#12918,#12919,#12920)) 
REPRESENTATION_CONTEXT('Context #1',
  '3D Context with UNIT and UNCERTAINTY') );
#12918 = ( LENGTH_UNIT() NAMED_UNIT(*) SI_UNIT(.MILLI.,.METRE.) );
#12919 = ( NAMED_UNIT(*) PLANE_ANGLE_UNIT() SI_UNIT($,.RADIAN.) );
#12920 = ( NAMED_UNIT(*) SI_UNIT($,.STERADIAN.) SOLID_ANGLE_UNIT() );
#12921 = UNCERTAINTY_MEASURE_WITH_UNIT(LENGTH_MEASURE(1.E-07),#12918,
  'distance_accuracy_value','confusion accuracy');
#12922 = PRODUCT_RELATED_PRODUCT_CATEGORY('part',$,(#7));
ENDSEC;
END-ISO-10303-21;
